#
# There is insufficient memory for the Java Runtime Environment to continue.
# Native memory allocation (malloc) failed to allocate 252048 bytes. Error detail: Chunk::new
# Possible reasons:
#   The system is out of physical RAM or swap space
#   This process is running with CompressedOops enabled, and the Java Heap may be blocking the growth of the native heap
# Possible solutions:
#   Reduce memory load on the system
#   Increase physical memory or swap space
#   Check if swap backing store is full
#   Decrease Java heap size (-Xmx/-Xms)
#   Decrease number of Java threads
#   Decrease Java thread stack sizes (-Xss)
#   Set larger code cache with -XX:ReservedCodeCacheSize=
#   JVM is running with Zero Based Compressed Oops mode in which the Java heap is
#     placed in the first 32GB address space. The Java Heap base address is the
#     maximum limit for the native heap growth. Please use -XX:HeapBaseMinAddress
#     to set the Java Heap base and to place the Java Heap above 32GB virtual address.
# This output file may be truncated or incomplete.
#
#  Out of Memory Error (arena.cpp:168), pid=20672, tid=16500
#
# JRE version: OpenJDK Runtime Environment (21.0.10) (build 21.0.10+-14961533-b1163.108)
# Java VM: OpenJDK 64-Bit Server VM (21.0.10+-14961533-b1163.108, mixed mode, tiered, compressed oops, compressed class ptrs, g1 gc, windows-amd64)
# No core dump will be written. Minidumps are not enabled by default on client versions of Windows
#

---------------  S U M M A R Y ------------

Command Line: --add-opens=java.base/java.lang=ALL-UNNAMED --add-opens=java.base/java.lang.invoke=ALL-UNNAMED --add-opens=java.base/java.util=ALL-UNNAMED --add-opens=java.prefs/java.util.prefs=ALL-UNNAMED --add-exports=jdk.compiler/com.sun.tools.javac.api=ALL-UNNAMED --add-exports=jdk.compiler/com.sun.tools.javac.util=ALL-UNNAMED --add-opens=java.base/java.util=ALL-UNNAMED --add-opens=java.prefs/java.util.prefs=ALL-UNNAMED --add-opens=java.base/java.nio.charset=ALL-UNNAMED --add-opens=java.base/java.net=ALL-UNNAMED --add-opens=java.base/java.util.concurrent=ALL-UNNAMED --add-opens=java.base/java.util.concurrent.atomic=ALL-UNNAMED --add-opens=java.xml/javax.xml.namespace=ALL-UNNAMED --add-opens=java.base/java.time=ALL-UNNAMED -Xmx4096M -Dfile.encoding=UTF-8 -Duser.country=US -Duser.language=en -Duser.variant -javaagent:C:\Users\ssahu\.gradle\wrapper\dists\gradle-9.1.0-bin\9agqghryom9wkf8r80qlhnts3\gradle-9.1.0\lib\agents\gradle-instrumentation-agent-9.1.0.jar org.gradle.launcher.daemon.bootstrap.GradleDaemon 9.1.0

Host: AMD Ryzen 7 5700U with Radeon Graphics         , 16 cores, 15G,  Windows 11 , 64 bit Build 26100 (10.0.26100.8328)
Time: Tue May  5 17:17:15 2026 India Standard Time elapsed time: 23.856943 seconds (0d 0h 0m 23s)

---------------  T H R E A D  ---------------

Current thread (0x000001b17259eef0):  JavaThread "C2 CompilerThread0" daemon [_thread_in_native, id=16500, stack(0x000000042b100000,0x000000042b200000) (1024K)]


Current CompileTask:
C2:23857 21076       4       com.android.tools.r8.ir.optimize.f0::a (114 bytes)

Stack: [0x000000042b100000,0x000000042b200000]
Native frames: (J=compiled Java code, j=interpreted, Vv=VM code, C=native code)
V  [jvm.dll+0x6d78a9]
V  [jvm.dll+0x8665b3]
V  [jvm.dll+0x868bde]
V  [jvm.dll+0x8692c3]
V  [jvm.dll+0x280ee6]
V  [jvm.dll+0xc07cd]
V  [jvm.dll+0xc0d03]
V  [jvm.dll+0x3ba0cb]
V  [jvm.dll+0x1dfe64]
V  [jvm.dll+0x249d24]
V  [jvm.dll+0x2491a1]
V  [jvm.dll+0x1c76e4]
V  [jvm.dll+0x25891e]
V  [jvm.dll+0x256e66]
V  [jvm.dll+0x3f513e]
V  [jvm.dll+0x80fd28]
V  [jvm.dll+0x6d60fd]
C  [ucrtbase.dll+0x37b0]
C  [KERNEL32.DLL+0x2e957]
C  [ntdll.dll+0x427c]


---------------  P R O C E S S  ---------------

Threads class SMR info:
_java_thread_list=0x000001b17abef240, length=219, elements={
0x000001b1578cc910, 0x000001b172560af0, 0x000001b172571aa0, 0x000001b172572500,
0x000001b1725acfb0, 0x000001b1725946d0, 0x000001b1725958b0, 0x000001b17259e880,
0x000001b17259eef0, 0x000001b1725a0500, 0x000001b172746990, 0x000001b17275bfd0,
0x000001b1770c9ee0, 0x000001b1770c8bb0, 0x000001b1780295b0, 0x000001b1789c3080,
0x000001b17761cf30, 0x000001b178c02150, 0x000001b1795c4880, 0x000001b1799212b0,
0x000001b179a8f9e0, 0x000001b179a8ecc0, 0x000001b179a8dfa0, 0x000001b179a8d910,
0x000001b179a8d280, 0x000001b179a8f350, 0x000001b179a90070, 0x000001b179a90700,
0x000001b179b63020, 0x000001b17b40f980, 0x000001b17a2329c0, 0x000001b17a231ca0,
0x000001b17a22fbd0, 0x000001b17a2336e0, 0x000001b17a2308f0, 0x000001b17a2371f0,
0x000001b17a236b60, 0x000001b17a235120, 0x000001b179b82700, 0x000001b179b82070,
0x000001b179b86210, 0x000001b179b83ab0, 0x000001b179b85b80, 0x000001b17b013420,
0x000001b179b868a0, 0x000001b179b84e60, 0x000001b179b83420, 0x000001b179b89000,
0x000001b179b86f30, 0x000001b179b89690, 0x000001b179b875c0, 0x000001b179b87c50,
0x000001b179b882e0, 0x000001b17a235e40, 0x000001b17a2357b0, 0x000001b17a2364d0,
0x000001b1789cc400, 0x000001b1789cca90, 0x000001b1789cde40, 0x000001b1789cd120,
0x000001b1789cd7b0, 0x000001b1789d0c30, 0x000001b1789d05a0, 0x000001b1789ceb60,
0x000001b1789d12c0, 0x000001b1789cff10, 0x000001b1789cf1f0, 0x000001b1789d2670,
0x000001b1789d1fe0, 0x000001b1789d1950, 0x000001b1789cf880, 0x000001b1789d2d00,
0x000001b1789d3390, 0x000001b17eead530, 0x000001b17eeac810, 0x000001b17eeac180,
0x000001b17eeae8e0, 0x000001b17eeae250, 0x000001b17eeaef70, 0x000001b17eeabaf0,
0x000001b17eeaf600, 0x000001b17eeacea0, 0x000001b17eeb1040, 0x000001b17eeadbc0,
0x000001b17eeb3110, 0x000001b17eeb16d0, 0x000001b17eeb09b0, 0x000001b17eeb1d60,
0x000001b17eeb23f0, 0x000001b17eeb2a80, 0x000001b17eeafc90, 0x000001b17f059e50,
0x000001b17f05a4e0, 0x000001b17f05b890, 0x000001b17f05bf20, 0x000001b17f058aa0,
0x000001b17f05dff0, 0x000001b17f05c5b0, 0x000001b17f05cc40, 0x000001b17f05d2d0,
0x000001b17f05e680, 0x000001b17f05f3a0, 0x000001b17f05d960, 0x000001b17f05ed10,
0x000001b17d82bbf0, 0x000001b17d82dcc0, 0x000001b17d82e9e0, 0x000001b17d82d630,
0x000001b17d82e350, 0x000001b17d82b560, 0x000001b17d82c280, 0x000001b17d82c910,
0x000001b17d82cfa0, 0x000001b100fa4fc0, 0x000001b100fa6370, 0x000001b100fa5650,
0x000001b100fa5ce0, 0x000001b100fa2ef0, 0x000001b100fa42a0, 0x000001b100fa6a00,
0x000001b100fa3580, 0x000001b100fa3c10, 0x000001b100fa7720, 0x000001b100fa7db0,
0x000001b100fa4930, 0x000001b100fa9e80, 0x000001b100fa8440, 0x000001b100fa8ad0,
0x000001b100faa510, 0x000001b100fa9160, 0x000001b100fa97f0, 0x000001b17ee60200,
0x000001b17ee5e130, 0x000001b17ee5e7c0, 0x000001b17ee5ee50, 0x000001b17ee5f4e0,
0x000001b17ee5fb70, 0x000001b17ee5d410, 0x000001b17ee5cd80, 0x000001b17ee622d0,
0x000001b17ee615b0, 0x000001b17ee62960, 0x000001b17ee643a0, 0x000001b17ee61c40,
0x000001b17ee62ff0, 0x000001b17ee63680, 0x000001b17ee63d10, 0x000001b17ee60f20,
0x000001b17f058410, 0x000001b17f059130, 0x000001b17f0597c0, 0x000001b17f057d80,
0x000001b17f05ab70, 0x000001b179b854f0, 0x000001b1789d3a20, 0x000001b17bb564a0,
0x000001b17bb56b30, 0x000001b17bb57ee0, 0x000001b17bb58570, 0x000001b17bb571c0,
0x000001b17bb57850, 0x000001b17bb55780, 0x000001b17bb58c00, 0x000001b17bb55e10,
0x000001b17ef823c0, 0x000001b17ef84490, 0x000001b17ef816a0, 0x000001b17ef83770,
0x000001b17ef830e0, 0x000001b17ef83e00, 0x000001b17ef84b20, 0x000001b17ef851b0,
0x000001b17ef81d30, 0x000001b17ef85840, 0x000001b17ef82a50, 0x000001b17ef899e0,
0x000001b17ef86560, 0x000001b17ef88cc0, 0x000001b17ef88630, 0x000001b17ef8a070,
0x000001b17ef87910, 0x000001b17ef87fa0, 0x000001b17ef89350, 0x000001b17ef86bf0,
0x000001b17ef8a700, 0x000001b17ef87280, 0x000001b17ef8c140, 0x000001b17ef8c7d0,
0x000001b17ef8ce60, 0x000001b17ef8d4f0, 0x000001b17ef8bab0, 0x000001b17ef8db80,
0x000001b17ef8ad90, 0x000001b17ef8e8a0, 0x000001b17ef8e210, 0x000001b17ef8b420,
0x000001b17ef8ef30, 0x000001b17ef8f5c0, 0x000001b17ef8fc50, 0x000001b17ef902e0,
0x000001b17bb53d40, 0x000001b17bb54a60, 0x000001b17bb515e0, 0x000001b17bb550f0,
0x000001b17bb53020, 0x000001b17bb543d0, 0x000001b17bb52300, 0x000001b17bb51c70,
0x000001b17f05b200, 0x000001b100fa7090, 0x000001b17e27c1e0, 0x000001b17e27cf00,
0x000001b17e27b4c0, 0x000001b17e27ae30, 0x000001b17e27c870, 0x000001b17e27a110,
0x000001b17bd0a210, 0x000001b17bd0afb0, 0x000001b17bd0d1c0
}

Java Threads: ( => current thread )
  0x000001b1578cc910 JavaThread "main"                              [_thread_blocked, id=1284, stack(0x000000042a200000,0x000000042a300000) (1024K)]
  0x000001b172560af0 JavaThread "Common-Cleaner"             daemon [_thread_blocked, id=8068, stack(0x000000042aa00000,0x000000042ab00000) (1024K)]
  0x000001b172571aa0 JavaThread "Reference Handler"          daemon [_thread_blocked, id=7352, stack(0x000000042ab00000,0x000000042ac00000) (1024K)]
  0x000001b172572500 JavaThread "Finalizer"                  daemon [_thread_blocked, id=1952, stack(0x000000042ac00000,0x000000042ad00000) (1024K)]
  0x000001b1725acfb0 JavaThread "Signal Dispatcher"          daemon [_thread_blocked, id=15668, stack(0x000000042ad00000,0x000000042ae00000) (1024K)]
  0x000001b1725946d0 JavaThread "Attach Listener"            daemon [_thread_blocked, id=19420, stack(0x000000042ae00000,0x000000042af00000) (1024K)]
  0x000001b1725958b0 JavaThread "Service Thread"             daemon [_thread_blocked, id=22340, stack(0x000000042af00000,0x000000042b000000) (1024K)]
  0x000001b17259e880 JavaThread "Monitor Deflation Thread"   daemon [_thread_blocked, id=7844, stack(0x000000042b000000,0x000000042b100000) (1024K)]
=>0x000001b17259eef0 JavaThread "C2 CompilerThread0"         daemon [_thread_in_native, id=16500, stack(0x000000042b100000,0x000000042b200000) (1024K)]
  0x000001b1725a0500 JavaThread "C1 CompilerThread0"         daemon [_thread_blocked, id=19904, stack(0x000000042b200000,0x000000042b300000) (1024K)]
  0x000001b172746990 JavaThread "C1 CompilerThread1"         daemon [_thread_blocked, id=19568, stack(0x000000042b300000,0x000000042b400000) (1024K)]
  0x000001b17275bfd0 JavaThread "C1 CompilerThread2"         daemon [_thread_blocked, id=20140, stack(0x000000042b400000,0x000000042b500000) (1024K)]
  0x000001b1770c9ee0 JavaThread "Notification Thread"        daemon [_thread_blocked, id=13300, stack(0x000000042b500000,0x000000042b600000) (1024K)]
  0x000001b1770c8bb0 JavaThread "C2 CompilerThread1"         daemon [_thread_in_native, id=19812, stack(0x000000042b600000,0x000000042b700000) (1024K)]
  0x000001b1780295b0 JavaThread "C1 CompilerThread3"         daemon [_thread_blocked, id=17644, stack(0x000000042bd00000,0x000000042be00000) (1024K)]
  0x000001b1789c3080 JavaThread "Daemon health stats"               [_thread_blocked, id=3104, stack(0x000000042be00000,0x000000042bf00000) (1024K)]
  0x000001b17761cf30 JavaThread "Incoming local TCP Connector on port 62611"        [_thread_in_native, id=19380, stack(0x000000042bf00000,0x000000042c000000) (1024K)]
  0x000001b178c02150 JavaThread "Daemon periodic checks"            [_thread_blocked, id=9916, stack(0x000000042c000000,0x000000042c100000) (1024K)]
  0x000001b1795c4880 JavaThread "Daemon"                            [_thread_blocked, id=19868, stack(0x000000042c100000,0x000000042c200000) (1024K)]
  0x000001b1799212b0 JavaThread "Handler for socket connection from /127.0.0.1:62611 to /127.0.0.1:62612"        [_thread_in_native, id=11732, stack(0x000000042c200000,0x000000042c300000) (1024K)]
  0x000001b179a8f9e0 JavaThread "Cancel handler"                    [_thread_blocked, id=20332, stack(0x000000042c300000,0x000000042c400000) (1024K)]
  0x000001b179a8ecc0 JavaThread "Daemon worker"                     [_thread_blocked, id=944, stack(0x000000042c400000,0x000000042c500000) (1024K)]
  0x000001b179a8dfa0 JavaThread "Asynchronous log dispatcher for DefaultDaemonConnection: socket connection from /127.0.0.1:62611 to /127.0.0.1:62612"        [_thread_blocked, id=1180, stack(0x000000042c500000,0x000000042c600000) (1024K)]
  0x000001b179a8d910 JavaThread "Stdin handler"                     [_thread_blocked, id=17544, stack(0x000000042c600000,0x000000042c700000) (1024K)]
  0x000001b179a8d280 JavaThread "Daemon client event forwarder"        [_thread_blocked, id=17864, stack(0x000000042c700000,0x000000042c800000) (1024K)]
  0x000001b179a8f350 JavaThread "Cache worker for journal cache (D:\Kotlin And Android Dev\Android Studio\.gradle\caches\journal-1)"        [_thread_blocked, id=19052, stack(0x000000042bc00000,0x000000042bd00000) (1024K)]
  0x000001b179a90070 JavaThread "File lock request listener"        [_thread_in_native, id=2448, stack(0x000000042b700000,0x000000042b800000) (1024K)]
  0x000001b179a90700 JavaThread "Cache worker for file hash cache (D:\Kotlin And Android Dev\Android Studio\.gradle\caches\9.1.0\fileHashes)"        [_thread_blocked, id=14700, stack(0x000000042d200000,0x000000042d300000) (1024K)]
  0x000001b179b63020 JavaThread "C2 CompilerThread2"         daemon [_thread_in_native, id=3584, stack(0x000000042d300000,0x000000042d400000) (1024K)]
  0x000001b17b40f980 JavaThread "C2 CompilerThread3"         daemon [_thread_in_native, id=20380, stack(0x000000042d400000,0x000000042d500000) (1024K)]
  0x000001b17a2329c0 JavaThread "Cache worker for file hash cache (D:\Kotlin And Android Dev\Multi Platform Projects\Travenor\.gradle\9.1.0\fileHashes)"        [_thread_blocked, id=8728, stack(0x000000042d500000,0x000000042d600000) (1024K)]
  0x000001b17a231ca0 JavaThread "Cache worker for checksums cache (D:\Kotlin And Android Dev\Multi Platform Projects\Travenor\.gradle\9.1.0\checksums)"        [_thread_blocked, id=11648, stack(0x000000042d600000,0x000000042d700000) (1024K)]
  0x000001b17a22fbd0 JavaThread "Cache worker for Build Output Cleanup Cache (D:\Kotlin And Android Dev\Multi Platform Projects\Travenor\.gradle\buildOutputCleanup)"        [_thread_blocked, id=1776, stack(0x000000042d700000,0x000000042d800000) (1024K)]
  0x000001b17a2336e0 JavaThread "Cache worker for file content cache (D:\Kotlin And Android Dev\Android Studio\.gradle\caches\9.1.0\fileContent)"        [_thread_blocked, id=20160, stack(0x000000042da00000,0x000000042db00000) (1024K)]
  0x000001b17a2308f0 JavaThread "File watcher server"        daemon [_thread_in_native, id=9356, stack(0x000000042d900000,0x000000042da00000) (1024K)]
  0x000001b17a2371f0 JavaThread "File watcher consumer"      daemon [_thread_blocked, id=18244, stack(0x000000042db00000,0x000000042dc00000) (1024K)]
  0x000001b17a236b60 JavaThread "Cache worker for cache directory md-supplier (D:\Kotlin And Android Dev\Android Studio\.gradle\caches\9.1.0\md-supplier)"        [_thread_blocked, id=15140, stack(0x000000042d800000,0x000000042d900000) (1024K)]
  0x000001b17a235120 JavaThread "Cache worker for cache directory md-rule (D:\Kotlin And Android Dev\Android Studio\.gradle\caches\9.1.0\md-rule)"        [_thread_blocked, id=21412, stack(0x000000042dc00000,0x000000042dd00000) (1024K)]
  0x000001b179b82700 JavaThread "build event listener"              [_thread_blocked, id=8228, stack(0x000000042de00000,0x000000042df00000) (1024K)]
  0x000001b179b82070 JavaThread "build event listener"              [_thread_blocked, id=9320, stack(0x000000042df00000,0x000000042e000000) (1024K)]
  0x000001b179b86210 JavaThread "build event listener"              [_thread_blocked, id=3324, stack(0x000000042e000000,0x000000042e100000) (1024K)]
  0x000001b179b83ab0 JavaThread "Build operations"                  [_thread_blocked, id=19080, stack(0x000000042e100000,0x000000042e200000) (1024K)]
  0x000001b179b85b80 JavaThread "Memory manager"                    [_thread_blocked, id=12308, stack(0x000000042dd00000,0x000000042de00000) (1024K)]
  0x000001b17b013420 JavaThread "C2 CompilerThread4"         daemon [_thread_in_native, id=16112, stack(0x000000042e200000,0x000000042e300000) (1024K)]
  0x000001b179b868a0 JavaThread "included builds"                   [_thread_blocked, id=11756, stack(0x000000042e300000,0x000000042e400000) (1024K)]
  0x000001b179b84e60 JavaThread "Execution worker"                  [_thread_blocked, id=19024, stack(0x000000042e400000,0x000000042e500000) (1024K)]
  0x000001b179b83420 JavaThread "Execution worker Thread 2"         [_thread_blocked, id=5084, stack(0x000000042e500000,0x000000042e600000) (1024K)]
  0x000001b179b89000 JavaThread "Execution worker Thread 3"         [_thread_blocked, id=3864, stack(0x000000042e600000,0x000000042e700000) (1024K)]
  0x000001b179b86f30 JavaThread "Execution worker Thread 4"         [_thread_blocked, id=2216, stack(0x000000042e700000,0x000000042e800000) (1024K)]
  0x000001b179b89690 JavaThread "Execution worker Thread 5"         [_thread_blocked, id=20692, stack(0x000000042e800000,0x000000042e900000) (1024K)]
  0x000001b179b875c0 JavaThread "Execution worker Thread 6"         [_thread_blocked, id=4264, stack(0x000000042e900000,0x000000042ea00000) (1024K)]
  0x000001b179b87c50 JavaThread "Execution worker Thread 7"         [_thread_blocked, id=12880, stack(0x000000042ea00000,0x000000042eb00000) (1024K)]
  0x000001b179b882e0 JavaThread "Execution worker Thread 8"         [_thread_blocked, id=22272, stack(0x000000042eb00000,0x000000042ec00000) (1024K)]
  0x000001b17a235e40 JavaThread "Execution worker Thread 9"         [_thread_blocked, id=9504, stack(0x000000042ec00000,0x000000042ed00000) (1024K)]
  0x000001b17a2357b0 JavaThread "Execution worker Thread 10"        [_thread_blocked, id=17652, stack(0x000000042ed00000,0x000000042ee00000) (1024K)]
  0x000001b17a2364d0 JavaThread "Execution worker Thread 11"        [_thread_blocked, id=4752, stack(0x000000042ee00000,0x000000042ef00000) (1024K)]
  0x000001b1789cc400 JavaThread "Execution worker Thread 12"        [_thread_blocked, id=7568, stack(0x000000042ef00000,0x000000042f000000) (1024K)]
  0x000001b1789cca90 JavaThread "Execution worker Thread 13"        [_thread_in_Java, id=12788, stack(0x000000042f000000,0x000000042f100000) (1024K)]
  0x000001b1789cde40 JavaThread "Execution worker Thread 14"        [_thread_blocked, id=18080, stack(0x000000042f100000,0x000000042f200000) (1024K)]
  0x000001b1789cd120 JavaThread "Execution worker Thread 15"        [_thread_blocked, id=12412, stack(0x000000042f200000,0x000000042f300000) (1024K)]
  0x000001b1789cd7b0 JavaThread "Cache worker for execution history cache (D:\Kotlin And Android Dev\Multi Platform Projects\Travenor\.gradle\9.1.0\executionHistory)"        [_thread_blocked, id=21272, stack(0x000000042f300000,0x000000042f400000) (1024K)]
  0x000001b1789d0c30 JavaThread "Unconstrained build operations"        [_thread_blocked, id=11860, stack(0x000000042f400000,0x000000042f500000) (1024K)]
  0x000001b1789d05a0 JavaThread "Unconstrained build operations Thread 2"        [_thread_blocked, id=19516, stack(0x000000042f500000,0x000000042f600000) (1024K)]
  0x000001b1789ceb60 JavaThread "Unconstrained build operations Thread 3"        [_thread_blocked, id=6264, stack(0x000000042f600000,0x000000042f700000) (1024K)]
  0x000001b1789d12c0 JavaThread "Unconstrained build operations Thread 4"        [_thread_blocked, id=2400, stack(0x000000042f700000,0x000000042f800000) (1024K)]
  0x000001b1789cff10 JavaThread "Unconstrained build operations Thread 5"        [_thread_blocked, id=12200, stack(0x000000042f800000,0x000000042f900000) (1024K)]
  0x000001b1789cf1f0 JavaThread "Unconstrained build operations Thread 6"        [_thread_blocked, id=19400, stack(0x000000042f900000,0x000000042fa00000) (1024K)]
  0x000001b1789d2670 JavaThread "Unconstrained build operations Thread 8"        [_thread_blocked, id=4360, stack(0x000000042fa00000,0x000000042fb00000) (1024K)]
  0x000001b1789d1fe0 JavaThread "Unconstrained build operations Thread 7"        [_thread_blocked, id=9072, stack(0x000000042fb00000,0x000000042fc00000) (1024K)]
  0x000001b1789d1950 JavaThread "Unconstrained build operations Thread 9"        [_thread_blocked, id=21656, stack(0x000000042fc00000,0x000000042fd00000) (1024K)]
  0x000001b1789cf880 JavaThread "Unconstrained build operations Thread 10"        [_thread_blocked, id=13036, stack(0x000000042fd00000,0x000000042fe00000) (1024K)]
  0x000001b1789d2d00 JavaThread "Unconstrained build operations Thread 12"        [_thread_blocked, id=18004, stack(0x000000042fe00000,0x000000042ff00000) (1024K)]
  0x000001b1789d3390 JavaThread "Unconstrained build operations Thread 11"        [_thread_blocked, id=11000, stack(0x000000042ff00000,0x0000000430000000) (1024K)]
  0x000001b17eead530 JavaThread "Unconstrained build operations Thread 14"        [_thread_blocked, id=16052, stack(0x0000000430000000,0x0000000430100000) (1024K)]
  0x000001b17eeac810 JavaThread "Unconstrained build operations Thread 13"        [_thread_blocked, id=18524, stack(0x0000000430100000,0x0000000430200000) (1024K)]
  0x000001b17eeac180 JavaThread "Unconstrained build operations Thread 15"        [_thread_blocked, id=7948, stack(0x0000000430200000,0x0000000430300000) (1024K)]
  0x000001b17eeae8e0 JavaThread "Unconstrained build operations Thread 16"        [_thread_blocked, id=21068, stack(0x0000000430300000,0x0000000430400000) (1024K)]
  0x000001b17eeae250 JavaThread "Unconstrained build operations Thread 17"        [_thread_blocked, id=20268, stack(0x0000000430400000,0x0000000430500000) (1024K)]
  0x000001b17eeaef70 JavaThread "Unconstrained build operations Thread 18"        [_thread_blocked, id=20084, stack(0x0000000430500000,0x0000000430600000) (1024K)]
  0x000001b17eeabaf0 JavaThread "Unconstrained build operations Thread 19"        [_thread_blocked, id=22156, stack(0x0000000430600000,0x0000000430700000) (1024K)]
  0x000001b17eeaf600 JavaThread "Unconstrained build operations Thread 20"        [_thread_blocked, id=11808, stack(0x0000000430700000,0x0000000430800000) (1024K)]
  0x000001b17eeacea0 JavaThread "Unconstrained build operations Thread 22"        [_thread_blocked, id=19208, stack(0x0000000430800000,0x0000000430900000) (1024K)]
  0x000001b17eeb1040 JavaThread "Unconstrained build operations Thread 21"        [_thread_blocked, id=10352, stack(0x0000000430900000,0x0000000430a00000) (1024K)]
  0x000001b17eeadbc0 JavaThread "Unconstrained build operations Thread 23"        [_thread_blocked, id=13352, stack(0x0000000430a00000,0x0000000430b00000) (1024K)]
  0x000001b17eeb3110 JavaThread "Unconstrained build operations Thread 24"        [_thread_blocked, id=19664, stack(0x0000000430b00000,0x0000000430c00000) (1024K)]
  0x000001b17eeb16d0 JavaThread "Unconstrained build operations Thread 26"        [_thread_blocked, id=18800, stack(0x0000000430c00000,0x0000000430d00000) (1024K)]
  0x000001b17eeb09b0 JavaThread "Unconstrained build operations Thread 25"        [_thread_blocked, id=3728, stack(0x0000000430d00000,0x0000000430e00000) (1024K)]
  0x000001b17eeb1d60 JavaThread "Unconstrained build operations Thread 28"        [_thread_blocked, id=18268, stack(0x0000000430e00000,0x0000000430f00000) (1024K)]
  0x000001b17eeb23f0 JavaThread "Unconstrained build operations Thread 27"        [_thread_blocked, id=22132, stack(0x0000000430f00000,0x0000000431000000) (1024K)]
  0x000001b17eeb2a80 JavaThread "Unconstrained build operations Thread 30"        [_thread_blocked, id=13672, stack(0x0000000431000000,0x0000000431100000) (1024K)]
  0x000001b17eeafc90 JavaThread "Unconstrained build operations Thread 29"        [_thread_blocked, id=20904, stack(0x0000000431100000,0x0000000431200000) (1024K)]
  0x000001b17f059e50 JavaThread "Unconstrained build operations Thread 31"        [_thread_blocked, id=3856, stack(0x0000000431200000,0x0000000431300000) (1024K)]
  0x000001b17f05a4e0 JavaThread "Unconstrained build operations Thread 32"        [_thread_blocked, id=7424, stack(0x0000000431300000,0x0000000431400000) (1024K)]
  0x000001b17f05b890 JavaThread "Unconstrained build operations Thread 33"        [_thread_blocked, id=4120, stack(0x0000000431400000,0x0000000431500000) (1024K)]
  0x000001b17f05bf20 JavaThread "Unconstrained build operations Thread 34"        [_thread_blocked, id=20340, stack(0x0000000431500000,0x0000000431600000) (1024K)]
  0x000001b17f058aa0 JavaThread "Unconstrained build operations Thread 35"        [_thread_blocked, id=21620, stack(0x0000000431600000,0x0000000431700000) (1024K)]
  0x000001b17f05dff0 JavaThread "Unconstrained build operations Thread 36"        [_thread_blocked, id=21472, stack(0x0000000431700000,0x0000000431800000) (1024K)]
  0x000001b17f05c5b0 JavaThread "Unconstrained build operations Thread 37"        [_thread_blocked, id=8912, stack(0x0000000431800000,0x0000000431900000) (1024K)]
  0x000001b17f05cc40 JavaThread "Unconstrained build operations Thread 38"        [_thread_blocked, id=19104, stack(0x0000000431900000,0x0000000431a00000) (1024K)]
  0x000001b17f05d2d0 JavaThread "Unconstrained build operations Thread 39"        [_thread_blocked, id=5800, stack(0x0000000431a00000,0x0000000431b00000) (1024K)]
  0x000001b17f05e680 JavaThread "Unconstrained build operations Thread 40"        [_thread_blocked, id=17672, stack(0x0000000431b00000,0x0000000431c00000) (1024K)]
  0x000001b17f05f3a0 JavaThread "Unconstrained build operations Thread 41"        [_thread_blocked, id=4816, stack(0x0000000431c00000,0x0000000431d00000) (1024K)]
  0x000001b17f05d960 JavaThread "Unconstrained build operations Thread 42"        [_thread_blocked, id=18060, stack(0x0000000431d00000,0x0000000431e00000) (1024K)]
  0x000001b17f05ed10 JavaThread "Unconstrained build operations Thread 43"        [_thread_blocked, id=16580, stack(0x0000000431e00000,0x0000000431f00000) (1024K)]
  0x000001b17d82bbf0 JavaThread "Unconstrained build operations Thread 44"        [_thread_blocked, id=2968, stack(0x0000000431f00000,0x0000000432000000) (1024K)]
  0x000001b17d82dcc0 JavaThread "Unconstrained build operations Thread 45"        [_thread_blocked, id=6856, stack(0x0000000432000000,0x0000000432100000) (1024K)]
  0x000001b17d82e9e0 JavaThread "Unconstrained build operations Thread 46"        [_thread_blocked, id=10988, stack(0x0000000432100000,0x0000000432200000) (1024K)]
  0x000001b17d82d630 JavaThread "Unconstrained build operations Thread 47"        [_thread_blocked, id=15860, stack(0x0000000432200000,0x0000000432300000) (1024K)]
  0x000001b17d82e350 JavaThread "Unconstrained build operations Thread 48"        [_thread_blocked, id=21000, stack(0x0000000432300000,0x0000000432400000) (1024K)]
  0x000001b17d82b560 JavaThread "Unconstrained build operations Thread 49"        [_thread_blocked, id=18312, stack(0x0000000432400000,0x0000000432500000) (1024K)]
  0x000001b17d82c280 JavaThread "Unconstrained build operations Thread 50"        [_thread_blocked, id=4996, stack(0x0000000432500000,0x0000000432600000) (1024K)]
  0x000001b17d82c910 JavaThread "Unconstrained build operations Thread 51"        [_thread_blocked, id=16848, stack(0x0000000432600000,0x0000000432700000) (1024K)]
  0x000001b17d82cfa0 JavaThread "Unconstrained build operations Thread 52"        [_thread_blocked, id=18412, stack(0x0000000432700000,0x0000000432800000) (1024K)]
  0x000001b100fa4fc0 JavaThread "Unconstrained build operations Thread 53"        [_thread_blocked, id=3876, stack(0x0000000432800000,0x0000000432900000) (1024K)]
  0x000001b100fa6370 JavaThread "Unconstrained build operations Thread 54"        [_thread_blocked, id=9984, stack(0x0000000432900000,0x0000000432a00000) (1024K)]
  0x000001b100fa5650 JavaThread "Unconstrained build operations Thread 55"        [_thread_blocked, id=17112, stack(0x0000000432a00000,0x0000000432b00000) (1024K)]
  0x000001b100fa5ce0 JavaThread "Unconstrained build operations Thread 56"        [_thread_blocked, id=18760, stack(0x0000000432b00000,0x0000000432c00000) (1024K)]
  0x000001b100fa2ef0 JavaThread "Unconstrained build operations Thread 57"        [_thread_blocked, id=20800, stack(0x0000000432c00000,0x0000000432d00000) (1024K)]
  0x000001b100fa42a0 JavaThread "Unconstrained build operations Thread 58"        [_thread_blocked, id=19096, stack(0x0000000432d00000,0x0000000432e00000) (1024K)]
  0x000001b100fa6a00 JavaThread "Unconstrained build operations Thread 59"        [_thread_blocked, id=10976, stack(0x0000000432e00000,0x0000000432f00000) (1024K)]
  0x000001b100fa3580 JavaThread "Unconstrained build operations Thread 60"        [_thread_blocked, id=14764, stack(0x0000000432f00000,0x0000000433000000) (1024K)]
  0x000001b100fa3c10 JavaThread "Unconstrained build operations Thread 61"        [_thread_blocked, id=10936, stack(0x0000000433000000,0x0000000433100000) (1024K)]
  0x000001b100fa7720 JavaThread "Unconstrained build operations Thread 62"        [_thread_blocked, id=9012, stack(0x0000000433100000,0x0000000433200000) (1024K)]
  0x000001b100fa7db0 JavaThread "Unconstrained build operations Thread 63"        [_thread_blocked, id=22016, stack(0x0000000433200000,0x0000000433300000) (1024K)]
  0x000001b100fa4930 JavaThread "Unconstrained build operations Thread 64"        [_thread_blocked, id=16420, stack(0x0000000433300000,0x0000000433400000) (1024K)]
  0x000001b100fa9e80 JavaThread "Unconstrained build operations Thread 65"        [_thread_blocked, id=19288, stack(0x0000000433400000,0x0000000433500000) (1024K)]
  0x000001b100fa8440 JavaThread "Unconstrained build operations Thread 66"        [_thread_blocked, id=8732, stack(0x0000000433500000,0x0000000433600000) (1024K)]
  0x000001b100fa8ad0 JavaThread "Unconstrained build operations Thread 67"        [_thread_blocked, id=21064, stack(0x0000000433600000,0x0000000433700000) (1024K)]
  0x000001b100faa510 JavaThread "Unconstrained build operations Thread 68"        [_thread_blocked, id=22380, stack(0x0000000433700000,0x0000000433800000) (1024K)]
  0x000001b100fa9160 JavaThread "Unconstrained build operations Thread 69"        [_thread_blocked, id=9316, stack(0x0000000433800000,0x0000000433900000) (1024K)]
  0x000001b100fa97f0 JavaThread "Unconstrained build operations Thread 70"        [_thread_blocked, id=13132, stack(0x0000000433900000,0x0000000433a00000) (1024K)]
  0x000001b17ee60200 JavaThread "Unconstrained build operations Thread 71"        [_thread_blocked, id=2848, stack(0x0000000433a00000,0x0000000433b00000) (1024K)]
  0x000001b17ee5e130 JavaThread "Unconstrained build operations Thread 72"        [_thread_blocked, id=9312, stack(0x0000000433b00000,0x0000000433c00000) (1024K)]
  0x000001b17ee5e7c0 JavaThread "Unconstrained build operations Thread 73"        [_thread_blocked, id=1644, stack(0x0000000433c00000,0x0000000433d00000) (1024K)]
  0x000001b17ee5ee50 JavaThread "Unconstrained build operations Thread 74"        [_thread_blocked, id=17636, stack(0x0000000433d00000,0x0000000433e00000) (1024K)]
  0x000001b17ee5f4e0 JavaThread "Unconstrained build operations Thread 75"        [_thread_blocked, id=19780, stack(0x0000000433e00000,0x0000000433f00000) (1024K)]
  0x000001b17ee5fb70 JavaThread "pool-2-thread-1"                   [_thread_blocked, id=17872, stack(0x0000000433f00000,0x0000000434000000) (1024K)]
  0x000001b17ee5d410 JavaThread "Unconstrained build operations Thread 76"        [_thread_blocked, id=2636, stack(0x0000000434000000,0x0000000434100000) (1024K)]
  0x000001b17ee5cd80 JavaThread "Unconstrained build operations Thread 77"        [_thread_blocked, id=11248, stack(0x0000000434100000,0x0000000434200000) (1024K)]
  0x000001b17ee622d0 JavaThread "Unconstrained build operations Thread 78"        [_thread_blocked, id=19500, stack(0x0000000434200000,0x0000000434300000) (1024K)]
  0x000001b17ee615b0 JavaThread "Unconstrained build operations Thread 79"        [_thread_blocked, id=17712, stack(0x0000000434300000,0x0000000434400000) (1024K)]
  0x000001b17ee62960 JavaThread "Unconstrained build operations Thread 80"        [_thread_blocked, id=6268, stack(0x0000000434400000,0x0000000434500000) (1024K)]
  0x000001b17ee643a0 JavaThread "Unconstrained build operations Thread 81"        [_thread_blocked, id=7572, stack(0x0000000434500000,0x0000000434600000) (1024K)]
  0x000001b17ee61c40 JavaThread "Unconstrained build operations Thread 82"        [_thread_blocked, id=17948, stack(0x0000000434600000,0x0000000434700000) (1024K)]
  0x000001b17ee62ff0 JavaThread "Unconstrained build operations Thread 83"        [_thread_blocked, id=6296, stack(0x0000000434700000,0x0000000434800000) (1024K)]
  0x000001b17ee63680 JavaThread "Unconstrained build operations Thread 84"        [_thread_blocked, id=10340, stack(0x0000000434800000,0x0000000434900000) (1024K)]
  0x000001b17ee63d10 JavaThread "Unconstrained build operations Thread 85"        [_thread_blocked, id=13908, stack(0x0000000434900000,0x0000000434a00000) (1024K)]
  0x000001b17ee60f20 JavaThread "Unconstrained build operations Thread 86"        [_thread_blocked, id=21196, stack(0x0000000434a00000,0x0000000434b00000) (1024K)]
  0x000001b17f058410 JavaThread "Unconstrained build operations Thread 87"        [_thread_blocked, id=20168, stack(0x0000000434b00000,0x0000000434c00000) (1024K)]
  0x000001b17f059130 JavaThread "Unconstrained build operations Thread 88"        [_thread_blocked, id=19028, stack(0x0000000434c00000,0x0000000434d00000) (1024K)]
  0x000001b17f0597c0 JavaThread "Unconstrained build operations Thread 89"        [_thread_blocked, id=15044, stack(0x0000000434d00000,0x0000000434e00000) (1024K)]
  0x000001b17f057d80 JavaThread "Unconstrained build operations Thread 90"        [_thread_blocked, id=10176, stack(0x0000000434e00000,0x0000000434f00000) (1024K)]
  0x000001b17f05ab70 JavaThread "Unconstrained build operations Thread 91"        [_thread_blocked, id=9100, stack(0x0000000434f00000,0x0000000435000000) (1024K)]
  0x000001b179b854f0 JavaThread "Unconstrained build operations Thread 92"        [_thread_blocked, id=13280, stack(0x0000000435000000,0x0000000435100000) (1024K)]
  0x000001b1789d3a20 JavaThread "Unconstrained build operations Thread 93"        [_thread_blocked, id=11168, stack(0x0000000435100000,0x0000000435200000) (1024K)]
  0x000001b17bb564a0 JavaThread "Unconstrained build operations Thread 94"        [_thread_blocked, id=11484, stack(0x0000000435200000,0x0000000435300000) (1024K)]
  0x000001b17bb56b30 JavaThread "Unconstrained build operations Thread 95"        [_thread_blocked, id=4784, stack(0x0000000435300000,0x0000000435400000) (1024K)]
  0x000001b17bb57ee0 JavaThread "Unconstrained build operations Thread 96"        [_thread_blocked, id=19452, stack(0x0000000435400000,0x0000000435500000) (1024K)]
  0x000001b17bb58570 JavaThread "Unconstrained build operations Thread 97"        [_thread_blocked, id=19156, stack(0x0000000435500000,0x0000000435600000) (1024K)]
  0x000001b17bb571c0 JavaThread "Unconstrained build operations Thread 98"        [_thread_blocked, id=12048, stack(0x0000000435600000,0x0000000435700000) (1024K)]
  0x000001b17bb57850 JavaThread "Unconstrained build operations Thread 99"        [_thread_blocked, id=21548, stack(0x0000000435700000,0x0000000435800000) (1024K)]
  0x000001b17bb55780 JavaThread "Unconstrained build operations Thread 100"        [_thread_blocked, id=19196, stack(0x0000000435800000,0x0000000435900000) (1024K)]
  0x000001b17bb58c00 JavaThread "Unconstrained build operations Thread 101"        [_thread_blocked, id=6040, stack(0x0000000435900000,0x0000000435a00000) (1024K)]
  0x000001b17bb55e10 JavaThread "Unconstrained build operations Thread 102"        [_thread_blocked, id=20968, stack(0x0000000435a00000,0x0000000435b00000) (1024K)]
  0x000001b17ef823c0 JavaThread "Unconstrained build operations Thread 103"        [_thread_blocked, id=8572, stack(0x0000000435b00000,0x0000000435c00000) (1024K)]
  0x000001b17ef84490 JavaThread "Unconstrained build operations Thread 104"        [_thread_blocked, id=3988, stack(0x0000000435c00000,0x0000000435d00000) (1024K)]
  0x000001b17ef816a0 JavaThread "Unconstrained build operations Thread 105"        [_thread_blocked, id=11816, stack(0x0000000435d00000,0x0000000435e00000) (1024K)]
  0x000001b17ef83770 JavaThread "Unconstrained build operations Thread 106"        [_thread_blocked, id=10536, stack(0x0000000435e00000,0x0000000435f00000) (1024K)]
  0x000001b17ef830e0 JavaThread "Unconstrained build operations Thread 107"        [_thread_blocked, id=13736, stack(0x0000000435f00000,0x0000000436000000) (1024K)]
  0x000001b17ef83e00 JavaThread "Unconstrained build operations Thread 108"        [_thread_blocked, id=12628, stack(0x0000000436000000,0x0000000436100000) (1024K)]
  0x000001b17ef84b20 JavaThread "Unconstrained build operations Thread 109"        [_thread_blocked, id=12736, stack(0x0000000436100000,0x0000000436200000) (1024K)]
  0x000001b17ef851b0 JavaThread "Unconstrained build operations Thread 110"        [_thread_blocked, id=3972, stack(0x0000000436200000,0x0000000436300000) (1024K)]
  0x000001b17ef81d30 JavaThread "Unconstrained build operations Thread 111"        [_thread_blocked, id=16448, stack(0x0000000436300000,0x0000000436400000) (1024K)]
  0x000001b17ef85840 JavaThread "Unconstrained build operations Thread 112"        [_thread_blocked, id=5692, stack(0x0000000436400000,0x0000000436500000) (1024K)]
  0x000001b17ef82a50 JavaThread "Unconstrained build operations Thread 113"        [_thread_blocked, id=11152, stack(0x0000000436500000,0x0000000436600000) (1024K)]
  0x000001b17ef899e0 JavaThread "Unconstrained build operations Thread 114"        [_thread_blocked, id=4336, stack(0x0000000436600000,0x0000000436700000) (1024K)]
  0x000001b17ef86560 JavaThread "Unconstrained build operations Thread 115"        [_thread_blocked, id=10024, stack(0x0000000436700000,0x0000000436800000) (1024K)]
  0x000001b17ef88cc0 JavaThread "Unconstrained build operations Thread 116"        [_thread_blocked, id=3216, stack(0x0000000436800000,0x0000000436900000) (1024K)]
  0x000001b17ef88630 JavaThread "Unconstrained build operations Thread 117"        [_thread_blocked, id=4136, stack(0x0000000436900000,0x0000000436a00000) (1024K)]
  0x000001b17ef8a070 JavaThread "Unconstrained build operations Thread 118"        [_thread_blocked, id=5820, stack(0x0000000436a00000,0x0000000436b00000) (1024K)]
  0x000001b17ef87910 JavaThread "Unconstrained build operations Thread 119"        [_thread_blocked, id=21788, stack(0x0000000436b00000,0x0000000436c00000) (1024K)]
  0x000001b17ef87fa0 JavaThread "Unconstrained build operations Thread 120"        [_thread_blocked, id=19224, stack(0x0000000436c00000,0x0000000436d00000) (1024K)]
  0x000001b17ef89350 JavaThread "Unconstrained build operations Thread 121"        [_thread_blocked, id=19248, stack(0x0000000436d00000,0x0000000436e00000) (1024K)]
  0x000001b17ef86bf0 JavaThread "Unconstrained build operations Thread 122"        [_thread_blocked, id=20712, stack(0x0000000436e00000,0x0000000436f00000) (1024K)]
  0x000001b17ef8a700 JavaThread "Unconstrained build operations Thread 123"        [_thread_blocked, id=1440, stack(0x0000000436f00000,0x0000000437000000) (1024K)]
  0x000001b17ef87280 JavaThread "Unconstrained build operations Thread 124"        [_thread_in_Java, id=13912, stack(0x0000000437000000,0x0000000437100000) (1024K)]
  0x000001b17ef8c140 JavaThread "Unconstrained build operations Thread 125"        [_thread_in_vm, id=16936, stack(0x0000000437100000,0x0000000437200000) (1024K)]
  0x000001b17ef8c7d0 JavaThread "Unconstrained build operations Thread 126"        [_thread_in_Java, id=19232, stack(0x0000000437200000,0x0000000437300000) (1024K)]
  0x000001b17ef8ce60 JavaThread "Unconstrained build operations Thread 127"        [_thread_in_Java, id=13564, stack(0x0000000437300000,0x0000000437400000) (1024K)]
  0x000001b17ef8d4f0 JavaThread "Unconstrained build operations Thread 128"        [_thread_in_Java, id=7092, stack(0x0000000437400000,0x0000000437500000) (1024K)]
  0x000001b17ef8bab0 JavaThread "Unconstrained build operations Thread 129"        [_thread_in_Java, id=19128, stack(0x0000000437500000,0x0000000437600000) (1024K)]
  0x000001b17ef8db80 JavaThread "Unconstrained build operations Thread 130"        [_thread_in_vm, id=16552, stack(0x0000000437600000,0x0000000437700000) (1024K)]
  0x000001b17ef8ad90 JavaThread "Unconstrained build operations Thread 131"        [_thread_in_Java, id=5360, stack(0x0000000437700000,0x0000000437800000) (1024K)]
  0x000001b17ef8e8a0 JavaThread "Unconstrained build operations Thread 132"        [_thread_blocked, id=14876, stack(0x0000000437800000,0x0000000437900000) (1024K)]
  0x000001b17ef8e210 JavaThread "Unconstrained build operations Thread 133"        [_thread_in_Java, id=20796, stack(0x0000000437900000,0x0000000437a00000) (1024K)]
  0x000001b17ef8b420 JavaThread "Unconstrained build operations Thread 134"        [_thread_in_Java, id=1868, stack(0x0000000437a00000,0x0000000437b00000) (1024K)]
  0x000001b17ef8ef30 JavaThread "Unconstrained build operations Thread 135"        [_thread_in_Java, id=9092, stack(0x0000000437b00000,0x0000000437c00000) (1024K)]
  0x000001b17ef8f5c0 JavaThread "Unconstrained build operations Thread 136"        [_thread_in_Java, id=488, stack(0x0000000437c00000,0x0000000437d00000) (1024K)]
  0x000001b17ef8fc50 JavaThread "Unconstrained build operations Thread 137"        [_thread_blocked, id=8888, stack(0x0000000437d00000,0x0000000437e00000) (1024K)]
  0x000001b17ef902e0 JavaThread "Unconstrained build operations Thread 138"        [_thread_in_Java, id=18152, stack(0x0000000437e00000,0x0000000437f00000) (1024K)]
  0x000001b17bb53d40 JavaThread "WorkerExecutor Queue"              [_thread_blocked, id=11496, stack(0x0000000437f00000,0x0000000438000000) (1024K)]
  0x000001b17bb54a60 JavaThread "WorkerExecutor Queue Thread 2"        [_thread_blocked, id=20188, stack(0x0000000438000000,0x0000000438100000) (1024K)]
  0x000001b17bb515e0 JavaThread "WorkerExecutor Queue Thread 3"        [_thread_blocked, id=19100, stack(0x0000000438100000,0x0000000438200000) (1024K)]
  0x000001b17bb550f0 JavaThread "WorkerExecutor Queue Thread 4"        [_thread_blocked, id=6832, stack(0x0000000438200000,0x0000000438300000) (1024K)]
  0x000001b17bb53020 JavaThread "WorkerExecutor Queue Thread 5"        [_thread_blocked, id=18756, stack(0x0000000438300000,0x0000000438400000) (1024K)]
  0x000001b17bb543d0 JavaThread "WorkerExecutor Queue Thread 6"        [_thread_blocked, id=13532, stack(0x0000000438400000,0x0000000438500000) (1024K)]
  0x000001b17bb52300 JavaThread "WorkerExecutor Queue Thread 7"        [_thread_blocked, id=10480, stack(0x0000000438500000,0x0000000438600000) (1024K)]
  0x000001b17bb51c70 JavaThread "WorkerExecutor Queue Thread 8"        [_thread_blocked, id=20824, stack(0x0000000438600000,0x0000000438700000) (1024K)]
  0x000001b17f05b200 JavaThread "WorkerExecutor Queue Thread 9"        [_thread_blocked, id=5448, stack(0x0000000438700000,0x0000000438800000) (1024K)]
  0x000001b100fa7090 JavaThread "WorkerExecutor Queue Thread 10"        [_thread_blocked, id=4188, stack(0x0000000438800000,0x0000000438900000) (1024K)]
  0x000001b17e27c1e0 JavaThread "WorkerExecutor Queue Thread 11"        [_thread_blocked, id=14744, stack(0x0000000438900000,0x0000000438a00000) (1024K)]
  0x000001b17e27cf00 JavaThread "WorkerExecutor Queue Thread 12"        [_thread_blocked, id=17192, stack(0x0000000438a00000,0x0000000438b00000) (1024K)]
  0x000001b17e27b4c0 JavaThread "WorkerExecutor Queue Thread 13"        [_thread_blocked, id=21860, stack(0x0000000438b00000,0x0000000438c00000) (1024K)]
  0x000001b17e27ae30 JavaThread "WorkerExecutor Queue Thread 14"        [_thread_blocked, id=7660, stack(0x0000000438c00000,0x0000000438d00000) (1024K)]
  0x000001b17e27c870 JavaThread "WorkerExecutor Queue Thread 15"        [_thread_blocked, id=11204, stack(0x0000000438d00000,0x0000000438e00000) (1024K)]
  0x000001b17e27a110 JavaThread "WorkerExecutor Queue Thread 16"        [_thread_blocked, id=21596, stack(0x0000000438e00000,0x0000000438f00000) (1024K)]
  0x000001b17bd0a210 JavaThread "C2 CompilerThread5"         daemon [_thread_in_native, id=14892, stack(0x0000000439000000,0x0000000439100000) (1024K)]
  0x000001b17bd0afb0 JavaThread "C2 CompilerThread6"         daemon [_thread_in_native, id=9084, stack(0x0000000439100000,0x0000000439200000) (1024K)]
  0x000001b17bd0d1c0 JavaThread "C2 CompilerThread7"         daemon [_thread_in_native, id=8040, stack(0x0000000439200000,0x0000000439300000) (1024K)]
Total: 219

Other Threads:
  0x000001b1724d25b0 VMThread "VM Thread"                           [id=11100, stack(0x000000042a900000,0x000000042aa00000) (1024K)]
  0x000001b17230ebf0 WatcherThread "VM Periodic Task Thread"        [id=16996, stack(0x000000042a800000,0x000000042a900000) (1024K)]
  0x000001b1579359a0 WorkerThread "GC Thread#0"                     [id=19980, stack(0x000000042a300000,0x000000042a400000) (1024K)]
  0x000001b1724d3470 WorkerThread "GC Thread#1"                     [id=4368, stack(0x000000042b800000,0x000000042b900000) (1024K)]
  0x000001b1724d1e50 WorkerThread "GC Thread#2"                     [id=5056, stack(0x000000042b900000,0x000000042ba00000) (1024K)]
  0x000001b1724d2960 WorkerThread "GC Thread#3"                     [id=15200, stack(0x000000042ba00000,0x000000042bb00000) (1024K)]
  0x000001b1724d1aa0 WorkerThread "GC Thread#4"                     [id=4872, stack(0x000000042bb00000,0x000000042bc00000) (1024K)]
  0x000001b17862dfd0 WorkerThread "GC Thread#5"                     [id=14856, stack(0x000000042c800000,0x000000042c900000) (1024K)]
  0x000001b17862c250 WorkerThread "GC Thread#6"                     [id=7860, stack(0x000000042c900000,0x000000042ca00000) (1024K)]
  0x000001b17862e380 WorkerThread "GC Thread#7"                     [id=17052, stack(0x000000042ca00000,0x000000042cb00000) (1024K)]
  0x000001b17862d110 WorkerThread "GC Thread#8"                     [id=13956, stack(0x000000042cb00000,0x000000042cc00000) (1024K)]
  0x000001b17862a880 WorkerThread "GC Thread#9"                     [id=16784, stack(0x000000042cc00000,0x000000042cd00000) (1024K)]
  0x000001b17862ac30 WorkerThread "GC Thread#10"                    [id=3276, stack(0x000000042cd00000,0x000000042ce00000) (1024K)]
  0x000001b17862afe0 WorkerThread "GC Thread#11"                    [id=14488, stack(0x000000042ce00000,0x000000042cf00000) (1024K)]
  0x000001b17862b390 WorkerThread "GC Thread#12"                    [id=18492, stack(0x000000042cf00000,0x000000042d000000) (1024K)]
  0x000001b1579479a0 ConcurrentGCThread "G1 Main Marker"            [id=3360, stack(0x000000042a400000,0x000000042a500000) (1024K)]
  0x000001b157949b00 WorkerThread "G1 Conc#0"                       [id=7628, stack(0x000000042a500000,0x000000042a600000) (1024K)]
  0x000001b17862d4c0 WorkerThread "G1 Conc#1"                       [id=9108, stack(0x000000042d000000,0x000000042d100000) (1024K)]
  0x000001b17862c600 WorkerThread "G1 Conc#2"                       [id=19744, stack(0x000000042d100000,0x000000042d200000) (1024K)]
  0x000001b1721de7b0 ConcurrentGCThread "G1 Refine#0"               [id=18192, stack(0x000000042a600000,0x000000042a700000) (1024K)]
  0x000001b1721df940 ConcurrentGCThread "G1 Service"                [id=20300, stack(0x000000042a700000,0x000000042a800000) (1024K)]
Total: 21

Threads with active compile tasks:
C2 CompilerThread0  23901 21076       4       com.android.tools.r8.ir.optimize.f0::a (114 bytes)
C2 CompilerThread1  23901 20812 %     4       com.android.tools.r8.internal.Sn::b @ 217 (3604 bytes)
C2 CompilerThread2  23901 20379 %     4       com.android.tools.r8.internal.VS::a @ 1747 (2024 bytes)
C2 CompilerThread3  23901 19884 % !   4       com.android.tools.r8.internal.yB::a @ 949 (4220 bytes)
C2 CompilerThread4  23901 20814       4       com.android.tools.r8.internal.lb::<init> (266 bytes)
C2 CompilerThread5  23902 21075       4       com.android.tools.r8.ir.optimize.z::a (555 bytes)
C2 CompilerThread6  23902 21048       4       com.android.tools.r8.internal.L9::a (1828 bytes)
C2 CompilerThread7  23902 21104       4       com.android.tools.r8.internal.wA::a (37 bytes)
Total: 8

VM state: not at safepoint (normal execution)

VM Mutex/Monitor currently owned by a thread: None

Heap address: 0x0000000700000000, size: 4096 MB, Compressed Oops mode: Zero based, Oop shift amount: 3

CDS archive(s) not mapped
Compressed class space mapped at: 0x0000000800000000-0x0000000840000000, reserved size: 1073741824
Narrow klass base: 0x0000000800000000, Narrow klass shift: 0, Narrow klass range: 0x40000000

GC Precious Log:
 CardTable entry size: 512
 Card Set container configuration: InlinePtr #cards 4 size 8 Array Of Cards #cards 16 size 48 Howl #buckets 8 coarsen threshold 3686 Howl Bitmap #cards 512 size 80 coarsen threshold 460 Card regions per heap region 1 cards per card region 4096
 CPUs: 16 total, 16 available
 Memory: 15693M
 Large Page Support: Disabled
 NUMA Support: Disabled
 Compressed Oops: Enabled (Zero based)
 Heap Region Size: 2M
 Heap Min Capacity: 8M
 Heap Initial Capacity: 246M
 Heap Max Capacity: 4G
 Pre-touch: Disabled
 Parallel Workers: 13
 Concurrent Workers: 3
 Concurrent Refinement Workers: 13
 Periodic GC: Disabled

Heap:
 garbage-first heap   total 1173504K, used 446306K [0x0000000700000000, 0x0000000800000000)
  region size 2048K, 52 young (106496K), 21 survivors (43008K)
 Metaspace       used 113760K, committed 115776K, reserved 1179648K
  class space    used 15819K, committed 16832K, reserved 1048576K

Heap Regions: E=young(eden), S=young(survivor), O=old, HS=humongous(starts), HC=humongous(continues), CS=collection set, F=free, TAMS=top-at-mark-start, PB=parsable bottom
|   0|0x0000000700000000, 0x0000000700200000, 0x0000000700200000|100%|HS|  |TAMS 0x0000000700000000| PB 0x0000000700000000| Complete 
|   1|0x0000000700200000, 0x0000000700400000, 0x0000000700400000|100%|HC|  |TAMS 0x0000000700200000| PB 0x0000000700200000| Complete 
|   2|0x0000000700400000, 0x0000000700600000, 0x0000000700600000|100%| O|  |TAMS 0x0000000700400000| PB 0x0000000700400000| Untracked 
|   3|0x0000000700600000, 0x0000000700800000, 0x0000000700800000|100%| O|  |TAMS 0x0000000700600000| PB 0x0000000700600000| Untracked 
|   4|0x0000000700800000, 0x0000000700a00000, 0x0000000700a00000|100%| O|  |TAMS 0x0000000700800000| PB 0x0000000700800000| Untracked 
|   5|0x0000000700a00000, 0x0000000700c00000, 0x0000000700c00000|100%| O|  |TAMS 0x0000000700a00000| PB 0x0000000700a00000| Untracked 
|   6|0x0000000700c00000, 0x0000000700e00000, 0x0000000700e00000|100%| O|  |TAMS 0x0000000700c00000| PB 0x0000000700c00000| Untracked 
|   7|0x0000000700e00000, 0x0000000701000000, 0x0000000701000000|100%| O|  |TAMS 0x0000000700e00000| PB 0x0000000700e00000| Untracked 
|   8|0x0000000701000000, 0x0000000701200000, 0x0000000701200000|100%|HS|  |TAMS 0x0000000701000000| PB 0x0000000701000000| Complete 
|   9|0x0000000701200000, 0x0000000701400000, 0x0000000701400000|100%|HS|  |TAMS 0x0000000701200000| PB 0x0000000701200000| Complete 
|  10|0x0000000701400000, 0x0000000701600000, 0x0000000701600000|100%| O|  |TAMS 0x0000000701400000| PB 0x0000000701400000| Untracked 
|  11|0x0000000701600000, 0x0000000701800000, 0x0000000701800000|100%| O|  |TAMS 0x0000000701600000| PB 0x0000000701600000| Untracked 
|  12|0x0000000701800000, 0x0000000701a00000, 0x0000000701a00000|100%| O|  |TAMS 0x0000000701800000| PB 0x0000000701800000| Untracked 
|  13|0x0000000701a00000, 0x0000000701c00000, 0x0000000701c00000|100%| O|  |TAMS 0x0000000701a00000| PB 0x0000000701a00000| Untracked 
|  14|0x0000000701c00000, 0x0000000701e00000, 0x0000000701e00000|100%| O|  |TAMS 0x0000000701c00000| PB 0x0000000701c00000| Untracked 
|  15|0x0000000701e00000, 0x0000000702000000, 0x0000000702000000|100%| O|  |TAMS 0x0000000701e00000| PB 0x0000000701e00000| Untracked 
|  16|0x0000000702000000, 0x0000000702200000, 0x0000000702200000|100%| O|  |TAMS 0x0000000702000000| PB 0x0000000702000000| Untracked 
|  17|0x0000000702200000, 0x0000000702400000, 0x0000000702400000|100%| O|  |TAMS 0x0000000702200000| PB 0x0000000702200000| Untracked 
|  18|0x0000000702400000, 0x0000000702600000, 0x0000000702600000|100%| O|  |TAMS 0x0000000702400000| PB 0x0000000702400000| Untracked 
|  19|0x0000000702600000, 0x0000000702800000, 0x0000000702800000|100%| O|  |TAMS 0x0000000702600000| PB 0x0000000702600000| Untracked 
|  20|0x0000000702800000, 0x0000000702a00000, 0x0000000702a00000|100%| O|  |TAMS 0x0000000702800000| PB 0x0000000702800000| Untracked 
|  21|0x0000000702a00000, 0x0000000702c00000, 0x0000000702c00000|100%| O|  |TAMS 0x0000000702a00000| PB 0x0000000702a00000| Untracked 
|  22|0x0000000702c00000, 0x0000000702e00000, 0x0000000702e00000|100%| O|  |TAMS 0x0000000702c00000| PB 0x0000000702c00000| Untracked 
|  23|0x0000000702e00000, 0x0000000703000000, 0x0000000703000000|100%| O|  |TAMS 0x0000000702e00000| PB 0x0000000702e00000| Untracked 
|  24|0x0000000703000000, 0x0000000703200000, 0x0000000703200000|100%| O|  |TAMS 0x0000000703000000| PB 0x0000000703000000| Untracked 
|  25|0x0000000703200000, 0x0000000703400000, 0x0000000703400000|100%| O|  |TAMS 0x0000000703200000| PB 0x0000000703200000| Untracked 
|  26|0x0000000703400000, 0x0000000703600000, 0x0000000703600000|100%| O|  |TAMS 0x0000000703400000| PB 0x0000000703400000| Untracked 
|  27|0x0000000703600000, 0x0000000703800000, 0x0000000703800000|100%| O|  |TAMS 0x0000000703600000| PB 0x0000000703600000| Untracked 
|  28|0x0000000703800000, 0x0000000703a00000, 0x0000000703a00000|100%| O|  |TAMS 0x0000000703800000| PB 0x0000000703800000| Untracked 
|  29|0x0000000703a00000, 0x0000000703c00000, 0x0000000703c00000|100%| O|  |TAMS 0x0000000703a00000| PB 0x0000000703a00000| Untracked 
|  30|0x0000000703c00000, 0x0000000703e00000, 0x0000000703e00000|100%| O|  |TAMS 0x0000000703c00000| PB 0x0000000703c00000| Untracked 
|  31|0x0000000703e00000, 0x0000000704000000, 0x0000000704000000|100%| O|  |TAMS 0x0000000703e00000| PB 0x0000000703e00000| Untracked 
|  32|0x0000000704000000, 0x0000000704200000, 0x0000000704200000|100%| O|  |TAMS 0x0000000704000000| PB 0x0000000704000000| Untracked 
|  33|0x0000000704200000, 0x0000000704400000, 0x0000000704400000|100%| O|  |TAMS 0x0000000704200000| PB 0x0000000704200000| Untracked 
|  34|0x0000000704400000, 0x0000000704600000, 0x0000000704600000|100%| O|  |TAMS 0x0000000704400000| PB 0x0000000704400000| Untracked 
|  35|0x0000000704600000, 0x0000000704800000, 0x0000000704800000|100%| O|  |TAMS 0x0000000704600000| PB 0x0000000704600000| Untracked 
|  36|0x0000000704800000, 0x0000000704a00000, 0x0000000704a00000|100%| O|  |TAMS 0x0000000704800000| PB 0x0000000704800000| Untracked 
|  37|0x0000000704a00000, 0x0000000704c00000, 0x0000000704c00000|100%| O|  |TAMS 0x0000000704a00000| PB 0x0000000704a00000| Untracked 
|  38|0x0000000704c00000, 0x0000000704e00000, 0x0000000704e00000|100%| O|  |TAMS 0x0000000704c00000| PB 0x0000000704c00000| Untracked 
|  39|0x0000000704e00000, 0x0000000705000000, 0x0000000705000000|100%| O|  |TAMS 0x0000000704e00000| PB 0x0000000704e00000| Untracked 
|  40|0x0000000705000000, 0x0000000705200000, 0x0000000705200000|100%| O|  |TAMS 0x0000000705000000| PB 0x0000000705000000| Untracked 
|  41|0x0000000705200000, 0x0000000705400000, 0x0000000705400000|100%| O|  |TAMS 0x0000000705200000| PB 0x0000000705200000| Untracked 
|  42|0x0000000705400000, 0x0000000705600000, 0x0000000705600000|100%| O|  |TAMS 0x0000000705400000| PB 0x0000000705400000| Untracked 
|  43|0x0000000705600000, 0x0000000705800000, 0x0000000705800000|100%| O|  |TAMS 0x0000000705600000| PB 0x0000000705600000| Untracked 
|  44|0x0000000705800000, 0x0000000705800000, 0x0000000705a00000|  0%| F|  |TAMS 0x0000000705800000| PB 0x0000000705800000| Untracked 
|  45|0x0000000705a00000, 0x0000000705c00000, 0x0000000705c00000|100%| O|  |TAMS 0x0000000705a00000| PB 0x0000000705a00000| Untracked 
|  46|0x0000000705c00000, 0x0000000705c00000, 0x0000000705e00000|  0%| F|  |TAMS 0x0000000705c00000| PB 0x0000000705c00000| Untracked 
|  47|0x0000000705e00000, 0x0000000706000000, 0x0000000706000000|100%| O|  |TAMS 0x0000000705e00000| PB 0x0000000705e00000| Untracked 
|  48|0x0000000706000000, 0x0000000706200000, 0x0000000706200000|100%| O|  |TAMS 0x0000000706000000| PB 0x0000000706000000| Untracked 
|  49|0x0000000706200000, 0x0000000706400000, 0x0000000706400000|100%| O|  |TAMS 0x0000000706200000| PB 0x0000000706200000| Untracked 
|  50|0x0000000706400000, 0x0000000706600000, 0x0000000706600000|100%| O|  |TAMS 0x0000000706400000| PB 0x0000000706400000| Untracked 
|  51|0x0000000706600000, 0x0000000706800000, 0x0000000706800000|100%| O|  |TAMS 0x0000000706600000| PB 0x0000000706600000| Untracked 
|  52|0x0000000706800000, 0x0000000706a00000, 0x0000000706a00000|100%| O|  |TAMS 0x0000000706800000| PB 0x0000000706800000| Untracked 
|  53|0x0000000706a00000, 0x0000000706c00000, 0x0000000706c00000|100%| O|  |TAMS 0x0000000706a00000| PB 0x0000000706a00000| Untracked 
|  54|0x0000000706c00000, 0x0000000706e00000, 0x0000000706e00000|100%| O|  |TAMS 0x0000000706c00000| PB 0x0000000706c00000| Untracked 
|  55|0x0000000706e00000, 0x0000000707000000, 0x0000000707000000|100%| O|  |TAMS 0x0000000706e00000| PB 0x0000000706e00000| Untracked 
|  56|0x0000000707000000, 0x0000000707200000, 0x0000000707200000|100%| O|  |TAMS 0x0000000707000000| PB 0x0000000707000000| Untracked 
|  57|0x0000000707200000, 0x0000000707400000, 0x0000000707400000|100%| O|  |TAMS 0x0000000707200000| PB 0x0000000707200000| Untracked 
|  58|0x0000000707400000, 0x0000000707600000, 0x0000000707600000|100%| O|  |TAMS 0x0000000707400000| PB 0x0000000707400000| Untracked 
|  59|0x0000000707600000, 0x0000000707800000, 0x0000000707800000|100%| O|  |TAMS 0x0000000707600000| PB 0x0000000707600000| Untracked 
|  60|0x0000000707800000, 0x0000000707a00000, 0x0000000707a00000|100%| O|  |TAMS 0x0000000707800000| PB 0x0000000707800000| Untracked 
|  61|0x0000000707a00000, 0x0000000707c00000, 0x0000000707c00000|100%| O|  |TAMS 0x0000000707a00000| PB 0x0000000707a00000| Untracked 
|  62|0x0000000707c00000, 0x0000000707e00000, 0x0000000707e00000|100%| O|  |TAMS 0x0000000707c00000| PB 0x0000000707c00000| Untracked 
|  63|0x0000000707e00000, 0x0000000708000000, 0x0000000708000000|100%| O|  |TAMS 0x0000000707e00000| PB 0x0000000707e00000| Untracked 
|  64|0x0000000708000000, 0x0000000708200000, 0x0000000708200000|100%| O|  |TAMS 0x0000000708000000| PB 0x0000000708000000| Untracked 
|  65|0x0000000708200000, 0x0000000708400000, 0x0000000708400000|100%| O|  |TAMS 0x0000000708200000| PB 0x0000000708200000| Untracked 
|  66|0x0000000708400000, 0x0000000708600000, 0x0000000708600000|100%| O|  |TAMS 0x0000000708400000| PB 0x0000000708400000| Untracked 
|  67|0x0000000708600000, 0x0000000708800000, 0x0000000708800000|100%| O|  |TAMS 0x0000000708600000| PB 0x0000000708600000| Untracked 
|  68|0x0000000708800000, 0x0000000708a00000, 0x0000000708a00000|100%| O|  |TAMS 0x0000000708800000| PB 0x0000000708800000| Untracked 
|  69|0x0000000708a00000, 0x0000000708a00000, 0x0000000708c00000|  0%| F|  |TAMS 0x0000000708a00000| PB 0x0000000708a00000| Untracked 
|  70|0x0000000708c00000, 0x0000000708e00000, 0x0000000708e00000|100%| O|  |TAMS 0x0000000708c00000| PB 0x0000000708c00000| Untracked 
|  71|0x0000000708e00000, 0x0000000709000000, 0x0000000709000000|100%| O|  |TAMS 0x0000000708e00000| PB 0x0000000708e00000| Untracked 
|  72|0x0000000709000000, 0x0000000709200000, 0x0000000709200000|100%| O|  |TAMS 0x0000000709000000| PB 0x0000000709000000| Untracked 
|  73|0x0000000709200000, 0x0000000709200000, 0x0000000709400000|  0%| F|  |TAMS 0x0000000709200000| PB 0x0000000709200000| Untracked 
|  74|0x0000000709400000, 0x0000000709600000, 0x0000000709600000|100%| O|  |TAMS 0x0000000709400000| PB 0x0000000709400000| Untracked 
|  75|0x0000000709600000, 0x0000000709800000, 0x0000000709800000|100%| O|  |TAMS 0x0000000709600000| PB 0x0000000709600000| Untracked 
|  76|0x0000000709800000, 0x0000000709a00000, 0x0000000709a00000|100%| O|  |TAMS 0x0000000709800000| PB 0x0000000709800000| Untracked 
|  77|0x0000000709a00000, 0x0000000709c00000, 0x0000000709c00000|100%| O|  |TAMS 0x0000000709a00000| PB 0x0000000709a00000| Untracked 
|  78|0x0000000709c00000, 0x0000000709e00000, 0x0000000709e00000|100%| O|  |TAMS 0x0000000709c00000| PB 0x0000000709c00000| Untracked 
|  79|0x0000000709e00000, 0x000000070a000000, 0x000000070a000000|100%| O|  |TAMS 0x0000000709e00000| PB 0x0000000709e00000| Untracked 
|  80|0x000000070a000000, 0x000000070a200000, 0x000000070a200000|100%| O|  |TAMS 0x000000070a000000| PB 0x000000070a000000| Untracked 
|  81|0x000000070a200000, 0x000000070a400000, 0x000000070a400000|100%| O|  |TAMS 0x000000070a200000| PB 0x000000070a200000| Untracked 
|  82|0x000000070a400000, 0x000000070a600000, 0x000000070a600000|100%| O|  |TAMS 0x000000070a400000| PB 0x000000070a400000| Untracked 
|  83|0x000000070a600000, 0x000000070a800000, 0x000000070a800000|100%| O|  |TAMS 0x000000070a600000| PB 0x000000070a600000| Untracked 
|  84|0x000000070a800000, 0x000000070aa00000, 0x000000070aa00000|100%| O|  |TAMS 0x000000070a800000| PB 0x000000070a800000| Untracked 
|  85|0x000000070aa00000, 0x000000070ac00000, 0x000000070ac00000|100%| O|  |TAMS 0x000000070aa00000| PB 0x000000070aa00000| Untracked 
|  86|0x000000070ac00000, 0x000000070ae00000, 0x000000070ae00000|100%| O|  |TAMS 0x000000070ac00000| PB 0x000000070ac00000| Untracked 
|  87|0x000000070ae00000, 0x000000070b000000, 0x000000070b000000|100%| O|  |TAMS 0x000000070ae00000| PB 0x000000070ae00000| Untracked 
|  88|0x000000070b000000, 0x000000070b200000, 0x000000070b200000|100%| O|  |TAMS 0x000000070b000000| PB 0x000000070b000000| Untracked 
|  89|0x000000070b200000, 0x000000070b400000, 0x000000070b400000|100%| O|  |TAMS 0x000000070b200000| PB 0x000000070b200000| Untracked 
|  90|0x000000070b400000, 0x000000070b600000, 0x000000070b600000|100%| O|  |TAMS 0x000000070b400000| PB 0x000000070b400000| Untracked 
|  91|0x000000070b600000, 0x000000070b800000, 0x000000070b800000|100%| O|  |TAMS 0x000000070b600000| PB 0x000000070b600000| Untracked 
|  92|0x000000070b800000, 0x000000070ba00000, 0x000000070ba00000|100%| O|  |TAMS 0x000000070b800000| PB 0x000000070b800000| Untracked 
|  93|0x000000070ba00000, 0x000000070bc00000, 0x000000070bc00000|100%| O|  |TAMS 0x000000070ba00000| PB 0x000000070ba00000| Untracked 
|  94|0x000000070bc00000, 0x000000070be00000, 0x000000070be00000|100%| O|  |TAMS 0x000000070bc00000| PB 0x000000070bc00000| Untracked 
|  95|0x000000070be00000, 0x000000070c000000, 0x000000070c000000|100%| O|  |TAMS 0x000000070be00000| PB 0x000000070be00000| Untracked 
|  96|0x000000070c000000, 0x000000070c200000, 0x000000070c200000|100%| O|  |TAMS 0x000000070c000000| PB 0x000000070c000000| Untracked 
|  97|0x000000070c200000, 0x000000070c400000, 0x000000070c400000|100%| O|  |TAMS 0x000000070c200000| PB 0x000000070c200000| Untracked 
|  98|0x000000070c400000, 0x000000070c600000, 0x000000070c600000|100%| O|  |TAMS 0x000000070c400000| PB 0x000000070c400000| Untracked 
|  99|0x000000070c600000, 0x000000070c800000, 0x000000070c800000|100%| O|  |TAMS 0x000000070c600000| PB 0x000000070c600000| Untracked 
| 100|0x000000070c800000, 0x000000070ca00000, 0x000000070ca00000|100%| O|  |TAMS 0x000000070c800000| PB 0x000000070c800000| Untracked 
| 101|0x000000070ca00000, 0x000000070cc00000, 0x000000070cc00000|100%| O|  |TAMS 0x000000070ca00000| PB 0x000000070ca00000| Untracked 
| 102|0x000000070cc00000, 0x000000070ce00000, 0x000000070ce00000|100%| O|  |TAMS 0x000000070cc00000| PB 0x000000070cc00000| Untracked 
| 103|0x000000070ce00000, 0x000000070d000000, 0x000000070d000000|100%| O|  |TAMS 0x000000070ce00000| PB 0x000000070ce00000| Untracked 
| 104|0x000000070d000000, 0x000000070d200000, 0x000000070d200000|100%| O|  |TAMS 0x000000070d000000| PB 0x000000070d000000| Untracked 
| 105|0x000000070d200000, 0x000000070d400000, 0x000000070d400000|100%| O|  |TAMS 0x000000070d200000| PB 0x000000070d200000| Untracked 
| 106|0x000000070d400000, 0x000000070d600000, 0x000000070d600000|100%| O|  |TAMS 0x000000070d400000| PB 0x000000070d400000| Untracked 
| 107|0x000000070d600000, 0x000000070d800000, 0x000000070d800000|100%| O|  |TAMS 0x000000070d600000| PB 0x000000070d600000| Untracked 
| 108|0x000000070d800000, 0x000000070d800000, 0x000000070da00000|  0%| F|  |TAMS 0x000000070d800000| PB 0x000000070d800000| Untracked 
| 109|0x000000070da00000, 0x000000070da00000, 0x000000070dc00000|  0%| F|  |TAMS 0x000000070da00000| PB 0x000000070da00000| Untracked 
| 110|0x000000070dc00000, 0x000000070de00000, 0x000000070de00000|100%| O|  |TAMS 0x000000070dc00000| PB 0x000000070dc00000| Untracked 
| 111|0x000000070de00000, 0x000000070e000000, 0x000000070e000000|100%| O|  |TAMS 0x000000070de00000| PB 0x000000070de00000| Untracked 
| 112|0x000000070e000000, 0x000000070e200000, 0x000000070e200000|100%| O|  |TAMS 0x000000070e000000| PB 0x000000070e000000| Untracked 
| 113|0x000000070e200000, 0x000000070e400000, 0x000000070e400000|100%| O|  |TAMS 0x000000070e200000| PB 0x000000070e200000| Untracked 
| 114|0x000000070e400000, 0x000000070e600000, 0x000000070e600000|100%| O|  |TAMS 0x000000070e400000| PB 0x000000070e400000| Untracked 
| 115|0x000000070e600000, 0x000000070e800000, 0x000000070e800000|100%| O|  |TAMS 0x000000070e600000| PB 0x000000070e600000| Untracked 
| 116|0x000000070e800000, 0x000000070e800000, 0x000000070ea00000|  0%| F|  |TAMS 0x000000070e800000| PB 0x000000070e800000| Untracked 
| 117|0x000000070ea00000, 0x000000070ec00000, 0x000000070ec00000|100%| O|  |TAMS 0x000000070ea00000| PB 0x000000070ea00000| Untracked 
| 118|0x000000070ec00000, 0x000000070ee00000, 0x000000070ee00000|100%| O|  |TAMS 0x000000070ec00000| PB 0x000000070ec00000| Untracked 
| 119|0x000000070ee00000, 0x000000070f000000, 0x000000070f000000|100%| O|  |TAMS 0x000000070ee00000| PB 0x000000070ee00000| Untracked 
| 120|0x000000070f000000, 0x000000070f200000, 0x000000070f200000|100%| O|  |TAMS 0x000000070f000000| PB 0x000000070f000000| Untracked 
| 121|0x000000070f200000, 0x000000070f400000, 0x000000070f400000|100%| O|  |TAMS 0x000000070f200000| PB 0x000000070f200000| Untracked 
| 122|0x000000070f400000, 0x000000070f600000, 0x000000070f600000|100%| O|  |TAMS 0x000000070f400000| PB 0x000000070f400000| Untracked 
| 123|0x000000070f600000, 0x000000070f800000, 0x000000070f800000|100%| O|  |TAMS 0x000000070f600000| PB 0x000000070f600000| Untracked 
| 124|0x000000070f800000, 0x000000070f800000, 0x000000070fa00000|  0%| F|  |TAMS 0x000000070f800000| PB 0x000000070f800000| Untracked 
| 125|0x000000070fa00000, 0x000000070fc00000, 0x000000070fc00000|100%| O|  |TAMS 0x000000070fa00000| PB 0x000000070fa00000| Untracked 
| 126|0x000000070fc00000, 0x000000070fc00000, 0x000000070fe00000|  0%| F|  |TAMS 0x000000070fc00000| PB 0x000000070fc00000| Untracked 
| 127|0x000000070fe00000, 0x0000000710000000, 0x0000000710000000|100%| O|  |TAMS 0x000000070fe00000| PB 0x000000070fe00000| Untracked 
| 128|0x0000000710000000, 0x0000000710200000, 0x0000000710200000|100%| O|  |TAMS 0x0000000710000000| PB 0x0000000710000000| Untracked 
| 129|0x0000000710200000, 0x0000000710400000, 0x0000000710400000|100%| O|  |TAMS 0x0000000710200000| PB 0x0000000710200000| Untracked 
| 130|0x0000000710400000, 0x0000000710600000, 0x0000000710600000|100%| O|  |TAMS 0x0000000710400000| PB 0x0000000710400000| Untracked 
| 131|0x0000000710600000, 0x0000000710800000, 0x0000000710800000|100%| O|  |TAMS 0x0000000710600000| PB 0x0000000710600000| Untracked 
| 132|0x0000000710800000, 0x0000000710a00000, 0x0000000710a00000|100%| O|  |TAMS 0x0000000710800000| PB 0x0000000710800000| Untracked 
| 133|0x0000000710a00000, 0x0000000710c00000, 0x0000000710c00000|100%| O|  |TAMS 0x0000000710a00000| PB 0x0000000710a00000| Untracked 
| 134|0x0000000710c00000, 0x0000000710e00000, 0x0000000710e00000|100%| O|  |TAMS 0x0000000710c00000| PB 0x0000000710c00000| Untracked 
| 135|0x0000000710e00000, 0x0000000711000000, 0x0000000711000000|100%| O|  |TAMS 0x0000000710e00000| PB 0x0000000710e00000| Untracked 
| 136|0x0000000711000000, 0x0000000711200000, 0x0000000711200000|100%| O|  |TAMS 0x0000000711000000| PB 0x0000000711000000| Untracked 
| 137|0x0000000711200000, 0x0000000711400000, 0x0000000711400000|100%| O|  |TAMS 0x0000000711200000| PB 0x0000000711200000| Untracked 
| 138|0x0000000711400000, 0x0000000711600000, 0x0000000711600000|100%| O|  |TAMS 0x0000000711400000| PB 0x0000000711400000| Untracked 
| 139|0x0000000711600000, 0x0000000711800000, 0x0000000711800000|100%| O|  |TAMS 0x0000000711600000| PB 0x0000000711600000| Untracked 
| 140|0x0000000711800000, 0x0000000711a00000, 0x0000000711a00000|100%| O|  |TAMS 0x0000000711800000| PB 0x0000000711800000| Untracked 
| 141|0x0000000711a00000, 0x0000000711c00000, 0x0000000711c00000|100%| O|  |TAMS 0x0000000711a00000| PB 0x0000000711a00000| Untracked 
| 142|0x0000000711c00000, 0x0000000711c00000, 0x0000000711e00000|  0%| F|  |TAMS 0x0000000711c00000| PB 0x0000000711c00000| Untracked 
| 143|0x0000000711e00000, 0x0000000712000000, 0x0000000712000000|100%| O|  |TAMS 0x0000000711e00000| PB 0x0000000711e00000| Untracked 
| 144|0x0000000712000000, 0x0000000712200000, 0x0000000712200000|100%| O|  |TAMS 0x0000000712000000| PB 0x0000000712000000| Untracked 
| 145|0x0000000712200000, 0x0000000712200000, 0x0000000712400000|  0%| F|  |TAMS 0x0000000712200000| PB 0x0000000712200000| Untracked 
| 146|0x0000000712400000, 0x0000000712600000, 0x0000000712600000|100%| O|  |TAMS 0x0000000712400000| PB 0x0000000712400000| Untracked 
| 147|0x0000000712600000, 0x0000000712800000, 0x0000000712800000|100%| O|  |TAMS 0x0000000712600000| PB 0x0000000712600000| Untracked 
| 148|0x0000000712800000, 0x0000000712a00000, 0x0000000712a00000|100%| O|  |TAMS 0x0000000712800000| PB 0x0000000712800000| Untracked 
| 149|0x0000000712a00000, 0x0000000712c00000, 0x0000000712c00000|100%| O|  |TAMS 0x0000000712a00000| PB 0x0000000712a00000| Untracked 
| 150|0x0000000712c00000, 0x0000000712e00000, 0x0000000712e00000|100%| O|  |TAMS 0x0000000712c00000| PB 0x0000000712c00000| Untracked 
| 151|0x0000000712e00000, 0x0000000713000000, 0x0000000713000000|100%| O|  |TAMS 0x0000000712e00000| PB 0x0000000712e00000| Untracked 
| 152|0x0000000713000000, 0x0000000713200000, 0x0000000713200000|100%| O|  |TAMS 0x0000000713000000| PB 0x0000000713000000| Untracked 
| 153|0x0000000713200000, 0x0000000713400000, 0x0000000713400000|100%| O|  |TAMS 0x0000000713200000| PB 0x0000000713200000| Untracked 
| 154|0x0000000713400000, 0x0000000713600000, 0x0000000713600000|100%| O|  |TAMS 0x0000000713400000| PB 0x0000000713400000| Untracked 
| 155|0x0000000713600000, 0x0000000713800000, 0x0000000713800000|100%| O|  |TAMS 0x0000000713600000| PB 0x0000000713600000| Untracked 
| 156|0x0000000713800000, 0x0000000713a00000, 0x0000000713a00000|100%| O|  |TAMS 0x0000000713800000| PB 0x0000000713800000| Untracked 
| 157|0x0000000713a00000, 0x0000000713a00000, 0x0000000713c00000|  0%| F|  |TAMS 0x0000000713a00000| PB 0x0000000713a00000| Untracked 
| 158|0x0000000713c00000, 0x0000000713e00000, 0x0000000713e00000|100%| O|  |TAMS 0x0000000713c00000| PB 0x0000000713c00000| Untracked 
| 159|0x0000000713e00000, 0x0000000714000000, 0x0000000714000000|100%| O|  |TAMS 0x0000000713e00000| PB 0x0000000713e00000| Untracked 
| 160|0x0000000714000000, 0x0000000714200000, 0x0000000714200000|100%| O|  |TAMS 0x0000000714000000| PB 0x0000000714000000| Untracked 
| 161|0x0000000714200000, 0x0000000714400000, 0x0000000714400000|100%| O|  |TAMS 0x0000000714200000| PB 0x0000000714200000| Untracked 
| 162|0x0000000714400000, 0x0000000714600000, 0x0000000714600000|100%| O|  |TAMS 0x0000000714400000| PB 0x0000000714400000| Untracked 
| 163|0x0000000714600000, 0x0000000714800000, 0x0000000714800000|100%| O|  |TAMS 0x0000000714600000| PB 0x0000000714600000| Untracked 
| 164|0x0000000714800000, 0x0000000714a00000, 0x0000000714a00000|100%| O|  |TAMS 0x0000000714800000| PB 0x0000000714800000| Untracked 
| 165|0x0000000714a00000, 0x0000000714c00000, 0x0000000714c00000|100%| O|  |TAMS 0x0000000714a00000| PB 0x0000000714a00000| Untracked 
| 166|0x0000000714c00000, 0x0000000714c35400, 0x0000000714e00000| 10%| O|  |TAMS 0x0000000714c00000| PB 0x0000000714c00000| Untracked 
| 167|0x0000000714e00000, 0x0000000714e00000, 0x0000000715000000|  0%| F|  |TAMS 0x0000000714e00000| PB 0x0000000714e00000| Untracked 
| 168|0x0000000715000000, 0x0000000715000000, 0x0000000715200000|  0%| F|  |TAMS 0x0000000715000000| PB 0x0000000715000000| Untracked 
| 169|0x0000000715200000, 0x0000000715200000, 0x0000000715400000|  0%| F|  |TAMS 0x0000000715200000| PB 0x0000000715200000| Untracked 
| 170|0x0000000715400000, 0x0000000715400000, 0x0000000715600000|  0%| F|  |TAMS 0x0000000715400000| PB 0x0000000715400000| Untracked 
| 171|0x0000000715600000, 0x0000000715600000, 0x0000000715800000|  0%| F|  |TAMS 0x0000000715600000| PB 0x0000000715600000| Untracked 
| 172|0x0000000715800000, 0x0000000715800000, 0x0000000715a00000|  0%| F|  |TAMS 0x0000000715800000| PB 0x0000000715800000| Untracked 
| 173|0x0000000715a00000, 0x0000000715a00000, 0x0000000715c00000|  0%| F|  |TAMS 0x0000000715a00000| PB 0x0000000715a00000| Untracked 
| 174|0x0000000715c00000, 0x0000000715c00000, 0x0000000715e00000|  0%| F|  |TAMS 0x0000000715c00000| PB 0x0000000715c00000| Untracked 
| 175|0x0000000715e00000, 0x0000000715e00000, 0x0000000716000000|  0%| F|  |TAMS 0x0000000715e00000| PB 0x0000000715e00000| Untracked 
| 176|0x0000000716000000, 0x0000000716000000, 0x0000000716200000|  0%| F|  |TAMS 0x0000000716000000| PB 0x0000000716000000| Untracked 
| 177|0x0000000716200000, 0x0000000716200000, 0x0000000716400000|  0%| F|  |TAMS 0x0000000716200000| PB 0x0000000716200000| Untracked 
| 178|0x0000000716400000, 0x0000000716400000, 0x0000000716600000|  0%| F|  |TAMS 0x0000000716400000| PB 0x0000000716400000| Untracked 
| 179|0x0000000716600000, 0x0000000716600000, 0x0000000716800000|  0%| F|  |TAMS 0x0000000716600000| PB 0x0000000716600000| Untracked 
| 180|0x0000000716800000, 0x0000000716800000, 0x0000000716a00000|  0%| F|  |TAMS 0x0000000716800000| PB 0x0000000716800000| Untracked 
| 181|0x0000000716a00000, 0x0000000716a00000, 0x0000000716c00000|  0%| F|  |TAMS 0x0000000716a00000| PB 0x0000000716a00000| Untracked 
| 182|0x0000000716c00000, 0x0000000716c00000, 0x0000000716e00000|  0%| F|  |TAMS 0x0000000716c00000| PB 0x0000000716c00000| Untracked 
| 183|0x0000000716e00000, 0x0000000716e00000, 0x0000000717000000|  0%| F|  |TAMS 0x0000000716e00000| PB 0x0000000716e00000| Untracked 
| 184|0x0000000717000000, 0x0000000717000000, 0x0000000717200000|  0%| F|  |TAMS 0x0000000717000000| PB 0x0000000717000000| Untracked 
| 185|0x0000000717200000, 0x0000000717200000, 0x0000000717400000|  0%| F|  |TAMS 0x0000000717200000| PB 0x0000000717200000| Untracked 
| 186|0x0000000717400000, 0x0000000717400000, 0x0000000717600000|  0%| F|  |TAMS 0x0000000717400000| PB 0x0000000717400000| Untracked 
| 187|0x0000000717600000, 0x0000000717600000, 0x0000000717800000|  0%| F|  |TAMS 0x0000000717600000| PB 0x0000000717600000| Untracked 
| 188|0x0000000717800000, 0x0000000717800000, 0x0000000717a00000|  0%| F|  |TAMS 0x0000000717800000| PB 0x0000000717800000| Untracked 
| 189|0x0000000717a00000, 0x0000000717a00000, 0x0000000717c00000|  0%| F|  |TAMS 0x0000000717a00000| PB 0x0000000717a00000| Untracked 
| 190|0x0000000717c00000, 0x0000000717c00000, 0x0000000717e00000|  0%| F|  |TAMS 0x0000000717c00000| PB 0x0000000717c00000| Untracked 
| 191|0x0000000717e00000, 0x0000000717e00000, 0x0000000718000000|  0%| F|  |TAMS 0x0000000717e00000| PB 0x0000000717e00000| Untracked 
| 192|0x0000000718000000, 0x0000000718000000, 0x0000000718200000|  0%| F|  |TAMS 0x0000000718000000| PB 0x0000000718000000| Untracked 
| 193|0x0000000718200000, 0x0000000718200000, 0x0000000718400000|  0%| F|  |TAMS 0x0000000718200000| PB 0x0000000718200000| Untracked 
| 194|0x0000000718400000, 0x0000000718400000, 0x0000000718600000|  0%| F|  |TAMS 0x0000000718400000| PB 0x0000000718400000| Untracked 
| 195|0x0000000718600000, 0x00000007187a36a0, 0x0000000718800000| 81%| S|CS|TAMS 0x0000000718600000| PB 0x0000000718600000| Complete 
| 196|0x0000000718800000, 0x0000000718a00000, 0x0000000718a00000|100%| S|CS|TAMS 0x0000000718800000| PB 0x0000000718800000| Complete 
| 197|0x0000000718a00000, 0x0000000718c00000, 0x0000000718c00000|100%| S|CS|TAMS 0x0000000718a00000| PB 0x0000000718a00000| Complete 
| 198|0x0000000718c00000, 0x0000000718e00000, 0x0000000718e00000|100%| S|CS|TAMS 0x0000000718c00000| PB 0x0000000718c00000| Complete 
| 199|0x0000000718e00000, 0x0000000719000000, 0x0000000719000000|100%| S|CS|TAMS 0x0000000718e00000| PB 0x0000000718e00000| Complete 
| 200|0x0000000719000000, 0x0000000719200000, 0x0000000719200000|100%| S|CS|TAMS 0x0000000719000000| PB 0x0000000719000000| Complete 
| 201|0x0000000719200000, 0x0000000719400000, 0x0000000719400000|100%| S|CS|TAMS 0x0000000719200000| PB 0x0000000719200000| Complete 
| 202|0x0000000719400000, 0x0000000719600000, 0x0000000719600000|100%| S|CS|TAMS 0x0000000719400000| PB 0x0000000719400000| Complete 
| 203|0x0000000719600000, 0x0000000719800000, 0x0000000719800000|100%| S|CS|TAMS 0x0000000719600000| PB 0x0000000719600000| Complete 
| 204|0x0000000719800000, 0x0000000719a00000, 0x0000000719a00000|100%| S|CS|TAMS 0x0000000719800000| PB 0x0000000719800000| Complete 
| 205|0x0000000719a00000, 0x0000000719c00000, 0x0000000719c00000|100%| S|CS|TAMS 0x0000000719a00000| PB 0x0000000719a00000| Complete 
| 206|0x0000000719c00000, 0x0000000719e00000, 0x0000000719e00000|100%| S|CS|TAMS 0x0000000719c00000| PB 0x0000000719c00000| Complete 
| 207|0x0000000719e00000, 0x000000071a000000, 0x000000071a000000|100%| S|CS|TAMS 0x0000000719e00000| PB 0x0000000719e00000| Complete 
| 208|0x000000071a000000, 0x000000071a200000, 0x000000071a200000|100%| S|CS|TAMS 0x000000071a000000| PB 0x000000071a000000| Complete 
| 209|0x000000071a200000, 0x000000071a400000, 0x000000071a400000|100%| S|CS|TAMS 0x000000071a200000| PB 0x000000071a200000| Complete 
| 210|0x000000071a400000, 0x000000071a600000, 0x000000071a600000|100%| S|CS|TAMS 0x000000071a400000| PB 0x000000071a400000| Complete 
| 211|0x000000071a600000, 0x000000071a800000, 0x000000071a800000|100%| S|CS|TAMS 0x000000071a600000| PB 0x000000071a600000| Complete 
| 212|0x000000071a800000, 0x000000071a800000, 0x000000071aa00000|  0%| F|  |TAMS 0x000000071a800000| PB 0x000000071a800000| Untracked 
| 213|0x000000071aa00000, 0x000000071aa00000, 0x000000071ac00000|  0%| F|  |TAMS 0x000000071aa00000| PB 0x000000071aa00000| Untracked 
| 214|0x000000071ac00000, 0x000000071ac00000, 0x000000071ae00000|  0%| F|  |TAMS 0x000000071ac00000| PB 0x000000071ac00000| Untracked 
| 215|0x000000071ae00000, 0x000000071ae00000, 0x000000071b000000|  0%| F|  |TAMS 0x000000071ae00000| PB 0x000000071ae00000| Untracked 
| 216|0x000000071b000000, 0x000000071b000000, 0x000000071b200000|  0%| F|  |TAMS 0x000000071b000000| PB 0x000000071b000000| Untracked 
| 217|0x000000071b200000, 0x000000071b200000, 0x000000071b400000|  0%| F|  |TAMS 0x000000071b200000| PB 0x000000071b200000| Untracked 
| 218|0x000000071b400000, 0x000000071b400000, 0x000000071b600000|  0%| F|  |TAMS 0x000000071b400000| PB 0x000000071b400000| Untracked 
| 219|0x000000071b600000, 0x000000071b600000, 0x000000071b800000|  0%| F|  |TAMS 0x000000071b600000| PB 0x000000071b600000| Untracked 
| 220|0x000000071b800000, 0x000000071b800000, 0x000000071ba00000|  0%| F|  |TAMS 0x000000071b800000| PB 0x000000071b800000| Untracked 
| 221|0x000000071ba00000, 0x000000071ba00000, 0x000000071bc00000|  0%| F|  |TAMS 0x000000071ba00000| PB 0x000000071ba00000| Untracked 
| 222|0x000000071bc00000, 0x000000071bc00000, 0x000000071be00000|  0%| F|  |TAMS 0x000000071bc00000| PB 0x000000071bc00000| Untracked 
| 223|0x000000071be00000, 0x000000071be00000, 0x000000071c000000|  0%| F|  |TAMS 0x000000071be00000| PB 0x000000071be00000| Untracked 
| 224|0x000000071c000000, 0x000000071c000000, 0x000000071c200000|  0%| F|  |TAMS 0x000000071c000000| PB 0x000000071c000000| Untracked 
| 225|0x000000071c200000, 0x000000071c200000, 0x000000071c400000|  0%| F|  |TAMS 0x000000071c200000| PB 0x000000071c200000| Untracked 
| 226|0x000000071c400000, 0x000000071c400000, 0x000000071c600000|  0%| F|  |TAMS 0x000000071c400000| PB 0x000000071c400000| Untracked 
| 227|0x000000071c600000, 0x000000071c600000, 0x000000071c800000|  0%| F|  |TAMS 0x000000071c600000| PB 0x000000071c600000| Untracked 
| 228|0x000000071c800000, 0x000000071ca00000, 0x000000071ca00000|100%| S|CS|TAMS 0x000000071c800000| PB 0x000000071c800000| Complete 
| 229|0x000000071ca00000, 0x000000071cc00000, 0x000000071cc00000|100%| S|CS|TAMS 0x000000071ca00000| PB 0x000000071ca00000| Complete 
| 230|0x000000071cc00000, 0x000000071ce00000, 0x000000071ce00000|100%| S|CS|TAMS 0x000000071cc00000| PB 0x000000071cc00000| Complete 
| 231|0x000000071ce00000, 0x000000071d000000, 0x000000071d000000|100%| S|CS|TAMS 0x000000071ce00000| PB 0x000000071ce00000| Complete 
| 232|0x000000071d000000, 0x000000071d000000, 0x000000071d200000|  0%| F|  |TAMS 0x000000071d000000| PB 0x000000071d000000| Untracked 
| 233|0x000000071d200000, 0x000000071d200000, 0x000000071d400000|  0%| F|  |TAMS 0x000000071d200000| PB 0x000000071d200000| Untracked 
| 234|0x000000071d400000, 0x000000071d400000, 0x000000071d600000|  0%| F|  |TAMS 0x000000071d400000| PB 0x000000071d400000| Untracked 
| 235|0x000000071d600000, 0x000000071d600000, 0x000000071d800000|  0%| F|  |TAMS 0x000000071d600000| PB 0x000000071d600000| Untracked 
| 236|0x000000071d800000, 0x000000071d800000, 0x000000071da00000|  0%| F|  |TAMS 0x000000071d800000| PB 0x000000071d800000| Untracked 
| 237|0x000000071da00000, 0x000000071da00000, 0x000000071dc00000|  0%| F|  |TAMS 0x000000071da00000| PB 0x000000071da00000| Untracked 
| 238|0x000000071dc00000, 0x000000071dc00000, 0x000000071de00000|  0%| F|  |TAMS 0x000000071dc00000| PB 0x000000071dc00000| Untracked 
| 239|0x000000071de00000, 0x000000071de00000, 0x000000071e000000|  0%| F|  |TAMS 0x000000071de00000| PB 0x000000071de00000| Untracked 
| 240|0x000000071e000000, 0x000000071e000000, 0x000000071e200000|  0%| F|  |TAMS 0x000000071e000000| PB 0x000000071e000000| Untracked 
| 241|0x000000071e200000, 0x000000071e200000, 0x000000071e400000|  0%| F|  |TAMS 0x000000071e200000| PB 0x000000071e200000| Untracked 
| 242|0x000000071e400000, 0x000000071e400000, 0x000000071e600000|  0%| F|  |TAMS 0x000000071e400000| PB 0x000000071e400000| Untracked 
| 243|0x000000071e600000, 0x000000071e600000, 0x000000071e800000|  0%| F|  |TAMS 0x000000071e600000| PB 0x000000071e600000| Untracked 
| 244|0x000000071e800000, 0x000000071e800000, 0x000000071ea00000|  0%| F|  |TAMS 0x000000071e800000| PB 0x000000071e800000| Untracked 
| 245|0x000000071ea00000, 0x000000071ea00000, 0x000000071ec00000|  0%| F|  |TAMS 0x000000071ea00000| PB 0x000000071ea00000| Untracked 
| 246|0x000000071ec00000, 0x000000071ec00000, 0x000000071ee00000|  0%| F|  |TAMS 0x000000071ec00000| PB 0x000000071ec00000| Untracked 
| 247|0x000000071ee00000, 0x000000071ee00000, 0x000000071f000000|  0%| F|  |TAMS 0x000000071ee00000| PB 0x000000071ee00000| Untracked 
| 248|0x000000071f000000, 0x000000071f000000, 0x000000071f200000|  0%| F|  |TAMS 0x000000071f000000| PB 0x000000071f000000| Untracked 
| 249|0x000000071f200000, 0x000000071f200000, 0x000000071f400000|  0%| F|  |TAMS 0x000000071f200000| PB 0x000000071f200000| Untracked 
| 250|0x000000071f400000, 0x000000071f400000, 0x000000071f600000|  0%| F|  |TAMS 0x000000071f400000| PB 0x000000071f400000| Untracked 
| 251|0x000000071f600000, 0x000000071f600000, 0x000000071f800000|  0%| F|  |TAMS 0x000000071f600000| PB 0x000000071f600000| Untracked 
| 252|0x000000071f800000, 0x000000071f800000, 0x000000071fa00000|  0%| F|  |TAMS 0x000000071f800000| PB 0x000000071f800000| Untracked 
| 253|0x000000071fa00000, 0x000000071fa00000, 0x000000071fc00000|  0%| F|  |TAMS 0x000000071fa00000| PB 0x000000071fa00000| Untracked 
| 254|0x000000071fc00000, 0x000000071fc00000, 0x000000071fe00000|  0%| F|  |TAMS 0x000000071fc00000| PB 0x000000071fc00000| Untracked 
| 255|0x000000071fe00000, 0x000000071fe00000, 0x0000000720000000|  0%| F|  |TAMS 0x000000071fe00000| PB 0x000000071fe00000| Untracked 
| 256|0x0000000720000000, 0x0000000720000000, 0x0000000720200000|  0%| F|  |TAMS 0x0000000720000000| PB 0x0000000720000000| Untracked 
| 257|0x0000000720200000, 0x0000000720200000, 0x0000000720400000|  0%| F|  |TAMS 0x0000000720200000| PB 0x0000000720200000| Untracked 
| 258|0x0000000720400000, 0x0000000720400000, 0x0000000720600000|  0%| F|  |TAMS 0x0000000720400000| PB 0x0000000720400000| Untracked 
| 259|0x0000000720600000, 0x0000000720600000, 0x0000000720800000|  0%| F|  |TAMS 0x0000000720600000| PB 0x0000000720600000| Untracked 
| 260|0x0000000720800000, 0x0000000720800000, 0x0000000720a00000|  0%| F|  |TAMS 0x0000000720800000| PB 0x0000000720800000| Untracked 
| 261|0x0000000720a00000, 0x0000000720a00000, 0x0000000720c00000|  0%| F|  |TAMS 0x0000000720a00000| PB 0x0000000720a00000| Untracked 
| 262|0x0000000720c00000, 0x0000000720c00000, 0x0000000720e00000|  0%| F|  |TAMS 0x0000000720c00000| PB 0x0000000720c00000| Untracked 
| 263|0x0000000720e00000, 0x0000000720e00000, 0x0000000721000000|  0%| F|  |TAMS 0x0000000720e00000| PB 0x0000000720e00000| Untracked 
| 264|0x0000000721000000, 0x0000000721000000, 0x0000000721200000|  0%| F|  |TAMS 0x0000000721000000| PB 0x0000000721000000| Untracked 
| 265|0x0000000721200000, 0x0000000721200000, 0x0000000721400000|  0%| F|  |TAMS 0x0000000721200000| PB 0x0000000721200000| Untracked 
| 266|0x0000000721400000, 0x0000000721400000, 0x0000000721600000|  0%| F|  |TAMS 0x0000000721400000| PB 0x0000000721400000| Untracked 
| 267|0x0000000721600000, 0x0000000721600000, 0x0000000721800000|  0%| F|  |TAMS 0x0000000721600000| PB 0x0000000721600000| Untracked 
| 268|0x0000000721800000, 0x0000000721800000, 0x0000000721a00000|  0%| F|  |TAMS 0x0000000721800000| PB 0x0000000721800000| Untracked 
| 269|0x0000000721a00000, 0x0000000721a00000, 0x0000000721c00000|  0%| F|  |TAMS 0x0000000721a00000| PB 0x0000000721a00000| Untracked 
| 270|0x0000000721c00000, 0x0000000721c00000, 0x0000000721e00000|  0%| F|  |TAMS 0x0000000721c00000| PB 0x0000000721c00000| Untracked 
| 271|0x0000000721e00000, 0x0000000721e00000, 0x0000000722000000|  0%| F|  |TAMS 0x0000000721e00000| PB 0x0000000721e00000| Untracked 
| 272|0x0000000722000000, 0x0000000722000000, 0x0000000722200000|  0%| F|  |TAMS 0x0000000722000000| PB 0x0000000722000000| Untracked 
| 273|0x0000000722200000, 0x0000000722200000, 0x0000000722400000|  0%| F|  |TAMS 0x0000000722200000| PB 0x0000000722200000| Untracked 
| 274|0x0000000722400000, 0x0000000722400000, 0x0000000722600000|  0%| F|  |TAMS 0x0000000722400000| PB 0x0000000722400000| Untracked 
| 275|0x0000000722600000, 0x0000000722600000, 0x0000000722800000|  0%| F|  |TAMS 0x0000000722600000| PB 0x0000000722600000| Untracked 
| 276|0x0000000722800000, 0x0000000722800000, 0x0000000722a00000|  0%| F|  |TAMS 0x0000000722800000| PB 0x0000000722800000| Untracked 
| 277|0x0000000722a00000, 0x0000000722a00000, 0x0000000722c00000|  0%| F|  |TAMS 0x0000000722a00000| PB 0x0000000722a00000| Untracked 
| 278|0x0000000722c00000, 0x0000000722c00000, 0x0000000722e00000|  0%| F|  |TAMS 0x0000000722c00000| PB 0x0000000722c00000| Untracked 
| 279|0x0000000722e00000, 0x0000000722e00000, 0x0000000723000000|  0%| F|  |TAMS 0x0000000722e00000| PB 0x0000000722e00000| Untracked 
| 280|0x0000000723000000, 0x0000000723000000, 0x0000000723200000|  0%| F|  |TAMS 0x0000000723000000| PB 0x0000000723000000| Untracked 
| 281|0x0000000723200000, 0x0000000723200000, 0x0000000723400000|  0%| F|  |TAMS 0x0000000723200000| PB 0x0000000723200000| Untracked 
| 282|0x0000000723400000, 0x0000000723400000, 0x0000000723600000|  0%| F|  |TAMS 0x0000000723400000| PB 0x0000000723400000| Untracked 
| 283|0x0000000723600000, 0x0000000723600000, 0x0000000723800000|  0%| F|  |TAMS 0x0000000723600000| PB 0x0000000723600000| Untracked 
| 284|0x0000000723800000, 0x0000000723800000, 0x0000000723a00000|  0%| F|  |TAMS 0x0000000723800000| PB 0x0000000723800000| Untracked 
| 285|0x0000000723a00000, 0x0000000723a00000, 0x0000000723c00000|  0%| F|  |TAMS 0x0000000723a00000| PB 0x0000000723a00000| Untracked 
| 286|0x0000000723c00000, 0x0000000723c00000, 0x0000000723e00000|  0%| F|  |TAMS 0x0000000723c00000| PB 0x0000000723c00000| Untracked 
| 287|0x0000000723e00000, 0x0000000723e00000, 0x0000000724000000|  0%| F|  |TAMS 0x0000000723e00000| PB 0x0000000723e00000| Untracked 
| 288|0x0000000724000000, 0x0000000724000000, 0x0000000724200000|  0%| F|  |TAMS 0x0000000724000000| PB 0x0000000724000000| Untracked 
| 289|0x0000000724200000, 0x0000000724200000, 0x0000000724400000|  0%| F|  |TAMS 0x0000000724200000| PB 0x0000000724200000| Untracked 
| 290|0x0000000724400000, 0x0000000724400000, 0x0000000724600000|  0%| F|  |TAMS 0x0000000724400000| PB 0x0000000724400000| Untracked 
| 291|0x0000000724600000, 0x0000000724600000, 0x0000000724800000|  0%| F|  |TAMS 0x0000000724600000| PB 0x0000000724600000| Untracked 
| 292|0x0000000724800000, 0x0000000724800000, 0x0000000724a00000|  0%| F|  |TAMS 0x0000000724800000| PB 0x0000000724800000| Untracked 
| 293|0x0000000724a00000, 0x0000000724a00000, 0x0000000724c00000|  0%| F|  |TAMS 0x0000000724a00000| PB 0x0000000724a00000| Untracked 
| 294|0x0000000724c00000, 0x0000000724c00000, 0x0000000724e00000|  0%| F|  |TAMS 0x0000000724c00000| PB 0x0000000724c00000| Untracked 
| 295|0x0000000724e00000, 0x0000000724e00000, 0x0000000725000000|  0%| F|  |TAMS 0x0000000724e00000| PB 0x0000000724e00000| Untracked 
| 296|0x0000000725000000, 0x0000000725000000, 0x0000000725200000|  0%| F|  |TAMS 0x0000000725000000| PB 0x0000000725000000| Untracked 
| 297|0x0000000725200000, 0x0000000725200000, 0x0000000725400000|  0%| F|  |TAMS 0x0000000725200000| PB 0x0000000725200000| Untracked 
| 298|0x0000000725400000, 0x0000000725400000, 0x0000000725600000|  0%| F|  |TAMS 0x0000000725400000| PB 0x0000000725400000| Untracked 
| 299|0x0000000725600000, 0x0000000725600000, 0x0000000725800000|  0%| F|  |TAMS 0x0000000725600000| PB 0x0000000725600000| Untracked 
| 300|0x0000000725800000, 0x0000000725800000, 0x0000000725a00000|  0%| F|  |TAMS 0x0000000725800000| PB 0x0000000725800000| Untracked 
| 301|0x0000000725a00000, 0x0000000725a00000, 0x0000000725c00000|  0%| F|  |TAMS 0x0000000725a00000| PB 0x0000000725a00000| Untracked 
| 302|0x0000000725c00000, 0x0000000725c00000, 0x0000000725e00000|  0%| F|  |TAMS 0x0000000725c00000| PB 0x0000000725c00000| Untracked 
| 303|0x0000000725e00000, 0x0000000725e00000, 0x0000000726000000|  0%| F|  |TAMS 0x0000000725e00000| PB 0x0000000725e00000| Untracked 
| 304|0x0000000726000000, 0x0000000726000000, 0x0000000726200000|  0%| F|  |TAMS 0x0000000726000000| PB 0x0000000726000000| Untracked 
| 305|0x0000000726200000, 0x0000000726200000, 0x0000000726400000|  0%| F|  |TAMS 0x0000000726200000| PB 0x0000000726200000| Untracked 
| 306|0x0000000726400000, 0x0000000726400000, 0x0000000726600000|  0%| F|  |TAMS 0x0000000726400000| PB 0x0000000726400000| Untracked 
| 307|0x0000000726600000, 0x0000000726600000, 0x0000000726800000|  0%| F|  |TAMS 0x0000000726600000| PB 0x0000000726600000| Untracked 
| 308|0x0000000726800000, 0x0000000726800000, 0x0000000726a00000|  0%| F|  |TAMS 0x0000000726800000| PB 0x0000000726800000| Untracked 
| 309|0x0000000726a00000, 0x0000000726a00000, 0x0000000726c00000|  0%| F|  |TAMS 0x0000000726a00000| PB 0x0000000726a00000| Untracked 
| 310|0x0000000726c00000, 0x0000000726c00000, 0x0000000726e00000|  0%| F|  |TAMS 0x0000000726c00000| PB 0x0000000726c00000| Untracked 
| 311|0x0000000726e00000, 0x0000000726e00000, 0x0000000727000000|  0%| F|  |TAMS 0x0000000726e00000| PB 0x0000000726e00000| Untracked 
| 312|0x0000000727000000, 0x0000000727000000, 0x0000000727200000|  0%| F|  |TAMS 0x0000000727000000| PB 0x0000000727000000| Untracked 
| 313|0x0000000727200000, 0x0000000727200000, 0x0000000727400000|  0%| F|  |TAMS 0x0000000727200000| PB 0x0000000727200000| Untracked 
| 314|0x0000000727400000, 0x0000000727400000, 0x0000000727600000|  0%| F|  |TAMS 0x0000000727400000| PB 0x0000000727400000| Untracked 
| 315|0x0000000727600000, 0x0000000727600000, 0x0000000727800000|  0%| F|  |TAMS 0x0000000727600000| PB 0x0000000727600000| Untracked 
| 316|0x0000000727800000, 0x0000000727800000, 0x0000000727a00000|  0%| F|  |TAMS 0x0000000727800000| PB 0x0000000727800000| Untracked 
| 317|0x0000000727a00000, 0x0000000727a00000, 0x0000000727c00000|  0%| F|  |TAMS 0x0000000727a00000| PB 0x0000000727a00000| Untracked 
| 318|0x0000000727c00000, 0x0000000727c00000, 0x0000000727e00000|  0%| F|  |TAMS 0x0000000727c00000| PB 0x0000000727c00000| Untracked 
| 319|0x0000000727e00000, 0x0000000727e00000, 0x0000000728000000|  0%| F|  |TAMS 0x0000000727e00000| PB 0x0000000727e00000| Untracked 
| 320|0x0000000728000000, 0x0000000728000000, 0x0000000728200000|  0%| F|  |TAMS 0x0000000728000000| PB 0x0000000728000000| Untracked 
| 321|0x0000000728200000, 0x0000000728200000, 0x0000000728400000|  0%| F|  |TAMS 0x0000000728200000| PB 0x0000000728200000| Untracked 
| 322|0x0000000728400000, 0x0000000728400000, 0x0000000728600000|  0%| F|  |TAMS 0x0000000728400000| PB 0x0000000728400000| Untracked 
| 323|0x0000000728600000, 0x0000000728600000, 0x0000000728800000|  0%| F|  |TAMS 0x0000000728600000| PB 0x0000000728600000| Untracked 
| 324|0x0000000728800000, 0x0000000728800000, 0x0000000728a00000|  0%| F|  |TAMS 0x0000000728800000| PB 0x0000000728800000| Untracked 
| 325|0x0000000728a00000, 0x0000000728a00000, 0x0000000728c00000|  0%| F|  |TAMS 0x0000000728a00000| PB 0x0000000728a00000| Untracked 
| 326|0x0000000728c00000, 0x0000000728c00000, 0x0000000728e00000|  0%| F|  |TAMS 0x0000000728c00000| PB 0x0000000728c00000| Untracked 
| 327|0x0000000728e00000, 0x0000000728e00000, 0x0000000729000000|  0%| F|  |TAMS 0x0000000728e00000| PB 0x0000000728e00000| Untracked 
| 328|0x0000000729000000, 0x0000000729000000, 0x0000000729200000|  0%| F|  |TAMS 0x0000000729000000| PB 0x0000000729000000| Untracked 
| 329|0x0000000729200000, 0x0000000729200000, 0x0000000729400000|  0%| F|  |TAMS 0x0000000729200000| PB 0x0000000729200000| Untracked 
| 330|0x0000000729400000, 0x0000000729400000, 0x0000000729600000|  0%| F|  |TAMS 0x0000000729400000| PB 0x0000000729400000| Untracked 
| 331|0x0000000729600000, 0x0000000729600000, 0x0000000729800000|  0%| F|  |TAMS 0x0000000729600000| PB 0x0000000729600000| Untracked 
| 332|0x0000000729800000, 0x0000000729800000, 0x0000000729a00000|  0%| F|  |TAMS 0x0000000729800000| PB 0x0000000729800000| Untracked 
| 333|0x0000000729a00000, 0x0000000729a00000, 0x0000000729c00000|  0%| F|  |TAMS 0x0000000729a00000| PB 0x0000000729a00000| Untracked 
| 334|0x0000000729c00000, 0x0000000729c00000, 0x0000000729e00000|  0%| F|  |TAMS 0x0000000729c00000| PB 0x0000000729c00000| Untracked 
| 335|0x0000000729e00000, 0x0000000729e00000, 0x000000072a000000|  0%| F|  |TAMS 0x0000000729e00000| PB 0x0000000729e00000| Untracked 
| 336|0x000000072a000000, 0x000000072a000000, 0x000000072a200000|  0%| F|  |TAMS 0x000000072a000000| PB 0x000000072a000000| Untracked 
| 337|0x000000072a200000, 0x000000072a200000, 0x000000072a400000|  0%| F|  |TAMS 0x000000072a200000| PB 0x000000072a200000| Untracked 
| 338|0x000000072a400000, 0x000000072a400000, 0x000000072a600000|  0%| F|  |TAMS 0x000000072a400000| PB 0x000000072a400000| Untracked 
| 339|0x000000072a600000, 0x000000072a600000, 0x000000072a800000|  0%| F|  |TAMS 0x000000072a600000| PB 0x000000072a600000| Untracked 
| 340|0x000000072a800000, 0x000000072a800000, 0x000000072aa00000|  0%| F|  |TAMS 0x000000072a800000| PB 0x000000072a800000| Untracked 
| 341|0x000000072aa00000, 0x000000072aa00000, 0x000000072ac00000|  0%| F|  |TAMS 0x000000072aa00000| PB 0x000000072aa00000| Untracked 
| 342|0x000000072ac00000, 0x000000072ac00000, 0x000000072ae00000|  0%| F|  |TAMS 0x000000072ac00000| PB 0x000000072ac00000| Untracked 
| 343|0x000000072ae00000, 0x000000072ae00000, 0x000000072b000000|  0%| F|  |TAMS 0x000000072ae00000| PB 0x000000072ae00000| Untracked 
| 344|0x000000072b000000, 0x000000072b000000, 0x000000072b200000|  0%| F|  |TAMS 0x000000072b000000| PB 0x000000072b000000| Untracked 
| 345|0x000000072b200000, 0x000000072b200000, 0x000000072b400000|  0%| F|  |TAMS 0x000000072b200000| PB 0x000000072b200000| Untracked 
| 346|0x000000072b400000, 0x000000072b400000, 0x000000072b600000|  0%| F|  |TAMS 0x000000072b400000| PB 0x000000072b400000| Untracked 
| 347|0x000000072b600000, 0x000000072b600000, 0x000000072b800000|  0%| F|  |TAMS 0x000000072b600000| PB 0x000000072b600000| Untracked 
| 348|0x000000072b800000, 0x000000072b800000, 0x000000072ba00000|  0%| F|  |TAMS 0x000000072b800000| PB 0x000000072b800000| Untracked 
| 349|0x000000072ba00000, 0x000000072ba00000, 0x000000072bc00000|  0%| F|  |TAMS 0x000000072ba00000| PB 0x000000072ba00000| Untracked 
| 350|0x000000072bc00000, 0x000000072bc00000, 0x000000072be00000|  0%| F|  |TAMS 0x000000072bc00000| PB 0x000000072bc00000| Untracked 
| 351|0x000000072be00000, 0x000000072be00000, 0x000000072c000000|  0%| F|  |TAMS 0x000000072be00000| PB 0x000000072be00000| Untracked 
| 352|0x000000072c000000, 0x000000072c000000, 0x000000072c200000|  0%| F|  |TAMS 0x000000072c000000| PB 0x000000072c000000| Untracked 
| 353|0x000000072c200000, 0x000000072c200000, 0x000000072c400000|  0%| F|  |TAMS 0x000000072c200000| PB 0x000000072c200000| Untracked 
| 354|0x000000072c400000, 0x000000072c400000, 0x000000072c600000|  0%| F|  |TAMS 0x000000072c400000| PB 0x000000072c400000| Untracked 
| 355|0x000000072c600000, 0x000000072c600000, 0x000000072c800000|  0%| F|  |TAMS 0x000000072c600000| PB 0x000000072c600000| Untracked 
| 356|0x000000072c800000, 0x000000072c800000, 0x000000072ca00000|  0%| F|  |TAMS 0x000000072c800000| PB 0x000000072c800000| Untracked 
| 357|0x000000072ca00000, 0x000000072ca00000, 0x000000072cc00000|  0%| F|  |TAMS 0x000000072ca00000| PB 0x000000072ca00000| Untracked 
| 358|0x000000072cc00000, 0x000000072cc00000, 0x000000072ce00000|  0%| F|  |TAMS 0x000000072cc00000| PB 0x000000072cc00000| Untracked 
| 359|0x000000072ce00000, 0x000000072ce00000, 0x000000072d000000|  0%| F|  |TAMS 0x000000072ce00000| PB 0x000000072ce00000| Untracked 
| 360|0x000000072d000000, 0x000000072d000000, 0x000000072d200000|  0%| F|  |TAMS 0x000000072d000000| PB 0x000000072d000000| Untracked 
| 361|0x000000072d200000, 0x000000072d200000, 0x000000072d400000|  0%| F|  |TAMS 0x000000072d200000| PB 0x000000072d200000| Untracked 
| 362|0x000000072d400000, 0x000000072d400000, 0x000000072d600000|  0%| F|  |TAMS 0x000000072d400000| PB 0x000000072d400000| Untracked 
| 363|0x000000072d600000, 0x000000072d600000, 0x000000072d800000|  0%| F|  |TAMS 0x000000072d600000| PB 0x000000072d600000| Untracked 
| 364|0x000000072d800000, 0x000000072d800000, 0x000000072da00000|  0%| F|  |TAMS 0x000000072d800000| PB 0x000000072d800000| Untracked 
| 365|0x000000072da00000, 0x000000072da00000, 0x000000072dc00000|  0%| F|  |TAMS 0x000000072da00000| PB 0x000000072da00000| Untracked 
| 366|0x000000072dc00000, 0x000000072dc00000, 0x000000072de00000|  0%| F|  |TAMS 0x000000072dc00000| PB 0x000000072dc00000| Untracked 
| 367|0x000000072de00000, 0x000000072de00000, 0x000000072e000000|  0%| F|  |TAMS 0x000000072de00000| PB 0x000000072de00000| Untracked 
| 368|0x000000072e000000, 0x000000072e000000, 0x000000072e200000|  0%| F|  |TAMS 0x000000072e000000| PB 0x000000072e000000| Untracked 
| 369|0x000000072e200000, 0x000000072e200000, 0x000000072e400000|  0%| F|  |TAMS 0x000000072e200000| PB 0x000000072e200000| Untracked 
| 370|0x000000072e400000, 0x000000072e400000, 0x000000072e600000|  0%| F|  |TAMS 0x000000072e400000| PB 0x000000072e400000| Untracked 
| 371|0x000000072e600000, 0x000000072e600000, 0x000000072e800000|  0%| F|  |TAMS 0x000000072e600000| PB 0x000000072e600000| Untracked 
| 372|0x000000072e800000, 0x000000072e800000, 0x000000072ea00000|  0%| F|  |TAMS 0x000000072e800000| PB 0x000000072e800000| Untracked 
| 373|0x000000072ea00000, 0x000000072ea00000, 0x000000072ec00000|  0%| F|  |TAMS 0x000000072ea00000| PB 0x000000072ea00000| Untracked 
| 374|0x000000072ec00000, 0x000000072ec00000, 0x000000072ee00000|  0%| F|  |TAMS 0x000000072ec00000| PB 0x000000072ec00000| Untracked 
| 375|0x000000072ee00000, 0x000000072ee00000, 0x000000072f000000|  0%| F|  |TAMS 0x000000072ee00000| PB 0x000000072ee00000| Untracked 
| 376|0x000000072f000000, 0x000000072f000000, 0x000000072f200000|  0%| F|  |TAMS 0x000000072f000000| PB 0x000000072f000000| Untracked 
| 377|0x000000072f200000, 0x000000072f200000, 0x000000072f400000|  0%| F|  |TAMS 0x000000072f200000| PB 0x000000072f200000| Untracked 
| 378|0x000000072f400000, 0x000000072f400000, 0x000000072f600000|  0%| F|  |TAMS 0x000000072f400000| PB 0x000000072f400000| Untracked 
| 379|0x000000072f600000, 0x000000072f600000, 0x000000072f800000|  0%| F|  |TAMS 0x000000072f600000| PB 0x000000072f600000| Untracked 
| 380|0x000000072f800000, 0x000000072f800000, 0x000000072fa00000|  0%| F|  |TAMS 0x000000072f800000| PB 0x000000072f800000| Untracked 
| 381|0x000000072fa00000, 0x000000072fa00000, 0x000000072fc00000|  0%| F|  |TAMS 0x000000072fa00000| PB 0x000000072fa00000| Untracked 
| 382|0x000000072fc00000, 0x000000072fc00000, 0x000000072fe00000|  0%| F|  |TAMS 0x000000072fc00000| PB 0x000000072fc00000| Untracked 
| 383|0x000000072fe00000, 0x000000072fe00000, 0x0000000730000000|  0%| F|  |TAMS 0x000000072fe00000| PB 0x000000072fe00000| Untracked 
| 384|0x0000000730000000, 0x0000000730000000, 0x0000000730200000|  0%| F|  |TAMS 0x0000000730000000| PB 0x0000000730000000| Untracked 
| 385|0x0000000730200000, 0x0000000730200000, 0x0000000730400000|  0%| F|  |TAMS 0x0000000730200000| PB 0x0000000730200000| Untracked 
| 386|0x0000000730400000, 0x0000000730400000, 0x0000000730600000|  0%| F|  |TAMS 0x0000000730400000| PB 0x0000000730400000| Untracked 
| 387|0x0000000730600000, 0x0000000730600000, 0x0000000730800000|  0%| F|  |TAMS 0x0000000730600000| PB 0x0000000730600000| Untracked 
| 388|0x0000000730800000, 0x0000000730800000, 0x0000000730a00000|  0%| F|  |TAMS 0x0000000730800000| PB 0x0000000730800000| Untracked 
| 389|0x0000000730a00000, 0x0000000730a00000, 0x0000000730c00000|  0%| F|  |TAMS 0x0000000730a00000| PB 0x0000000730a00000| Untracked 
| 390|0x0000000730c00000, 0x0000000730c00000, 0x0000000730e00000|  0%| F|  |TAMS 0x0000000730c00000| PB 0x0000000730c00000| Untracked 
| 391|0x0000000730e00000, 0x0000000730e00000, 0x0000000731000000|  0%| F|  |TAMS 0x0000000730e00000| PB 0x0000000730e00000| Untracked 
| 392|0x0000000731000000, 0x0000000731000000, 0x0000000731200000|  0%| F|  |TAMS 0x0000000731000000| PB 0x0000000731000000| Untracked 
| 393|0x0000000731200000, 0x0000000731200000, 0x0000000731400000|  0%| F|  |TAMS 0x0000000731200000| PB 0x0000000731200000| Untracked 
| 394|0x0000000731400000, 0x0000000731400000, 0x0000000731600000|  0%| F|  |TAMS 0x0000000731400000| PB 0x0000000731400000| Untracked 
| 395|0x0000000731600000, 0x0000000731600000, 0x0000000731800000|  0%| F|  |TAMS 0x0000000731600000| PB 0x0000000731600000| Untracked 
| 396|0x0000000731800000, 0x0000000731800000, 0x0000000731a00000|  0%| F|  |TAMS 0x0000000731800000| PB 0x0000000731800000| Untracked 
| 397|0x0000000731a00000, 0x0000000731a00000, 0x0000000731c00000|  0%| F|  |TAMS 0x0000000731a00000| PB 0x0000000731a00000| Untracked 
| 398|0x0000000731c00000, 0x0000000731c00000, 0x0000000731e00000|  0%| F|  |TAMS 0x0000000731c00000| PB 0x0000000731c00000| Untracked 
| 399|0x0000000731e00000, 0x0000000731e00000, 0x0000000732000000|  0%| F|  |TAMS 0x0000000731e00000| PB 0x0000000731e00000| Untracked 
| 400|0x0000000732000000, 0x0000000732000000, 0x0000000732200000|  0%| F|  |TAMS 0x0000000732000000| PB 0x0000000732000000| Untracked 
| 401|0x0000000732200000, 0x0000000732200000, 0x0000000732400000|  0%| F|  |TAMS 0x0000000732200000| PB 0x0000000732200000| Untracked 
| 402|0x0000000732400000, 0x0000000732400000, 0x0000000732600000|  0%| F|  |TAMS 0x0000000732400000| PB 0x0000000732400000| Untracked 
| 403|0x0000000732600000, 0x0000000732600000, 0x0000000732800000|  0%| F|  |TAMS 0x0000000732600000| PB 0x0000000732600000| Untracked 
| 404|0x0000000732800000, 0x0000000732800000, 0x0000000732a00000|  0%| F|  |TAMS 0x0000000732800000| PB 0x0000000732800000| Untracked 
| 405|0x0000000732a00000, 0x0000000732a00000, 0x0000000732c00000|  0%| F|  |TAMS 0x0000000732a00000| PB 0x0000000732a00000| Untracked 
| 406|0x0000000732c00000, 0x0000000732c00000, 0x0000000732e00000|  0%| F|  |TAMS 0x0000000732c00000| PB 0x0000000732c00000| Untracked 
| 407|0x0000000732e00000, 0x0000000732e00000, 0x0000000733000000|  0%| F|  |TAMS 0x0000000732e00000| PB 0x0000000732e00000| Untracked 
| 408|0x0000000733000000, 0x0000000733000000, 0x0000000733200000|  0%| F|  |TAMS 0x0000000733000000| PB 0x0000000733000000| Untracked 
| 409|0x0000000733200000, 0x0000000733200000, 0x0000000733400000|  0%| F|  |TAMS 0x0000000733200000| PB 0x0000000733200000| Untracked 
| 410|0x0000000733400000, 0x0000000733400000, 0x0000000733600000|  0%| F|  |TAMS 0x0000000733400000| PB 0x0000000733400000| Untracked 
| 411|0x0000000733600000, 0x0000000733600000, 0x0000000733800000|  0%| F|  |TAMS 0x0000000733600000| PB 0x0000000733600000| Untracked 
| 412|0x0000000733800000, 0x0000000733800000, 0x0000000733a00000|  0%| F|  |TAMS 0x0000000733800000| PB 0x0000000733800000| Untracked 
| 413|0x0000000733a00000, 0x0000000733a00000, 0x0000000733c00000|  0%| F|  |TAMS 0x0000000733a00000| PB 0x0000000733a00000| Untracked 
| 414|0x0000000733c00000, 0x0000000733c00000, 0x0000000733e00000|  0%| F|  |TAMS 0x0000000733c00000| PB 0x0000000733c00000| Untracked 
| 415|0x0000000733e00000, 0x0000000733e00000, 0x0000000734000000|  0%| F|  |TAMS 0x0000000733e00000| PB 0x0000000733e00000| Untracked 
| 416|0x0000000734000000, 0x0000000734000000, 0x0000000734200000|  0%| F|  |TAMS 0x0000000734000000| PB 0x0000000734000000| Untracked 
| 417|0x0000000734200000, 0x0000000734200000, 0x0000000734400000|  0%| F|  |TAMS 0x0000000734200000| PB 0x0000000734200000| Untracked 
| 418|0x0000000734400000, 0x0000000734400000, 0x0000000734600000|  0%| F|  |TAMS 0x0000000734400000| PB 0x0000000734400000| Untracked 
| 419|0x0000000734600000, 0x0000000734600000, 0x0000000734800000|  0%| F|  |TAMS 0x0000000734600000| PB 0x0000000734600000| Untracked 
| 420|0x0000000734800000, 0x0000000734800000, 0x0000000734a00000|  0%| F|  |TAMS 0x0000000734800000| PB 0x0000000734800000| Untracked 
| 421|0x0000000734a00000, 0x0000000734a00000, 0x0000000734c00000|  0%| F|  |TAMS 0x0000000734a00000| PB 0x0000000734a00000| Untracked 
| 422|0x0000000734c00000, 0x0000000734c00000, 0x0000000734e00000|  0%| F|  |TAMS 0x0000000734c00000| PB 0x0000000734c00000| Untracked 
| 423|0x0000000734e00000, 0x0000000734e00000, 0x0000000735000000|  0%| F|  |TAMS 0x0000000734e00000| PB 0x0000000734e00000| Untracked 
| 424|0x0000000735000000, 0x0000000735000000, 0x0000000735200000|  0%| F|  |TAMS 0x0000000735000000| PB 0x0000000735000000| Untracked 
| 425|0x0000000735200000, 0x0000000735200000, 0x0000000735400000|  0%| F|  |TAMS 0x0000000735200000| PB 0x0000000735200000| Untracked 
| 426|0x0000000735400000, 0x0000000735400000, 0x0000000735600000|  0%| F|  |TAMS 0x0000000735400000| PB 0x0000000735400000| Untracked 
| 427|0x0000000735600000, 0x0000000735600000, 0x0000000735800000|  0%| F|  |TAMS 0x0000000735600000| PB 0x0000000735600000| Untracked 
| 428|0x0000000735800000, 0x0000000735800000, 0x0000000735a00000|  0%| F|  |TAMS 0x0000000735800000| PB 0x0000000735800000| Untracked 
| 429|0x0000000735a00000, 0x0000000735a00000, 0x0000000735c00000|  0%| F|  |TAMS 0x0000000735a00000| PB 0x0000000735a00000| Untracked 
| 430|0x0000000735c00000, 0x0000000735c00000, 0x0000000735e00000|  0%| F|  |TAMS 0x0000000735c00000| PB 0x0000000735c00000| Untracked 
| 431|0x0000000735e00000, 0x0000000735e00000, 0x0000000736000000|  0%| F|  |TAMS 0x0000000735e00000| PB 0x0000000735e00000| Untracked 
| 432|0x0000000736000000, 0x0000000736000000, 0x0000000736200000|  0%| F|  |TAMS 0x0000000736000000| PB 0x0000000736000000| Untracked 
| 433|0x0000000736200000, 0x0000000736200000, 0x0000000736400000|  0%| F|  |TAMS 0x0000000736200000| PB 0x0000000736200000| Untracked 
| 434|0x0000000736400000, 0x0000000736400000, 0x0000000736600000|  0%| F|  |TAMS 0x0000000736400000| PB 0x0000000736400000| Untracked 
| 435|0x0000000736600000, 0x0000000736600000, 0x0000000736800000|  0%| F|  |TAMS 0x0000000736600000| PB 0x0000000736600000| Untracked 
| 436|0x0000000736800000, 0x0000000736800000, 0x0000000736a00000|  0%| F|  |TAMS 0x0000000736800000| PB 0x0000000736800000| Untracked 
| 437|0x0000000736a00000, 0x0000000736a00000, 0x0000000736c00000|  0%| F|  |TAMS 0x0000000736a00000| PB 0x0000000736a00000| Untracked 
| 438|0x0000000736c00000, 0x0000000736c00000, 0x0000000736e00000|  0%| F|  |TAMS 0x0000000736c00000| PB 0x0000000736c00000| Untracked 
| 439|0x0000000736e00000, 0x0000000736e00000, 0x0000000737000000|  0%| F|  |TAMS 0x0000000736e00000| PB 0x0000000736e00000| Untracked 
| 440|0x0000000737000000, 0x0000000737000000, 0x0000000737200000|  0%| F|  |TAMS 0x0000000737000000| PB 0x0000000737000000| Untracked 
| 441|0x0000000737200000, 0x0000000737200000, 0x0000000737400000|  0%| F|  |TAMS 0x0000000737200000| PB 0x0000000737200000| Untracked 
| 442|0x0000000737400000, 0x0000000737400000, 0x0000000737600000|  0%| F|  |TAMS 0x0000000737400000| PB 0x0000000737400000| Untracked 
| 443|0x0000000737600000, 0x0000000737600000, 0x0000000737800000|  0%| F|  |TAMS 0x0000000737600000| PB 0x0000000737600000| Untracked 
| 444|0x0000000737800000, 0x0000000737800000, 0x0000000737a00000|  0%| F|  |TAMS 0x0000000737800000| PB 0x0000000737800000| Untracked 
| 445|0x0000000737a00000, 0x0000000737a00000, 0x0000000737c00000|  0%| F|  |TAMS 0x0000000737a00000| PB 0x0000000737a00000| Untracked 
| 446|0x0000000737c00000, 0x0000000737c00000, 0x0000000737e00000|  0%| F|  |TAMS 0x0000000737c00000| PB 0x0000000737c00000| Untracked 
| 447|0x0000000737e00000, 0x0000000737e00000, 0x0000000738000000|  0%| F|  |TAMS 0x0000000737e00000| PB 0x0000000737e00000| Untracked 
| 448|0x0000000738000000, 0x0000000738000000, 0x0000000738200000|  0%| F|  |TAMS 0x0000000738000000| PB 0x0000000738000000| Untracked 
| 449|0x0000000738200000, 0x0000000738200000, 0x0000000738400000|  0%| F|  |TAMS 0x0000000738200000| PB 0x0000000738200000| Untracked 
| 450|0x0000000738400000, 0x0000000738400000, 0x0000000738600000|  0%| F|  |TAMS 0x0000000738400000| PB 0x0000000738400000| Untracked 
| 451|0x0000000738600000, 0x0000000738600000, 0x0000000738800000|  0%| F|  |TAMS 0x0000000738600000| PB 0x0000000738600000| Untracked 
| 452|0x0000000738800000, 0x0000000738800000, 0x0000000738a00000|  0%| F|  |TAMS 0x0000000738800000| PB 0x0000000738800000| Untracked 
| 453|0x0000000738a00000, 0x0000000738a00000, 0x0000000738c00000|  0%| F|  |TAMS 0x0000000738a00000| PB 0x0000000738a00000| Untracked 
| 454|0x0000000738c00000, 0x0000000738c00000, 0x0000000738e00000|  0%| F|  |TAMS 0x0000000738c00000| PB 0x0000000738c00000| Untracked 
| 455|0x0000000738e00000, 0x0000000738e00000, 0x0000000739000000|  0%| F|  |TAMS 0x0000000738e00000| PB 0x0000000738e00000| Untracked 
| 456|0x0000000739000000, 0x0000000739000000, 0x0000000739200000|  0%| F|  |TAMS 0x0000000739000000| PB 0x0000000739000000| Untracked 
| 457|0x0000000739200000, 0x0000000739200000, 0x0000000739400000|  0%| F|  |TAMS 0x0000000739200000| PB 0x0000000739200000| Untracked 
| 458|0x0000000739400000, 0x0000000739400000, 0x0000000739600000|  0%| F|  |TAMS 0x0000000739400000| PB 0x0000000739400000| Untracked 
| 459|0x0000000739600000, 0x0000000739600000, 0x0000000739800000|  0%| F|  |TAMS 0x0000000739600000| PB 0x0000000739600000| Untracked 
| 460|0x0000000739800000, 0x0000000739800000, 0x0000000739a00000|  0%| F|  |TAMS 0x0000000739800000| PB 0x0000000739800000| Untracked 
| 461|0x0000000739a00000, 0x0000000739a00000, 0x0000000739c00000|  0%| F|  |TAMS 0x0000000739a00000| PB 0x0000000739a00000| Untracked 
| 462|0x0000000739c00000, 0x0000000739c00000, 0x0000000739e00000|  0%| F|  |TAMS 0x0000000739c00000| PB 0x0000000739c00000| Untracked 
| 463|0x0000000739e00000, 0x0000000739e00000, 0x000000073a000000|  0%| F|  |TAMS 0x0000000739e00000| PB 0x0000000739e00000| Untracked 
| 464|0x000000073a000000, 0x000000073a000000, 0x000000073a200000|  0%| F|  |TAMS 0x000000073a000000| PB 0x000000073a000000| Untracked 
| 465|0x000000073a200000, 0x000000073a200000, 0x000000073a400000|  0%| F|  |TAMS 0x000000073a200000| PB 0x000000073a200000| Untracked 
| 466|0x000000073a400000, 0x000000073a400000, 0x000000073a600000|  0%| F|  |TAMS 0x000000073a400000| PB 0x000000073a400000| Untracked 
| 467|0x000000073a600000, 0x000000073a600000, 0x000000073a800000|  0%| F|  |TAMS 0x000000073a600000| PB 0x000000073a600000| Untracked 
| 468|0x000000073a800000, 0x000000073a800000, 0x000000073aa00000|  0%| F|  |TAMS 0x000000073a800000| PB 0x000000073a800000| Untracked 
| 469|0x000000073aa00000, 0x000000073aa00000, 0x000000073ac00000|  0%| F|  |TAMS 0x000000073aa00000| PB 0x000000073aa00000| Untracked 
| 470|0x000000073ac00000, 0x000000073ac00000, 0x000000073ae00000|  0%| F|  |TAMS 0x000000073ac00000| PB 0x000000073ac00000| Untracked 
| 471|0x000000073ae00000, 0x000000073ae00000, 0x000000073b000000|  0%| F|  |TAMS 0x000000073ae00000| PB 0x000000073ae00000| Untracked 
| 472|0x000000073b000000, 0x000000073b000000, 0x000000073b200000|  0%| F|  |TAMS 0x000000073b000000| PB 0x000000073b000000| Untracked 
| 473|0x000000073b200000, 0x000000073b200000, 0x000000073b400000|  0%| F|  |TAMS 0x000000073b200000| PB 0x000000073b200000| Untracked 
| 474|0x000000073b400000, 0x000000073b400000, 0x000000073b600000|  0%| F|  |TAMS 0x000000073b400000| PB 0x000000073b400000| Untracked 
| 475|0x000000073b600000, 0x000000073b600000, 0x000000073b800000|  0%| F|  |TAMS 0x000000073b600000| PB 0x000000073b600000| Untracked 
| 476|0x000000073b800000, 0x000000073b800000, 0x000000073ba00000|  0%| F|  |TAMS 0x000000073b800000| PB 0x000000073b800000| Untracked 
| 477|0x000000073ba00000, 0x000000073ba00000, 0x000000073bc00000|  0%| F|  |TAMS 0x000000073ba00000| PB 0x000000073ba00000| Untracked 
| 478|0x000000073bc00000, 0x000000073bc00000, 0x000000073be00000|  0%| F|  |TAMS 0x000000073bc00000| PB 0x000000073bc00000| Untracked 
| 479|0x000000073be00000, 0x000000073be00000, 0x000000073c000000|  0%| F|  |TAMS 0x000000073be00000| PB 0x000000073be00000| Untracked 
| 480|0x000000073c000000, 0x000000073c000000, 0x000000073c200000|  0%| F|  |TAMS 0x000000073c000000| PB 0x000000073c000000| Untracked 
| 481|0x000000073c200000, 0x000000073c200000, 0x000000073c400000|  0%| F|  |TAMS 0x000000073c200000| PB 0x000000073c200000| Untracked 
| 482|0x000000073c400000, 0x000000073c400000, 0x000000073c600000|  0%| F|  |TAMS 0x000000073c400000| PB 0x000000073c400000| Untracked 
| 483|0x000000073c600000, 0x000000073c600000, 0x000000073c800000|  0%| F|  |TAMS 0x000000073c600000| PB 0x000000073c600000| Untracked 
| 484|0x000000073c800000, 0x000000073c800000, 0x000000073ca00000|  0%| F|  |TAMS 0x000000073c800000| PB 0x000000073c800000| Untracked 
| 485|0x000000073ca00000, 0x000000073ca00000, 0x000000073cc00000|  0%| F|  |TAMS 0x000000073ca00000| PB 0x000000073ca00000| Untracked 
| 486|0x000000073cc00000, 0x000000073cc00000, 0x000000073ce00000|  0%| F|  |TAMS 0x000000073cc00000| PB 0x000000073cc00000| Untracked 
| 487|0x000000073ce00000, 0x000000073ce00000, 0x000000073d000000|  0%| F|  |TAMS 0x000000073ce00000| PB 0x000000073ce00000| Untracked 
| 488|0x000000073d000000, 0x000000073d000000, 0x000000073d200000|  0%| F|  |TAMS 0x000000073d000000| PB 0x000000073d000000| Untracked 
| 489|0x000000073d200000, 0x000000073d200000, 0x000000073d400000|  0%| F|  |TAMS 0x000000073d200000| PB 0x000000073d200000| Untracked 
| 490|0x000000073d400000, 0x000000073d400000, 0x000000073d600000|  0%| F|  |TAMS 0x000000073d400000| PB 0x000000073d400000| Untracked 
| 491|0x000000073d600000, 0x000000073d600000, 0x000000073d800000|  0%| F|  |TAMS 0x000000073d600000| PB 0x000000073d600000| Untracked 
| 492|0x000000073d800000, 0x000000073d800000, 0x000000073da00000|  0%| F|  |TAMS 0x000000073d800000| PB 0x000000073d800000| Untracked 
| 493|0x000000073da00000, 0x000000073da00000, 0x000000073dc00000|  0%| F|  |TAMS 0x000000073da00000| PB 0x000000073da00000| Untracked 
| 494|0x000000073dc00000, 0x000000073dc00000, 0x000000073de00000|  0%| F|  |TAMS 0x000000073dc00000| PB 0x000000073dc00000| Untracked 
| 495|0x000000073de00000, 0x000000073de00000, 0x000000073e000000|  0%| F|  |TAMS 0x000000073de00000| PB 0x000000073de00000| Untracked 
| 496|0x000000073e000000, 0x000000073e000000, 0x000000073e200000|  0%| F|  |TAMS 0x000000073e000000| PB 0x000000073e000000| Untracked 
| 497|0x000000073e200000, 0x000000073e200000, 0x000000073e400000|  0%| F|  |TAMS 0x000000073e200000| PB 0x000000073e200000| Untracked 
| 498|0x000000073e400000, 0x000000073e400000, 0x000000073e600000|  0%| F|  |TAMS 0x000000073e400000| PB 0x000000073e400000| Untracked 
| 499|0x000000073e600000, 0x000000073e600000, 0x000000073e800000|  0%| F|  |TAMS 0x000000073e600000| PB 0x000000073e600000| Untracked 
| 500|0x000000073e800000, 0x000000073e800000, 0x000000073ea00000|  0%| F|  |TAMS 0x000000073e800000| PB 0x000000073e800000| Untracked 
| 501|0x000000073ea00000, 0x000000073ea00000, 0x000000073ec00000|  0%| F|  |TAMS 0x000000073ea00000| PB 0x000000073ea00000| Untracked 
| 502|0x000000073ec00000, 0x000000073ec00000, 0x000000073ee00000|  0%| F|  |TAMS 0x000000073ec00000| PB 0x000000073ec00000| Untracked 
| 503|0x000000073ee00000, 0x000000073ee00000, 0x000000073f000000|  0%| F|  |TAMS 0x000000073ee00000| PB 0x000000073ee00000| Untracked 
| 504|0x000000073f000000, 0x000000073f000000, 0x000000073f200000|  0%| F|  |TAMS 0x000000073f000000| PB 0x000000073f000000| Untracked 
| 505|0x000000073f200000, 0x000000073f200000, 0x000000073f400000|  0%| F|  |TAMS 0x000000073f200000| PB 0x000000073f200000| Untracked 
| 506|0x000000073f400000, 0x000000073f400000, 0x000000073f600000|  0%| F|  |TAMS 0x000000073f400000| PB 0x000000073f400000| Untracked 
| 507|0x000000073f600000, 0x000000073f600000, 0x000000073f800000|  0%| F|  |TAMS 0x000000073f600000| PB 0x000000073f600000| Untracked 
| 508|0x000000073f800000, 0x000000073f800000, 0x000000073fa00000|  0%| F|  |TAMS 0x000000073f800000| PB 0x000000073f800000| Untracked 
| 509|0x000000073fa00000, 0x000000073fa00000, 0x000000073fc00000|  0%| F|  |TAMS 0x000000073fa00000| PB 0x000000073fa00000| Untracked 
| 510|0x000000073fc00000, 0x000000073fc00000, 0x000000073fe00000|  0%| F|  |TAMS 0x000000073fc00000| PB 0x000000073fc00000| Untracked 
| 511|0x000000073fe00000, 0x000000073fe00000, 0x0000000740000000|  0%| F|  |TAMS 0x000000073fe00000| PB 0x000000073fe00000| Untracked 
| 512|0x0000000740000000, 0x0000000740000000, 0x0000000740200000|  0%| F|  |TAMS 0x0000000740000000| PB 0x0000000740000000| Untracked 
| 513|0x0000000740200000, 0x0000000740200000, 0x0000000740400000|  0%| F|  |TAMS 0x0000000740200000| PB 0x0000000740200000| Untracked 
| 514|0x0000000740400000, 0x0000000740400000, 0x0000000740600000|  0%| F|  |TAMS 0x0000000740400000| PB 0x0000000740400000| Untracked 
| 515|0x0000000740600000, 0x0000000740600000, 0x0000000740800000|  0%| F|  |TAMS 0x0000000740600000| PB 0x0000000740600000| Untracked 
| 516|0x0000000740800000, 0x0000000740800000, 0x0000000740a00000|  0%| F|  |TAMS 0x0000000740800000| PB 0x0000000740800000| Untracked 
| 517|0x0000000740a00000, 0x0000000740a00000, 0x0000000740c00000|  0%| F|  |TAMS 0x0000000740a00000| PB 0x0000000740a00000| Untracked 
| 518|0x0000000740c00000, 0x0000000740c00000, 0x0000000740e00000|  0%| F|  |TAMS 0x0000000740c00000| PB 0x0000000740c00000| Untracked 
| 519|0x0000000740e00000, 0x0000000740e00000, 0x0000000741000000|  0%| F|  |TAMS 0x0000000740e00000| PB 0x0000000740e00000| Untracked 
| 520|0x0000000741000000, 0x0000000741000000, 0x0000000741200000|  0%| F|  |TAMS 0x0000000741000000| PB 0x0000000741000000| Untracked 
| 521|0x0000000741200000, 0x0000000741200000, 0x0000000741400000|  0%| F|  |TAMS 0x0000000741200000| PB 0x0000000741200000| Untracked 
| 522|0x0000000741400000, 0x0000000741400000, 0x0000000741600000|  0%| F|  |TAMS 0x0000000741400000| PB 0x0000000741400000| Untracked 
| 523|0x0000000741600000, 0x0000000741800000, 0x0000000741800000|100%| E|  |TAMS 0x0000000741600000| PB 0x0000000741600000| Complete 
| 524|0x0000000741800000, 0x0000000741a00000, 0x0000000741a00000|100%| E|CS|TAMS 0x0000000741800000| PB 0x0000000741800000| Complete 
| 525|0x0000000741a00000, 0x0000000741c00000, 0x0000000741c00000|100%| E|CS|TAMS 0x0000000741a00000| PB 0x0000000741a00000| Complete 
| 526|0x0000000741c00000, 0x0000000741e00000, 0x0000000741e00000|100%| E|CS|TAMS 0x0000000741c00000| PB 0x0000000741c00000| Complete 
| 527|0x0000000741e00000, 0x0000000742000000, 0x0000000742000000|100%| E|CS|TAMS 0x0000000741e00000| PB 0x0000000741e00000| Complete 
| 528|0x0000000742000000, 0x0000000742200000, 0x0000000742200000|100%| E|CS|TAMS 0x0000000742000000| PB 0x0000000742000000| Complete 
| 529|0x0000000742200000, 0x0000000742400000, 0x0000000742400000|100%| E|CS|TAMS 0x0000000742200000| PB 0x0000000742200000| Complete 
| 530|0x0000000742400000, 0x0000000742600000, 0x0000000742600000|100%| E|CS|TAMS 0x0000000742400000| PB 0x0000000742400000| Complete 
| 531|0x0000000742600000, 0x0000000742800000, 0x0000000742800000|100%| E|CS|TAMS 0x0000000742600000| PB 0x0000000742600000| Complete 
| 532|0x0000000742800000, 0x0000000742a00000, 0x0000000742a00000|100%| E|CS|TAMS 0x0000000742800000| PB 0x0000000742800000| Complete 
| 533|0x0000000742a00000, 0x0000000742c00000, 0x0000000742c00000|100%| E|CS|TAMS 0x0000000742a00000| PB 0x0000000742a00000| Complete 
| 534|0x0000000742c00000, 0x0000000742e00000, 0x0000000742e00000|100%| E|CS|TAMS 0x0000000742c00000| PB 0x0000000742c00000| Complete 
| 535|0x0000000742e00000, 0x0000000743000000, 0x0000000743000000|100%| E|  |TAMS 0x0000000742e00000| PB 0x0000000742e00000| Complete 
| 536|0x0000000743000000, 0x0000000743200000, 0x0000000743200000|100%| E|CS|TAMS 0x0000000743000000| PB 0x0000000743000000| Complete 
| 537|0x0000000743200000, 0x0000000743400000, 0x0000000743400000|100%| E|CS|TAMS 0x0000000743200000| PB 0x0000000743200000| Complete 
| 538|0x0000000743400000, 0x0000000743600000, 0x0000000743600000|100%| E|CS|TAMS 0x0000000743400000| PB 0x0000000743400000| Complete 
| 539|0x0000000743600000, 0x0000000743800000, 0x0000000743800000|100%| E|CS|TAMS 0x0000000743600000| PB 0x0000000743600000| Complete 
| 540|0x0000000743800000, 0x0000000743a00000, 0x0000000743a00000|100%| E|CS|TAMS 0x0000000743800000| PB 0x0000000743800000| Complete 
| 541|0x0000000743a00000, 0x0000000743c00000, 0x0000000743c00000|100%| E|CS|TAMS 0x0000000743a00000| PB 0x0000000743a00000| Complete 
| 542|0x0000000743c00000, 0x0000000743e00000, 0x0000000743e00000|100%| E|CS|TAMS 0x0000000743c00000| PB 0x0000000743c00000| Complete 
| 543|0x0000000743e00000, 0x0000000744000000, 0x0000000744000000|100%| E|CS|TAMS 0x0000000743e00000| PB 0x0000000743e00000| Complete 
| 544|0x0000000744000000, 0x0000000744200000, 0x0000000744200000|100%| E|CS|TAMS 0x0000000744000000| PB 0x0000000744000000| Complete 
| 545|0x0000000744200000, 0x0000000744400000, 0x0000000744400000|100%| E|CS|TAMS 0x0000000744200000| PB 0x0000000744200000| Complete 
| 546|0x0000000744400000, 0x0000000744600000, 0x0000000744600000|100%| E|CS|TAMS 0x0000000744400000| PB 0x0000000744400000| Complete 
| 547|0x0000000744600000, 0x0000000744800000, 0x0000000744800000|100%| E|CS|TAMS 0x0000000744600000| PB 0x0000000744600000| Complete 
| 548|0x0000000744800000, 0x0000000744a00000, 0x0000000744a00000|100%| E|CS|TAMS 0x0000000744800000| PB 0x0000000744800000| Complete 
| 549|0x0000000744a00000, 0x0000000744c00000, 0x0000000744c00000|100%| E|CS|TAMS 0x0000000744a00000| PB 0x0000000744a00000| Complete 
| 550|0x0000000744c00000, 0x0000000744e00000, 0x0000000744e00000|100%| E|CS|TAMS 0x0000000744c00000| PB 0x0000000744c00000| Complete 
| 551|0x0000000744e00000, 0x0000000745000000, 0x0000000745000000|100%| E|CS|TAMS 0x0000000744e00000| PB 0x0000000744e00000| Complete 
| 552|0x0000000745000000, 0x0000000745200000, 0x0000000745200000|100%| E|CS|TAMS 0x0000000745000000| PB 0x0000000745000000| Complete 
| 553|0x0000000745200000, 0x0000000745400000, 0x0000000745400000|100%| E|CS|TAMS 0x0000000745200000| PB 0x0000000745200000| Complete 
|2029|0x00000007fda00000, 0x00000007fdc00000, 0x00000007fdc00000|100%| O|  |TAMS 0x00000007fda00000| PB 0x00000007fda00000| Untracked 
|2030|0x00000007fdc00000, 0x00000007fde00000, 0x00000007fde00000|100%| E|CS|TAMS 0x00000007fdc00000| PB 0x00000007fdc00000| Complete 
|2031|0x00000007fde00000, 0x00000007fe000000, 0x00000007fe000000|100%| O|  |TAMS 0x00000007fde00000| PB 0x00000007fde00000| Untracked 
|2032|0x00000007fe000000, 0x00000007fe200000, 0x00000007fe200000|100%| E|CS|TAMS 0x00000007fe000000| PB 0x00000007fe000000| Complete 
|2033|0x00000007fe200000, 0x00000007fe400000, 0x00000007fe400000|100%| O|  |TAMS 0x00000007fe200000| PB 0x00000007fe200000| Untracked 
|2034|0x00000007fe400000, 0x00000007fe600000, 0x00000007fe600000|100%| O|  |TAMS 0x00000007fe400000| PB 0x00000007fe400000| Untracked 
|2035|0x00000007fe600000, 0x00000007fe800000, 0x00000007fe800000|100%| O|  |TAMS 0x00000007fe600000| PB 0x00000007fe600000| Untracked 
|2036|0x00000007fe800000, 0x00000007fea00000, 0x00000007fea00000|100%| O|  |TAMS 0x00000007fe800000| PB 0x00000007fe800000| Untracked 
|2037|0x00000007fea00000, 0x00000007fec00000, 0x00000007fec00000|100%| O|  |TAMS 0x00000007fea00000| PB 0x00000007fea00000| Untracked 
|2038|0x00000007fec00000, 0x00000007fee00000, 0x00000007fee00000|100%| O|  |TAMS 0x00000007fec00000| PB 0x00000007fec00000| Untracked 
|2039|0x00000007fee00000, 0x00000007ff000000, 0x00000007ff000000|100%| E|CS|TAMS 0x00000007fee00000| PB 0x00000007fee00000| Complete 
|2040|0x00000007ff000000, 0x00000007ff200000, 0x00000007ff200000|100%| E|CS|TAMS 0x00000007ff000000| PB 0x00000007ff000000| Complete 
|2041|0x00000007ff200000, 0x00000007ff400000, 0x00000007ff400000|100%| E|CS|TAMS 0x00000007ff200000| PB 0x00000007ff200000| Complete 
|2042|0x00000007ff400000, 0x00000007ff600000, 0x00000007ff600000|100%| O|  |TAMS 0x00000007ff400000| PB 0x00000007ff400000| Untracked 
|2043|0x00000007ff600000, 0x00000007ff800000, 0x00000007ff800000|100%| O|  |TAMS 0x00000007ff600000| PB 0x00000007ff600000| Untracked 
|2044|0x00000007ff800000, 0x00000007ffa00000, 0x00000007ffa00000|100%| O|  |TAMS 0x00000007ff800000| PB 0x00000007ff800000| Untracked 
|2045|0x00000007ffa00000, 0x00000007ffc00000, 0x00000007ffc00000|100%| O|  |TAMS 0x00000007ffa00000| PB 0x00000007ffa00000| Untracked 
|2046|0x00000007ffc00000, 0x00000007ffe00000, 0x00000007ffe00000|100%| O|  |TAMS 0x00000007ffc00000| PB 0x00000007ffc00000| Untracked 
|2047|0x00000007ffe00000, 0x0000000800000000, 0x0000000800000000|100%| O|  |TAMS 0x00000007ffe00000| PB 0x00000007ffe00000| Untracked 

Card table byte_map: [0x000001b16aac0000,0x000001b16b2c0000] _byte_map_base: 0x000001b1672c0000

Marking Bits: (CMBitMap*) 0x000001b1579370c0
 Bits: [0x000001b16b2c0000, 0x000001b16f2c0000)

Polling page: 0x000001b1556e0000

Metaspace:

Usage:
  Non-class:     95.69 MB used.
      Class:     15.45 MB used.
       Both:    111.14 MB used.

Virtual space:
  Non-class space:      128.00 MB reserved,      96.62 MB ( 75%) committed,  2 nodes.
      Class space:        1.00 GB reserved,      16.50 MB (  2%) committed,  1 nodes.
             Both:        1.12 GB reserved,     113.12 MB ( 10%) committed. 

Chunk freelists:
   Non-Class:  15.31 MB
       Class:  15.36 MB
        Both:  30.67 MB

MaxMetaspaceSize: unlimited
CompressedClassSpaceSize: 1.00 GB
Initial GC threshold: 21.00 MB
Current GC threshold: 184.69 MB
CDS: off
 - commit_granule_bytes: 65536.
 - commit_granule_words: 8192.
 - virtual_space_node_default_size: 8388608.
 - enlarge_chunks_in_place: 1.
 - use_allocation_guard: 0.


Internal statistics:

num_allocs_failed_limit: 6.
num_arena_births: 4360.
num_arena_deaths: 76.
num_vsnodes_births: 3.
num_vsnodes_deaths: 0.
num_space_committed: 1808.
num_space_uncommitted: 0.
num_chunks_returned_to_freelist: 111.
num_chunks_taken_from_freelist: 9985.
num_chunk_merges: 37.
num_chunk_splits: 6081.
num_chunks_enlarged: 3298.
num_inconsistent_stats: 0.

CodeHeap 'non-profiled nmethods': size=119168Kb used=13755Kb max_used=13755Kb free=105412Kb
 bounds [0x000001b1625d0000, 0x000001b163340000, 0x000001b169a30000]
CodeHeap 'profiled nmethods': size=119104Kb used=38810Kb max_used=38810Kb free=80293Kb
 bounds [0x000001b15aa30000, 0x000001b15d020000, 0x000001b161e80000]
CodeHeap 'non-nmethods': size=7488Kb used=3681Kb max_used=3746Kb free=3806Kb
 bounds [0x000001b161e80000, 0x000001b162240000, 0x000001b1625d0000]
CodeCache: size=245760Kb, used=56246Kb, max_used=56311Kb, free=189511Kb
 total_blobs=18613, nmethods=17792, adapters=716, full_count=0
Compilation: enabled, stopped_count=0, restarted_count=0

Compilation events (20 events):
Event: 23.781 Thread 0x000001b17275bfd0 nmethod 21094 0x000001b15d00ab90 code [0x000001b15d00ad20, 0x000001b15d00ae68]
Event: 23.785 Thread 0x000001b1780295b0 21095       2       com.android.tools.r8.internal.hq::O (4 bytes)
Event: 23.786 Thread 0x000001b172746990 21096       2       com.android.tools.r8.internal.vp::a (1 bytes)
Event: 23.786 Thread 0x000001b1780295b0 nmethod 21095 0x000001b15d00af10 code [0x000001b15d00b0a0, 0x000001b15d00b1b0]
Event: 23.786 Thread 0x000001b172746990 nmethod 21096 0x000001b15d00b290 code [0x000001b15d00b420, 0x000001b15d00b528]
Event: 23.791 Thread 0x000001b1725a0500 21097       2       com.android.tools.r8.synthesis.T::a (52 bytes)
Event: 23.791 Thread 0x000001b1725a0500 nmethod 21097 0x000001b15d00b610 code [0x000001b15d00b7e0, 0x000001b15d00ba40]
Event: 23.792 Thread 0x000001b17275bfd0 21098       3       com.android.tools.r8.graph.H2::b (168 bytes)
Event: 23.792 Thread 0x000001b1725a0500 21099       2       com.android.tools.r8.internal.sd::<init> (72 bytes)
Event: 23.793 Thread 0x000001b1725a0500 nmethod 21099 0x000001b15d00bc10 code [0x000001b15d00bdc0, 0x000001b15d00c0d0]
Event: 23.796 Thread 0x000001b17bd0a210 nmethod 20844 0x000001b163313190 code [0x000001b163313c00, 0x000001b16331b3e8]
Event: 23.796 Thread 0x000001b17275bfd0 nmethod 21098 0x000001b15d00c210 code [0x000001b15d00c680, 0x000001b15d00eac0]
Event: 23.797 Thread 0x000001b17bd0a210 21075       4       com.android.tools.r8.ir.optimize.z::a (555 bytes)
Event: 23.799 Thread 0x000001b1780295b0 21100       2       org.apache.commons.compress.archivers.tar.TarArchiveOutputStream::write (115 bytes)
Event: 23.802 Thread 0x000001b172746990 21101       2       com.android.tools.r8.internal.Tn$$Lambda/0x0000000800fbc800::apply (8 bytes)
Event: 23.802 Thread 0x000001b17275bfd0 21102       2       com.android.tools.r8.internal.Tn::b (8 bytes)
Event: 23.803 Thread 0x000001b172746990 nmethod 21101 0x000001b15d00f610 code [0x000001b15d00f7c0, 0x000001b15d00f950]
Event: 23.803 Thread 0x000001b17275bfd0 nmethod 21102 0x000001b15d00fa90 code [0x000001b15d00fc20, 0x000001b15d00fd48]
Event: 23.829 Thread 0x000001b17275bfd0 21103       2       jdk.internal.util.ArraysSupport::hashCode (33 bytes)
Event: 23.830 Thread 0x000001b17275bfd0 nmethod 21103 0x000001b15d00fe10 code [0x000001b15d00ffc0, 0x000001b15d010140]

GC Heap History (20 events):
Event: 16.885 GC heap before
{Heap before GC invocations=47 (full 0):
 garbage-first heap   total 782336K, used 634070K [0x0000000700000000, 0x0000000800000000)
  region size 2048K, 151 young (309248K), 13 survivors (26624K)
 Metaspace       used 109392K, committed 111424K, reserved 1179648K
  class space    used 15419K, committed 16448K, reserved 1048576K
}
Event: 16.901 GC heap after
{Heap after GC invocations=48 (full 0):
 garbage-first heap   total 782336K, used 357287K [0x0000000700000000, 0x0000000800000000)
  region size 2048K, 6 young (12288K), 6 survivors (12288K)
 Metaspace       used 109392K, committed 111424K, reserved 1179648K
  class space    used 15419K, committed 16448K, reserved 1048576K
}
Event: 17.584 GC heap before
{Heap before GC invocations=48 (full 0):
 garbage-first heap   total 782336K, used 660391K [0x0000000700000000, 0x0000000800000000)
  region size 2048K, 154 young (315392K), 6 survivors (12288K)
 Metaspace       used 109912K, committed 111936K, reserved 1179648K
  class space    used 15459K, committed 16448K, reserved 1048576K
}
Event: 17.595 GC heap after
{Heap after GC invocations=49 (full 0):
 garbage-first heap   total 782336K, used 366063K [0x0000000700000000, 0x0000000800000000)
  region size 2048K, 10 young (20480K), 10 survivors (20480K)
 Metaspace       used 109912K, committed 111936K, reserved 1179648K
  class space    used 15459K, committed 16448K, reserved 1048576K
}
Event: 18.208 GC heap before
{Heap before GC invocations=49 (full 0):
 garbage-first heap   total 782336K, used 681455K [0x0000000700000000, 0x0000000800000000)
  region size 2048K, 164 young (335872K), 10 survivors (20480K)
 Metaspace       used 110115K, committed 112128K, reserved 1179648K
  class space    used 15478K, committed 16512K, reserved 1048576K
}
Event: 18.217 GC heap after
{Heap after GC invocations=50 (full 0):
 garbage-first heap   total 782336K, used 368918K [0x0000000700000000, 0x0000000800000000)
  region size 2048K, 12 young (24576K), 12 survivors (24576K)
 Metaspace       used 110115K, committed 112128K, reserved 1179648K
  class space    used 15478K, committed 16512K, reserved 1048576K
}
Event: 18.802 GC heap before
{Heap before GC invocations=50 (full 0):
 garbage-first heap   total 782336K, used 694550K [0x0000000700000000, 0x0000000800000000)
  region size 2048K, 171 young (350208K), 12 survivors (24576K)
 Metaspace       used 110409K, committed 112448K, reserved 1179648K
  class space    used 15500K, committed 16512K, reserved 1048576K
}
Event: 18.818 GC heap after
{Heap after GC invocations=51 (full 0):
 garbage-first heap   total 782336K, used 378058K [0x0000000700000000, 0x0000000800000000)
  region size 2048K, 16 young (32768K), 16 survivors (32768K)
 Metaspace       used 110409K, committed 112448K, reserved 1179648K
  class space    used 15500K, committed 16512K, reserved 1048576K
}
Event: 19.379 GC heap before
{Heap before GC invocations=51 (full 0):
 garbage-first heap   total 782336K, used 707786K [0x0000000700000000, 0x0000000800000000)
  region size 2048K, 177 young (362496K), 16 survivors (32768K)
 Metaspace       used 110804K, committed 112832K, reserved 1179648K
  class space    used 15534K, committed 16512K, reserved 1048576K
}
Event: 19.397 GC heap after
{Heap after GC invocations=52 (full 0):
 garbage-first heap   total 782336K, used 387423K [0x0000000700000000, 0x0000000800000000)
  region size 2048K, 17 young (34816K), 17 survivors (34816K)
 Metaspace       used 110804K, committed 112832K, reserved 1179648K
  class space    used 15534K, committed 16512K, reserved 1048576K
}
Event: 19.992 GC heap before
{Heap before GC invocations=52 (full 0):
 garbage-first heap   total 782336K, used 715103K [0x0000000700000000, 0x0000000800000000)
  region size 2048K, 177 young (362496K), 17 survivors (34816K)
 Metaspace       used 111345K, committed 113408K, reserved 1179648K
  class space    used 15585K, committed 16640K, reserved 1048576K
}
Event: 20.006 GC heap after
{Heap after GC invocations=53 (full 0):
 garbage-first heap   total 782336K, used 388068K [0x0000000700000000, 0x0000000800000000)
  region size 2048K, 13 young (26624K), 13 survivors (26624K)
 Metaspace       used 111345K, committed 113408K, reserved 1179648K
  class space    used 15585K, committed 16640K, reserved 1048576K
}
Event: 20.785 GC heap before
{Heap before GC invocations=54 (full 0):
 garbage-first heap   total 782336K, used 721892K [0x0000000700000000, 0x0000000800000000)
  region size 2048K, 177 young (362496K), 13 survivors (26624K)
 Metaspace       used 111573K, committed 113664K, reserved 1179648K
  class space    used 15589K, committed 16640K, reserved 1048576K
}
Event: 20.797 GC heap after
{Heap after GC invocations=55 (full 0):
 garbage-first heap   total 782336K, used 390116K [0x0000000700000000, 0x0000000800000000)
  region size 2048K, 14 young (28672K), 14 survivors (28672K)
 Metaspace       used 111573K, committed 113664K, reserved 1179648K
  class space    used 15589K, committed 16640K, reserved 1048576K
}
Event: 21.320 GC heap before
{Heap before GC invocations=55 (full 0):
 garbage-first heap   total 782336K, used 730084K [0x0000000700000000, 0x0000000800000000)
  region size 2048K, 180 young (368640K), 14 survivors (28672K)
 Metaspace       used 111616K, committed 113728K, reserved 1179648K
  class space    used 15594K, committed 16640K, reserved 1048576K
}
Event: 21.334 GC heap after
{Heap after GC invocations=56 (full 0):
 garbage-first heap   total 1173504K, used 385457K [0x0000000700000000, 0x0000000800000000)
  region size 2048K, 12 young (24576K), 12 survivors (24576K)
 Metaspace       used 111616K, committed 113728K, reserved 1179648K
  class space    used 15594K, committed 16640K, reserved 1048576K
}
Event: 22.725 GC heap before
{Heap before GC invocations=56 (full 0):
 garbage-first heap   total 1173504K, used 1061297K [0x0000000700000000, 0x0000000800000000)
  region size 2048K, 343 young (702464K), 12 survivors (24576K)
 Metaspace       used 112569K, committed 114624K, reserved 1179648K
  class space    used 15672K, committed 16704K, reserved 1048576K
}
Event: 22.744 GC heap after
{Heap after GC invocations=57 (full 0):
 garbage-first heap   total 1173504K, used 377045K [0x0000000700000000, 0x0000000800000000)
  region size 2048K, 16 young (32768K), 16 survivors (32768K)
 Metaspace       used 112569K, committed 114624K, reserved 1179648K
  class space    used 15672K, committed 16704K, reserved 1048576K
}
Event: 23.807 GC heap before
{Heap before GC invocations=57 (full 0):
 garbage-first heap   total 1173504K, used 1044693K [0x0000000700000000, 0x0000000800000000)
  region size 2048K, 343 young (702464K), 16 survivors (32768K)
 Metaspace       used 113663K, committed 115648K, reserved 1179648K
  class space    used 15810K, committed 16832K, reserved 1048576K
}
Event: 23.828 GC heap after
{Heap after GC invocations=58 (full 0):
 garbage-first heap   total 1173504K, used 386914K [0x0000000700000000, 0x0000000800000000)
  region size 2048K, 21 young (43008K), 21 survivors (43008K)
 Metaspace       used 113663K, committed 115648K, reserved 1179648K
  class space    used 15810K, committed 16832K, reserved 1048576K
}

Dll operation events (3 events):
Event: 0.009 Loaded shared library D:\Kotlin And Android Dev\Android Studio 1\jbr\bin\java.dll
Event: 0.015 Loaded shared library D:\Kotlin And Android Dev\Android Studio 1\jbr\bin\zip.dll
Event: 0.702 Loaded shared library D:\Kotlin And Android Dev\Android Studio 1\jbr\bin\verify.dll

Deoptimization events (20 events):
Event: 23.666 Thread 0x000001b17ef8f5c0 Uncommon trap: trap_request=0xffffffde fr.pc=0x000001b163245454 relative=0x0000000000007454
Event: 23.666 Thread 0x000001b17ef8f5c0 Uncommon trap: reason=class_check action=maybe_recompile pc=0x000001b163245454 method=com.android.tools.r8.internal.VS.a(Lcom/android/tools/r8/graph/y;Lcom/android/tools/r8/internal/tB;Ljava/util/IdentityHashMap;Ljava/util/ArrayList;)V @ 805 c2
Event: 23.666 Thread 0x000001b17ef8f5c0 DEOPT PACKING pc=0x000001b163245454 sp=0x0000000437cf8e10
Event: 23.666 Thread 0x000001b17ef8f5c0 DEOPT UNPACKING pc=0x000001b161ed4422 sp=0x0000000437cf8e08 mode 2
Event: 23.692 Thread 0x000001b17ef8e210 DEOPT PACKING pc=0x000001b15cfe1760 sp=0x00000004379f96d0
Event: 23.692 Thread 0x000001b17ef8e210 DEOPT UNPACKING pc=0x000001b161ed4bc2 sp=0x00000004379f8d78 mode 0
Event: 23.713 Thread 0x000001b17ef87280 Uncommon trap: trap_request=0xffffffde fr.pc=0x000001b162f5a278 relative=0x00000000000005b8
Event: 23.713 Thread 0x000001b17ef87280 Uncommon trap: reason=class_check action=maybe_recompile pc=0x000001b162f5a278 method=com.android.tools.r8.internal.wA.a(Ljava/util/function/Predicate;Ljava/util/function/Function;Lcom/android/tools/r8/internal/Er0;Lcom/android/tools/r8/internal/Fr0;)Lcom
Event: 23.713 Thread 0x000001b17ef87280 DEOPT PACKING pc=0x000001b162f5a278 sp=0x00000004370fa150
Event: 23.713 Thread 0x000001b17ef87280 DEOPT UNPACKING pc=0x000001b161ed4422 sp=0x00000004370fa0e8 mode 2
Event: 23.713 Thread 0x000001b17ef87280 Uncommon trap: trap_request=0xffffffde fr.pc=0x000001b162f5a278 relative=0x00000000000005b8
Event: 23.713 Thread 0x000001b17ef87280 Uncommon trap: reason=class_check action=maybe_recompile pc=0x000001b162f5a278 method=com.android.tools.r8.internal.wA.a(Ljava/util/function/Predicate;Ljava/util/function/Function;Lcom/android/tools/r8/internal/Er0;Lcom/android/tools/r8/internal/Fr0;)Lcom
Event: 23.713 Thread 0x000001b17ef87280 DEOPT PACKING pc=0x000001b162f5a278 sp=0x00000004370f9f90
Event: 23.713 Thread 0x000001b17ef87280 DEOPT UNPACKING pc=0x000001b161ed4422 sp=0x00000004370f9f28 mode 2
Event: 23.723 Thread 0x000001b17ef8e210 Uncommon trap: trap_request=0xffffff6e fr.pc=0x000001b1632f3dec relative=0x00000000000012ac
Event: 23.723 Thread 0x000001b17ef8e210 Uncommon trap: reason=loop_limit_check action=maybe_recompile pc=0x000001b1632f3dec method=java.util.AbstractCollection.containsAll(Ljava/util/Collection;)Z @ 13 c2
Event: 23.723 Thread 0x000001b17ef8e210 DEOPT PACKING pc=0x000001b1632f3dec sp=0x00000004379f8dd0
Event: 23.723 Thread 0x000001b17ef8e210 DEOPT UNPACKING pc=0x000001b161ed4422 sp=0x00000004379f8c90 mode 2
Event: 23.847 Thread 0x000001b17ef8ce60 DEOPT PACKING pc=0x000001b15cfe1760 sp=0x00000004373f9600
Event: 23.847 Thread 0x000001b17ef8ce60 DEOPT UNPACKING pc=0x000001b161ed4bc2 sp=0x00000004373f8ca8 mode 0

Classes loaded (20 events):
Event: 19.451 Loading class com/sun/org/apache/xerces/internal/util/NamespaceSupport$Prefixes
Event: 19.451 Loading class com/sun/org/apache/xerces/internal/util/NamespaceSupport$Prefixes done
Event: 19.451 Loading class com/sun/xml/internal/stream/events/CharacterEvent
Event: 19.451 Loading class javax/xml/stream/events/Characters
Event: 19.452 Loading class javax/xml/stream/events/Characters done
Event: 19.452 Loading class com/sun/xml/internal/stream/events/CharacterEvent done
Event: 19.570 Loading class com/sun/xml/internal/stream/events/EndElementEvent
Event: 19.570 Loading class javax/xml/stream/events/EndElement
Event: 19.570 Loading class javax/xml/stream/events/EndElement done
Event: 19.570 Loading class com/sun/xml/internal/stream/events/EndElementEvent done
Event: 19.816 Loading class java/util/Spliterators$2Adapter
Event: 19.816 Loading class java/util/PrimitiveIterator$OfInt
Event: 19.816 Loading class java/util/PrimitiveIterator
Event: 19.816 Loading class java/util/PrimitiveIterator done
Event: 19.816 Loading class java/util/PrimitiveIterator$OfInt done
Event: 19.817 Loading class java/util/Spliterators$2Adapter done
Event: 21.709 Loading class com/sun/xml/internal/stream/events/CommentEvent
Event: 21.709 Loading class javax/xml/stream/events/Comment
Event: 21.709 Loading class javax/xml/stream/events/Comment done
Event: 21.709 Loading class com/sun/xml/internal/stream/events/CommentEvent done

Classes unloaded (20 events):
Event: 13.913 Thread 0x000001b1724d25b0 Unloading class 0x0000000800d5d000 'java/lang/invoke/LambdaForm$DMH+0x0000000800d5d000'
Event: 13.913 Thread 0x000001b1724d25b0 Unloading class 0x0000000800d5cc00 'java/lang/invoke/LambdaForm$DMH+0x0000000800d5cc00'
Event: 13.913 Thread 0x000001b1724d25b0 Unloading class 0x0000000800d5c000 'java/lang/invoke/LambdaForm$DMH+0x0000000800d5c000'
Event: 13.913 Thread 0x000001b1724d25b0 Unloading class 0x0000000800d5c800 'java/lang/invoke/LambdaForm$DMH+0x0000000800d5c800'
Event: 14.615 Thread 0x000001b1724d25b0 Unloading class 0x0000000800e90400 'java/lang/invoke/LambdaForm$DMH+0x0000000800e90400'
Event: 14.615 Thread 0x000001b1724d25b0 Unloading class 0x0000000800e68400 'java/lang/invoke/LambdaForm$DMH+0x0000000800e68400'
Event: 14.615 Thread 0x000001b1724d25b0 Unloading class 0x0000000800e68800 'java/lang/invoke/LambdaForm$DMH+0x0000000800e68800'
Event: 14.615 Thread 0x000001b1724d25b0 Unloading class 0x0000000800df4800 'java/lang/invoke/LambdaForm$DMH+0x0000000800df4800'
Event: 14.615 Thread 0x000001b1724d25b0 Unloading class 0x0000000800df4000 'java/lang/invoke/LambdaForm$DMH+0x0000000800df4000'
Event: 14.615 Thread 0x000001b1724d25b0 Unloading class 0x0000000800decc00 'java/lang/invoke/LambdaForm$DMH+0x0000000800decc00'
Event: 14.615 Thread 0x000001b1724d25b0 Unloading class 0x0000000800dec400 'java/lang/invoke/LambdaForm$DMH+0x0000000800dec400'
Event: 14.615 Thread 0x000001b1724d25b0 Unloading class 0x0000000800dec800 'java/lang/invoke/LambdaForm$DMH+0x0000000800dec800'
Event: 20.382 Thread 0x000001b1724d25b0 Unloading class 0x0000000800f80400 'java/lang/invoke/LambdaForm$DMH+0x0000000800f80400'
Event: 20.382 Thread 0x000001b1724d25b0 Unloading class 0x0000000800f80000 'java/lang/invoke/LambdaForm$DMH+0x0000000800f80000'
Event: 20.382 Thread 0x000001b1724d25b0 Unloading class 0x0000000800f48c00 'java/lang/invoke/LambdaForm$DMH+0x0000000800f48c00'
Event: 20.382 Thread 0x000001b1724d25b0 Unloading class 0x0000000800f48800 'java/lang/invoke/LambdaForm$DMH+0x0000000800f48800'
Event: 20.382 Thread 0x000001b1724d25b0 Unloading class 0x0000000800f48400 'java/lang/invoke/LambdaForm$DMH+0x0000000800f48400'
Event: 20.382 Thread 0x000001b1724d25b0 Unloading class 0x0000000800f44c00 'java/lang/invoke/LambdaForm$DMH+0x0000000800f44c00'
Event: 20.382 Thread 0x000001b1724d25b0 Unloading class 0x0000000800f44800 'java/lang/invoke/LambdaForm$DMH+0x0000000800f44800'
Event: 20.382 Thread 0x000001b1724d25b0 Unloading class 0x0000000800f3c400 'java/lang/invoke/LambdaForm$DMH+0x0000000800f3c400'

Classes redefined (0 events):
No events

Internal exceptions (20 events):
Event: 23.682 Thread 0x000001b17e27a110 Exception <a 'sun/nio/fs/WindowsException'{0x000000072051ba58}> (0x000000072051ba58) 
thrown [s\src\hotspot\share\prims\jni.cpp, line 537]
Event: 23.739 Thread 0x000001b17ef8f5c0 Exception <a 'sun/nio/fs/WindowsException'{0x000000071ecb59a8}> (0x000000071ecb59a8) 
thrown [s\src\hotspot\share\prims\jni.cpp, line 537]
Event: 23.739 Thread 0x000001b17ef8f5c0 Exception <a 'sun/nio/fs/WindowsException'{0x000000071ecb7478}> (0x000000071ecb7478) 
thrown [s\src\hotspot\share\prims\jni.cpp, line 537]
Event: 23.741 Thread 0x000001b17ef8b420 Exception <a 'sun/nio/fs/WindowsException'{0x000000072407cf60}> (0x000000072407cf60) 
thrown [s\src\hotspot\share\prims\jni.cpp, line 537]
Event: 23.742 Thread 0x000001b17ef8b420 Exception <a 'sun/nio/fs/WindowsException'{0x000000072407e1a8}> (0x000000072407e1a8) 
thrown [s\src\hotspot\share\prims\jni.cpp, line 537]
Event: 23.744 Thread 0x000001b17ef8b420 Exception <a 'sun/nio/fs/WindowsException'{0x000000072407f3f0}> (0x000000072407f3f0) 
thrown [s\src\hotspot\share\prims\jni.cpp, line 537]
Event: 23.745 Thread 0x000001b17ef8b420 Exception <a 'sun/nio/fs/WindowsException'{0x0000000724080ca0}> (0x0000000724080ca0) 
thrown [s\src\hotspot\share\prims\jni.cpp, line 537]
Event: 23.746 Thread 0x000001b17ef8b420 Exception <a 'sun/nio/fs/WindowsException'{0x0000000724081f28}> (0x0000000724081f28) 
thrown [s\src\hotspot\share\prims\jni.cpp, line 537]
Event: 23.746 Thread 0x000001b17ef8b420 Exception <a 'sun/nio/fs/WindowsException'{0x00000007240831b0}> (0x00000007240831b0) 
thrown [s\src\hotspot\share\prims\jni.cpp, line 537]
Event: 23.746 Thread 0x000001b17ef902e0 Exception <a 'sun/nio/fs/WindowsException'{0x0000000721adeee0}> (0x0000000721adeee0) 
thrown [s\src\hotspot\share\prims\jni.cpp, line 537]
Event: 23.761 Thread 0x000001b17ef8f5c0 Exception <a 'java/lang/NoSuchMethodError'{0x000000071ecc69b8}: 'void java.lang.invoke.DirectMethodHandle$Holder.invokeSpecial(java.lang.Object, java.lang.Object, java.lang.Object, java.lang.Object, java.lang.Object, java.lang.Object, java.lang.Object, java.lang.Object, java.lang.Object, java.lang.Object)'> (0x000000071ecc69b8) 
thrown [s\src\hotspot\share\interpreter\linkResolver.cpp, line 784]
Event: 23.767 Thread 0x000001b17e27a110 Exception <a 'sun/nio/fs/WindowsException'{0x00000007205216a0}> (0x00000007205216a0) 
thrown [s\src\hotspot\share\prims\jni.cpp, line 537]
Event: 23.782 Thread 0x000001b17e27a110 Exception <a 'sun/nio/fs/WindowsException'{0x0000000720522a20}> (0x0000000720522a20) 
thrown [s\src\hotspot\share\prims\jni.cpp, line 537]
Event: 23.790 Thread 0x000001b17e27a110 Exception <a 'sun/nio/fs/WindowsException'{0x000000071d0017b8}> (0x000000071d0017b8) 
thrown [s\src\hotspot\share\prims\jni.cpp, line 537]
Event: 23.790 Thread 0x000001b17e27a110 Exception <a 'sun/nio/fs/WindowsException'{0x000000071d002a88}> (0x000000071d002a88) 
thrown [s\src\hotspot\share\prims\jni.cpp, line 537]
Event: 23.797 Thread 0x000001b17e27a110 Exception <a 'sun/nio/fs/WindowsException'{0x000000071d00b020}> (0x000000071d00b020) 
thrown [s\src\hotspot\share\prims\jni.cpp, line 537]
Event: 23.797 Thread 0x000001b17e27a110 Exception <a 'sun/nio/fs/WindowsException'{0x000000071d00c348}> (0x000000071d00c348) 
thrown [s\src\hotspot\share\prims\jni.cpp, line 537]
Event: 23.805 Thread 0x000001b17ef902e0 Exception <a 'sun/nio/fs/WindowsException'{0x000000071dc29148}> (0x000000071dc29148) 
thrown [s\src\hotspot\share\prims\jni.cpp, line 537]
Event: 23.806 Thread 0x000001b17ef902e0 Exception <a 'sun/nio/fs/WindowsException'{0x000000071dc29fe8}> (0x000000071dc29fe8) 
thrown [s\src\hotspot\share\prims\jni.cpp, line 537]
Event: 23.806 Thread 0x000001b17ef902e0 Exception <a 'sun/nio/fs/WindowsException'{0x000000071dc2b9e0}> (0x000000071dc2b9e0) 
thrown [s\src\hotspot\share\prims\jni.cpp, line 537]

ZGC Phase Switch (0 events):
No events

VM Operations (20 events):
Event: 19.978 Executing safepoint VM operation: G1CollectForAllocation (G1 Evacuation Pause)
Event: 20.007 Executing safepoint VM operation: G1CollectForAllocation (G1 Evacuation Pause) done
Event: 20.372 Executing safepoint VM operation: G1PauseRemark
Event: 20.398 Executing safepoint VM operation: G1PauseRemark done
Event: 20.714 Executing safepoint VM operation: G1PauseCleanup
Event: 20.726 Executing safepoint VM operation: G1PauseCleanup done
Event: 20.785 Executing safepoint VM operation: G1CollectForAllocation (G1 Evacuation Pause)
Event: 20.797 Executing safepoint VM operation: G1CollectForAllocation (G1 Evacuation Pause) done
Event: 21.319 Executing safepoint VM operation: G1CollectForAllocation (G1 Evacuation Pause)
Event: 21.335 Executing safepoint VM operation: G1CollectForAllocation (G1 Evacuation Pause) done
Event: 22.019 Executing safepoint VM operation: ICBufferFull
Event: 22.029 Executing safepoint VM operation: ICBufferFull done
Event: 22.724 Executing safepoint VM operation: G1CollectForAllocation (G1 Evacuation Pause)
Event: 22.744 Executing safepoint VM operation: G1CollectForAllocation (G1 Evacuation Pause) done
Event: 23.537 Executing safepoint VM operation: ICBufferFull
Event: 23.538 Executing safepoint VM operation: ICBufferFull done
Event: 23.728 Executing non-safepoint VM operation: HandshakeAllThreads (Deoptimize)
Event: 23.806 Executing non-safepoint VM operation: HandshakeAllThreads (Deoptimize) done
Event: 23.806 Executing safepoint VM operation: G1CollectForAllocation (G1 Evacuation Pause)
Event: 23.828 Executing safepoint VM operation: G1CollectForAllocation (G1 Evacuation Pause) done

Memory protections (0 events):
No events

Nmethod flushes (20 events):
Event: 20.395 Thread 0x000001b1724d25b0 flushing  nmethod 0x000001b15bcae090
Event: 20.395 Thread 0x000001b1724d25b0 flushing  nmethod 0x000001b15be2de10
Event: 20.395 Thread 0x000001b1724d25b0 flushing  nmethod 0x000001b15bfb3290
Event: 20.395 Thread 0x000001b1724d25b0 flushing  nmethod 0x000001b15bfb4390
Event: 20.395 Thread 0x000001b1724d25b0 flushing  nmethod 0x000001b15bfb5190
Event: 20.395 Thread 0x000001b1724d25b0 flushing  nmethod 0x000001b15bfb8e90
Event: 20.395 Thread 0x000001b1724d25b0 flushing  nmethod 0x000001b15bfb9490
Event: 20.395 Thread 0x000001b1724d25b0 flushing  nmethod 0x000001b15c044c90
Event: 20.395 Thread 0x000001b1724d25b0 flushing  nmethod 0x000001b15c046210
Event: 20.395 Thread 0x000001b1724d25b0 flushing  nmethod 0x000001b15c04d910
Event: 20.395 Thread 0x000001b1724d25b0 flushing  nmethod 0x000001b15ad6ff90
Event: 20.395 Thread 0x000001b1724d25b0 flushing  nmethod 0x000001b15b299490
Event: 20.395 Thread 0x000001b1724d25b0 flushing  nmethod 0x000001b15b8aec10
Event: 20.395 Thread 0x000001b1724d25b0 flushing  nmethod 0x000001b15bc99090
Event: 20.395 Thread 0x000001b1724d25b0 flushing  nmethod 0x000001b15be49c10
Event: 20.395 Thread 0x000001b1724d25b0 flushing  nmethod 0x000001b15be52690
Event: 20.395 Thread 0x000001b1724d25b0 flushing  nmethod 0x000001b15bf59a90
Event: 20.395 Thread 0x000001b1724d25b0 flushing  nmethod 0x000001b15bf63010
Event: 20.395 Thread 0x000001b1724d25b0 flushing  nmethod 0x000001b15c0e5f90
Event: 20.395 Thread 0x000001b1724d25b0 flushing  nmethod 0x000001b15c0e6d90

Events (20 events):
Event: 11.259 Thread 0x000001b17bb53d40 Thread added: 0x000001b17bb54a60
Event: 11.262 Thread 0x000001b17bb53d40 Thread added: 0x000001b17bb515e0
Event: 11.265 Thread 0x000001b17bb53d40 Thread added: 0x000001b17bb550f0
Event: 11.268 Thread 0x000001b17bb53d40 Thread added: 0x000001b17bb53020
Event: 11.270 Thread 0x000001b17bb53d40 Thread added: 0x000001b17bb543d0
Event: 11.272 Thread 0x000001b17bb53d40 Thread added: 0x000001b17bb52300
Event: 11.274 Thread 0x000001b17bb53d40 Thread added: 0x000001b17bb51c70
Event: 11.278 Thread 0x000001b17bb53d40 Thread added: 0x000001b17f05b200
Event: 11.280 Thread 0x000001b17bb53d40 Thread added: 0x000001b100fa7090
Event: 11.283 Thread 0x000001b17bb53d40 Thread added: 0x000001b17e27c1e0
Event: 11.286 Thread 0x000001b17bb53d40 Thread added: 0x000001b17e27cf00
Event: 11.289 Thread 0x000001b17bb53d40 Thread added: 0x000001b17e27b4c0
Event: 11.291 Thread 0x000001b17bb53d40 Thread added: 0x000001b17e27ae30
Event: 11.293 Thread 0x000001b17bb53d40 Thread added: 0x000001b17e27c870
Event: 11.295 Thread 0x000001b17bb53d40 Thread added: 0x000001b17e27a110
Event: 11.298 Thread 0x000001b17bb53d40 Thread added: 0x000001b17e27d590
Event: 12.596 Thread 0x000001b172746990 Thread added: 0x000001b17bd0a210
Event: 12.598 Thread 0x000001b172746990 Thread added: 0x000001b17bd0afb0
Event: 12.628 Thread 0x000001b1780295b0 Thread added: 0x000001b17bd0d1c0
Event: 13.310 Thread 0x000001b17e27d590 Thread exited: 0x000001b17e27d590


Dynamic libraries:
0x00007ff7e6160000 - 0x00007ff7e616a000 	D:\Kotlin And Android Dev\Android Studio 1\jbr\bin\java.exe
0x00007ffeb0820000 - 0x00007ffeb0a87000 	C:\WINDOWS\SYSTEM32\ntdll.dll
0x00007ffeaf750000 - 0x00007ffeaf819000 	C:\WINDOWS\System32\KERNEL32.DLL
0x00007ffead3b0000 - 0x00007ffead7a7000 	C:\WINDOWS\System32\KERNELBASE.dll
0x00007ffead900000 - 0x00007ffeada4b000 	C:\WINDOWS\System32\ucrtbase.dll
0x00007ffe47480000 - 0x00007ffe4749b000 	D:\Kotlin And Android Dev\Android Studio 1\jbr\bin\VCRUNTIME140.dll
0x00007ffe384f0000 - 0x00007ffe38508000 	D:\Kotlin And Android Dev\Android Studio 1\jbr\bin\jli.dll
0x00007ffeaf4f0000 - 0x00007ffeaf6b6000 	C:\WINDOWS\System32\USER32.dll
0x00007ffe91960000 - 0x00007ffe91bf2000 	C:\WINDOWS\WinSxS\amd64_microsoft.windows.common-controls_6595b64144ccf1df_6.0.26100.8328_none_3e08182ce334b678\COMCTL32.dll
0x00007ffeadbd0000 - 0x00007ffeadbf7000 	C:\WINDOWS\System32\win32u.dll
0x00007ffeae710000 - 0x00007ffeae7b9000 	C:\WINDOWS\System32\msvcrt.dll
0x00007ffeaef40000 - 0x00007ffeaef6b000 	C:\WINDOWS\System32\GDI32.dll
0x00007ffeadc00000 - 0x00007ffeadd2c000 	C:\WINDOWS\System32\gdi32full.dll
0x00007ffead250000 - 0x00007ffead2f3000 	C:\WINDOWS\System32\msvcp_win.dll
0x00007ffeafda0000 - 0x00007ffeafdd2000 	C:\WINDOWS\System32\IMM32.DLL
0x00007ffe95420000 - 0x00007ffe9542c000 	D:\Kotlin And Android Dev\Android Studio 1\jbr\bin\vcruntime140_1.dll
0x00007ffdecbc0000 - 0x00007ffdecc4d000 	D:\Kotlin And Android Dev\Android Studio 1\jbr\bin\msvcp140.dll
0x00007ffdf0b00000 - 0x00007ffdf1796000 	D:\Kotlin And Android Dev\Android Studio 1\jbr\bin\server\jvm.dll
0x00007ffeb03a0000 - 0x00007ffeb0456000 	C:\WINDOWS\System32\ADVAPI32.dll
0x00007ffeb02f0000 - 0x00007ffeb0397000 	C:\WINDOWS\System32\sechost.dll
0x00007ffeaef70000 - 0x00007ffeaf088000 	C:\WINDOWS\System32\RPCRT4.dll
0x00007ffeb0560000 - 0x00007ffeb05e0000 	C:\WINDOWS\System32\WS2_32.dll
0x00007ffea5d50000 - 0x00007ffea5d5b000 	C:\WINDOWS\SYSTEM32\VERSION.dll
0x00007ffea5730000 - 0x00007ffea5766000 	C:\WINDOWS\SYSTEM32\WINMM.dll
0x00007ffead0b0000 - 0x00007ffead10e000 	C:\WINDOWS\SYSTEM32\POWRPROF.dll
0x00007ffead090000 - 0x00007ffead0a4000 	C:\WINDOWS\SYSTEM32\UMPDC.dll
0x00007ffeabfe0000 - 0x00007ffeabffb000 	C:\WINDOWS\SYSTEM32\kernel.appcore.dll
0x00007ffe91890000 - 0x00007ffe9189a000 	D:\Kotlin And Android Dev\Android Studio 1\jbr\bin\jimage.dll
0x00007ffea0160000 - 0x00007ffea03a2000 	C:\WINDOWS\SYSTEM32\DBGHELP.DLL
0x00007ffeaf820000 - 0x00007ffeafba3000 	C:\WINDOWS\System32\combase.dll
0x00007ffeb0700000 - 0x00007ffeb07d9000 	C:\WINDOWS\System32\OLEAUT32.dll
0x00007ffe94230000 - 0x00007ffe9426b000 	C:\WINDOWS\SYSTEM32\dbgcore.DLL
0x00007ffead300000 - 0x00007ffead3a8000 	C:\WINDOWS\System32\bcryptPrimitives.dll
0x00007ffe5aee0000 - 0x00007ffe5aeee000 	D:\Kotlin And Android Dev\Android Studio 1\jbr\bin\instrument.dll
0x00007ffe47440000 - 0x00007ffe47460000 	D:\Kotlin And Android Dev\Android Studio 1\jbr\bin\java.dll
0x00007ffe47210000 - 0x00007ffe47228000 	D:\Kotlin And Android Dev\Android Studio 1\jbr\bin\zip.dll
0x00007ffeae7c0000 - 0x00007ffeaef2e000 	C:\WINDOWS\System32\SHELL32.dll
0x00007ffeadd30000 - 0x00007ffeae59c000 	C:\WINDOWS\System32\windows.storage.dll
0x00007ffeaf250000 - 0x00007ffeaf346000 	C:\WINDOWS\System32\SHCORE.dll
0x00007ffeaf3b0000 - 0x00007ffeaf416000 	C:\WINDOWS\System32\shlwapi.dll
0x00007ffead170000 - 0x00007ffead199000 	C:\WINDOWS\SYSTEM32\profapi.dll
0x00007ffe8e9a0000 - 0x00007ffe8e9b0000 	D:\Kotlin And Android Dev\Android Studio 1\jbr\bin\net.dll
0x00007ffea7280000 - 0x00007ffea73a9000 	C:\WINDOWS\SYSTEM32\WINHTTP.dll
0x00007ffeac550000 - 0x00007ffeac5bc000 	C:\WINDOWS\system32\mswsock.dll
0x00007ffe38d60000 - 0x00007ffe38d76000 	D:\Kotlin And Android Dev\Android Studio 1\jbr\bin\nio.dll
0x00007ffe8e950000 - 0x00007ffe8e960000 	D:\Kotlin And Android Dev\Android Studio 1\jbr\bin\verify.dll
0x00007ffe82db0000 - 0x00007ffe82dd7000 	D:\Kotlin And Android Dev\Android Studio\.gradle\native\1def1411415f61bf3af743bc5b6707747c0891f09f0c88961ee8f79bc544acac\windows-amd64\native-platform.dll
0x00007ffe8e2a0000 - 0x00007ffe8e317000 	D:\Kotlin And Android Dev\Android Studio\.gradle\native\0.2.8\x86_64-windows-gnu\gradle-fileevents.dll
0x00007ffe83b90000 - 0x00007ffe83b99000 	D:\Kotlin And Android Dev\Android Studio 1\jbr\bin\management.dll
0x00007ffe82bf0000 - 0x00007ffe82bfb000 	D:\Kotlin And Android Dev\Android Studio 1\jbr\bin\management_ext.dll
0x00007ffeae5a0000 - 0x00007ffeae5a8000 	C:\WINDOWS\System32\PSAPI.DLL
0x00007ffeab9d0000 - 0x00007ffeaba02000 	C:\WINDOWS\SYSTEM32\IPHLPAPI.DLL
0x00007ffeaf090000 - 0x00007ffeaf09a000 	C:\WINDOWS\System32\NSI.dll
0x00007ffe8b5c0000 - 0x00007ffe8b5c9000 	D:\Kotlin And Android Dev\Android Studio 1\jbr\bin\extnet.dll
0x00007ffeac830000 - 0x00007ffeac84b000 	C:\WINDOWS\SYSTEM32\CRYPTSP.dll
0x00007ffeabf40000 - 0x00007ffeabf79000 	C:\WINDOWS\system32\rsaenh.dll
0x00007ffeac600000 - 0x00007ffeac633000 	C:\WINDOWS\SYSTEM32\USERENV.dll
0x00007ffead140000 - 0x00007ffead16a000 	C:\WINDOWS\SYSTEM32\bcrypt.dll
0x00007ffeac850000 - 0x00007ffeac85c000 	C:\WINDOWS\SYSTEM32\CRYPTBASE.dll
0x00007ffe931b0000 - 0x00007ffe931b8000 	C:\WINDOWS\system32\wshunix.dll

JVMTI agents:
C:\Users\ssahu\.gradle\wrapper\dists\gradle-9.1.0-bin\9agqghryom9wkf8r80qlhnts3\gradle-9.1.0\lib\agents\gradle-instrumentation-agent-9.1.0.jar path:D:\Kotlin And Android Dev\Android Studio 1\jbr\bin\instrument.dll, loaded, initialized, instrumentlib options:none

dbghelp: loaded successfully - version: 4.0.5 - missing functions: none
symbol engine: initialized successfully - sym options: 0x614 - pdb path: .;D:\Kotlin And Android Dev\Android Studio 1\jbr\bin;C:\WINDOWS\SYSTEM32;C:\WINDOWS\WinSxS\amd64_microsoft.windows.common-controls_6595b64144ccf1df_6.0.26100.8328_none_3e08182ce334b678;D:\Kotlin And Android Dev\Android Studio 1\jbr\bin\server;D:\Kotlin And Android Dev\Android Studio\.gradle\native\1def1411415f61bf3af743bc5b6707747c0891f09f0c88961ee8f79bc544acac\windows-amd64;D:\Kotlin And Android Dev\Android Studio\.gradle\native\0.2.8\x86_64-windows-gnu

VM Arguments:
jvm_args: --add-opens=java.base/java.lang=ALL-UNNAMED --add-opens=java.base/java.lang.invoke=ALL-UNNAMED --add-opens=java.base/java.util=ALL-UNNAMED --add-opens=java.prefs/java.util.prefs=ALL-UNNAMED --add-exports=jdk.compiler/com.sun.tools.javac.api=ALL-UNNAMED --add-exports=jdk.compiler/com.sun.tools.javac.util=ALL-UNNAMED --add-opens=java.base/java.util=ALL-UNNAMED --add-opens=java.prefs/java.util.prefs=ALL-UNNAMED --add-opens=java.base/java.nio.charset=ALL-UNNAMED --add-opens=java.base/java.net=ALL-UNNAMED --add-opens=java.base/java.util.concurrent=ALL-UNNAMED --add-opens=java.base/java.util.concurrent.atomic=ALL-UNNAMED --add-opens=java.xml/javax.xml.namespace=ALL-UNNAMED --add-opens=java.base/java.time=ALL-UNNAMED -Xmx4096M -Dfile.encoding=UTF-8 -Duser.country=US -Duser.language=en -Duser.variant -javaagent:C:\Users\ssahu\.gradle\wrapper\dists\gradle-9.1.0-bin\9agqghryom9wkf8r80qlhnts3\gradle-9.1.0\lib\agents\gradle-instrumentation-agent-9.1.0.jar 
java_command: org.gradle.launcher.daemon.bootstrap.GradleDaemon 9.1.0
java_class_path (initial): C:\Users\ssahu\.gradle\wrapper\dists\gradle-9.1.0-bin\9agqghryom9wkf8r80qlhnts3\gradle-9.1.0\lib\gradle-daemon-main-9.1.0.jar
Launcher Type: SUN_STANDARD

[Global flags]
     intx CICompilerCount                          = 12                                        {product} {ergonomic}
     uint ConcGCThreads                            = 3                                         {product} {ergonomic}
     uint G1ConcRefinementThreads                  = 13                                        {product} {ergonomic}
   size_t G1HeapRegionSize                         = 2097152                                   {product} {ergonomic}
    uintx GCDrainStackTargetSize                   = 64                                        {product} {ergonomic}
   size_t InitialHeapSize                          = 257949696                                 {product} {ergonomic}
   size_t MarkStackSize                            = 4194304                                   {product} {ergonomic}
   size_t MaxHeapSize                              = 4294967296                                {product} {command line}
   size_t MaxNewSize                               = 2575302656                                {product} {ergonomic}
   size_t MinHeapDeltaBytes                        = 2097152                                   {product} {ergonomic}
   size_t MinHeapSize                              = 8388608                                   {product} {ergonomic}
    uintx NonNMethodCodeHeapSize                   = 7602480                                {pd product} {ergonomic}
    uintx NonProfiledCodeHeapSize                  = 122027880                              {pd product} {ergonomic}
    uintx ProfiledCodeHeapSize                     = 122027880                              {pd product} {ergonomic}
    uintx ReservedCodeCacheSize                    = 251658240                              {pd product} {ergonomic}
     bool SegmentedCodeCache                       = true                                      {product} {ergonomic}
   size_t SoftMaxHeapSize                          = 4294967296                             {manageable} {ergonomic}
     bool UseCompressedOops                        = true                           {product lp64_product} {ergonomic}
     bool UseG1GC                                  = true                                      {product} {ergonomic}
     bool UseLargePagesIndividualAllocation        = false                                  {pd product} {ergonomic}

Logging:
Log output configuration:
 #0: stdout all=warning uptime,level,tags foldmultilines=false
 #1: stderr all=off uptime,level,tags foldmultilines=false

Release file:
JAVA_VERSION="21.0.10" 
MODULES="java.base java.compiler java.datatransfer java.xml java.prefs java.desktop java.instrument java.logging java.management java.security.sasl java.naming java.rmi java.management.rmi java.net.http java.scripting java.security.jgss java.transaction.xa java.sql java.sql.rowset java.xml.crypto java.se java.smartcardio jdk.accessibility jdk.internal.jvmstat jdk.attach jdk.charsets jdk.internal.opt jdk.zipfs jdk.compiler jdk.crypto.ec jdk.crypto.cryptoki jdk.dynalink jdk.hotspot.agent jdk.httpserver jdk.internal.ed jdk.internal.le jdk.internal.vm.ci jdk.jartool jdk.javadoc jdk.jcmd jdk.jdeps jdk.jdwp.agent jdk.jdi jdk.jfr jdk.jlink jdk.jsobject jdk.localedata jdk.management jdk.management.agent jdk.management.jfr jdk.naming.dns jdk.naming.rmi jdk.net jdk.sctp jdk.security.auth jdk.security.jgss jdk.unsupported jdk.unsupported.desktop jdk.xml.dom" 
IMPLEMENTOR="JetBrains s.r.o." 
JAVA_RUNTIME_VERSION="21.0.10+-14961533-b1163.108" 
LIBC="default" 
OS_ARCH="x86_64" 
OS_NAME="Windows" 
SOURCE=".:git:1351622c2ff2" 

Environment Variables:
PATH=C:\Python314\Scripts\;C:\Python314\;C:\Program Files\Python313;C:\Program Files\Python313\Scripts;C:\Program Files\Common Files\Oracle\Java\javapath;C:\WINDOWS\system32;C:\WINDOWS;C:\WINDOWS\System32\Wbem;C:\WINDOWS\System32\WindowsPowerShell\v1.0\;C:\WINDOWS\System32\OpenSSH\;C:\MinGW\bin;C:\Program Files\Java\jdk-22\bin;C:\Program Files\MySQL\MySQL Server 8.0\bin;C:\Program Files\kotlinc\bin;C:\Program Files\Git\cmd;C:\Program Files\dotnet\;C:\Users\ssahu\AppData\Local\Programs\Microsoft VS Code\bin;C:\Program Files\Graphviz\bin;C:\Program Files\Docker\Docker\resources\bin;C:\Program Files\nodejs\;C:\ProgramData\chocolatey\bin;D:\Databases\Redis\;C:\Users\ssahu\AppData\Local\Android\Android\Sdk\platform-tools;C:\Users\ssahu\.local\bin;C:\Program Files\Python313;C:\Users\ssahu\AppData\Local\Microsoft\WindowsApps;C:\MinGW\bin;C:\Program Files\Java\jdk-22\bin;C:\Program Files\kotlinc\bin;C:\Program Files\JetBrains\PyCharm 2024.3.4\bin;;D:\PyCharm Community Edition 2024.3.4\bin;;C:\Program Files\Python313\Scripts;C:\Program Files\PostgreSQL\17\bin;C:\Users\ssahu\AppData\Local\Programs\Microsoft VS Code\bin;C:\Users\ssahu\AppData\Local\Programs\Ollama;C:\Users\ssahu\AppData\Roaming\npm;C:\Users\ssahu\AppData\Local\Programs\mongosh\;C:\Users\ssahu\AppData\Local\Android\Android\Sdk\platform-tools;
USERNAME=ssahu
OS=Windows_NT
PROCESSOR_IDENTIFIER=AMD64 Family 23 Model 104 Stepping 1, AuthenticAMD
TMP=C:\Users\ssahu\AppData\Local\Temp
TEMP=C:\Users\ssahu\AppData\Local\Temp




Periodic native trim disabled

JNI global refs:
JNI global refs: 44, weak refs: 420

JNI global refs memory usage: 835, weak refs: 4625

Process memory usage:
Resident Set Size: 1647240K (10% of 16070132K total physical memory with 1821768K free physical memory)

OOME stack traces (most recent first):
Classloader memory used:
Loader org.gradle.internal.classloader.VisitableURLClassLoader                         : 38205K
Loader org.gradle.internal.classloader.VisitableURLClassLoader$InstrumentingVisitableURLClassLoader: 37460K
Loader bootstrap                                                                       : 27075K
Loader org.gradle.initialization.MixInLegacyTypesClassLoader                           : 9457K
Loader jdk.internal.reflect.DelegatingClassLoader                                      : 1219K
Loader jdk.internal.loader.ClassLoaders$AppClassLoader                                 : 233K
Loader jdk.internal.loader.ClassLoaders$PlatformClassLoader                            : 158K

Classes loaded by more than one classloader:
Class com.google.common.base.PairwiseEquivalence                                      : loaded 2 times (x 83B)
Class com.google.common.base.Equivalence$Identity                                     : loaded 2 times (x 82B)
Class com.google.common.collect.RegularImmutableMap$KeySet                            : loaded 2 times (x 152B)
Class org.gradle.internal.classloader.FilteringClassLoader                            : loaded 2 times (x 105B)
Class com.google.common.io.FileWriteMode                                              : loaded 2 times (x 79B)
Class [Lcom.google.common.base.AbstractIterator$State;                                : loaded 2 times (x 69B)
Class com.google.common.base.CharMatcher$IsEither                                     : loaded 2 times (x 111B)
Class org.gradle.internal.classloader.ClassLoaderHierarchy                            : loaded 2 times (x 70B)
Class com.google.common.collect.ImmutableEnumSet                                      : loaded 2 times (x 146B)
Class com.google.common.util.concurrent.ExecutionError                                : loaded 2 times (x 82B)
Class com.google.common.collect.ImmutableList$1                                       : loaded 2 times (x 97B)
Class com.google.common.collect.AbstractMapBasedMultimap$WrappedCollection            : loaded 2 times (x 124B)
Class org.gradle.api.internal.classpath.ManifestUtil                                  : loaded 2 times (x 71B)
Class com.google.common.io.ByteArrayDataOutput                                        : loaded 2 times (x 70B)
Class com.google.common.collect.RegularImmutableMap                                   : loaded 2 times (x 121B)
Class com.google.common.collect.ImmutableMap$MapViewOfValuesAsSingletonSets           : loaded 2 times (x 126B)
Class com.google.common.collect.TransformedListIterator                               : loaded 2 times (x 93B)
Class com.google.common.collect.UnmodifiableListIterator                              : loaded 2 times (x 95B)
Class com.google.common.base.Platform$JdkPatternCompiler                              : loaded 2 times (x 75B)
Class [Lcom.google.common.cache.CacheBuilder$OneWeigher;                              : loaded 2 times (x 69B)
Class com.google.common.base.Suppliers                                                : loaded 2 times (x 71B)
Class org.gradle.internal.classloader.DefaultClassLoaderFactory                       : loaded 2 times (x 82B)
Class com.google.common.base.CharMatcher$None                                         : loaded 2 times (x 112B)
Class org.gradle.internal.classloader.ClassLoaderVisitor                              : loaded 2 times (x 76B)
Class [Lcom.google.common.collect.ImmutableMapEntry;                                  : loaded 2 times (x 69B)
Class org.gradle.api.internal.classpath.EffectiveClassPath                            : loaded 2 times (x 90B)
Class com.google.common.collect.ImmutableRangeSet                                     : loaded 2 times (x 115B)
Class com.google.common.collect.ImmutableEnumMap                                      : loaded 2 times (x 126B)
Class com.google.common.collect.ListMultimap                                          : loaded 2 times (x 70B)
Class com.google.common.collect.Sets$1                                                : loaded 2 times (x 139B)
Class com.google.common.base.Splitter                                                 : loaded 2 times (x 72B)
Class org.gradle.api.internal.DefaultClassPathProvider                                : loaded 2 times (x 76B)
Class com.google.common.collect.Maps$ViewCachingAbstractMap                           : loaded 2 times (x 125B)
Class com.google.common.collect.Sets$2                                                : loaded 2 times (x 139B)
Class [Lorg.gradle.api.internal.ClassPathProvider;                                    : loaded 2 times (x 69B)
Class org.gradle.api.internal.ClassPathProvider                                       : loaded 2 times (x 70B)
Class com.google.common.collect.Sets$3                                                : loaded 2 times (x 139B)
Class com.google.common.base.AbstractIterator$State                                   : loaded 2 times (x 79B)
Class com.google.common.cache.LocalCache$LocalLoadingCache                            : loaded 2 times (x 134B)
Class org.gradle.internal.service.UnknownServiceException                             : loaded 2 times (x 83B)
Class com.google.common.io.ByteArrayDataInput                                         : loaded 2 times (x 70B)
Class com.google.common.collect.Sets$4                                                : loaded 2 times (x 139B)
Class com.google.common.cache.LocalCache$Strength$1                                   : loaded 2 times (x 81B)
Class com.google.common.util.concurrent.SettableFuture                                : loaded 2 times (x 114B)
Class com.google.common.cache.LocalCache$Strength$2                                   : loaded 2 times (x 81B)
Class com.google.common.io.ByteStreams                                                : loaded 2 times (x 71B)
Class com.google.common.collect.TransformedIterator                                   : loaded 2 times (x 80B)
Class com.google.common.base.Splitter$1                                               : loaded 2 times (x 77B)
Class com.google.common.cache.LocalCache$Strength$3                                   : loaded 2 times (x 81B)
Class com.google.common.collect.MapDifference                                         : loaded 2 times (x 70B)
Class com.google.common.cache.CacheBuilder$NullListener                               : loaded 2 times (x 82B)
Class org.gradle.internal.classpath.TransformedClassPath                              : loaded 2 times (x 96B)
Class org.gradle.internal.classloader.InstrumentingClassLoader                        : loaded 2 times (x 70B)
Class com.google.common.collect.ImmutableRangeSet$AsSet                               : loaded 2 times (x 300B)
Class com.google.common.collect.Iterators$ArrayItr                                    : loaded 2 times (x 97B)
Class com.google.common.cache.CacheLoader$FunctionToCacheLoader                       : loaded 2 times (x 75B)
Class com.google.common.collect.ImmutableCollection$Builder                           : loaded 2 times (x 76B)
Class com.google.common.base.Joiner                                                   : loaded 2 times (x 79B)
Class com.google.common.base.MoreObjects                                              : loaded 2 times (x 71B)
Class com.google.common.collect.BaseImmutableMultimap                                 : loaded 2 times (x 123B)
Class com.google.common.collect.Platform                                              : loaded 2 times (x 71B)
Class com.google.common.collect.UnmodifiableIterator                                  : loaded 2 times (x 80B)
Class org.gradle.internal.service.ServiceLocator                                      : loaded 2 times (x 70B)
Class com.google.common.collect.Iterators$SingletonIterator                           : loaded 2 times (x 81B)
Class com.google.common.cache.LocalCache$1                                            : loaded 2 times (x 89B)
Class com.google.common.collect.AbstractMapEntry                                      : loaded 2 times (x 81B)
Class com.google.common.collect.Sets$ImprovedAbstractSet                              : loaded 2 times (x 135B)
Class com.google.common.cache.LocalCache$2                                            : loaded 2 times (x 142B)
Class com.google.common.collect.ImmutableList$Builder                                 : loaded 2 times (x 77B)
Class com.google.common.collect.AbstractMultimap                                      : loaded 2 times (x 123B)
Class com.google.common.collect.ImmutableRangeSet$1                                   : loaded 2 times (x 210B)
Class com.google.common.collect.RegularImmutableAsList                                : loaded 2 times (x 217B)
Class com.google.common.collect.Range                                                 : loaded 2 times (x 87B)
Class com.google.common.collect.Iterators                                             : loaded 2 times (x 71B)
Class com.google.common.util.concurrent.AbstractFuture$Trusted                        : loaded 2 times (x 70B)
Class com.google.common.io.ByteSink$AsCharSink                                        : loaded 2 times (x 80B)
Class com.google.common.collect.Lists$StringAsImmutableList                           : loaded 2 times (x 207B)
Class com.google.common.util.concurrent.UncheckedExecutionException                   : loaded 2 times (x 82B)
Class org.gradle.internal.InternalTransformer                                         : loaded 2 times (x 70B)
Class com.google.common.collect.AbstractMapBasedMultimap$KeySet$1                     : loaded 2 times (x 82B)
Class com.google.common.base.CharMatcher$And                                          : loaded 2 times (x 112B)
Class com.google.common.cache.CacheLoader$UnsupportedLoadingOperationException        : loaded 2 times (x 82B)
Class org.gradle.internal.classloader.ClasspathUtil$1                                 : loaded 2 times (x 76B)
Class com.google.common.base.Objects                                                  : loaded 2 times (x 71B)
Class com.google.common.collect.IndexedImmutableSet                                   : loaded 2 times (x 152B)
Class com.google.common.collect.ImmutableMap$1                                        : loaded 2 times (x 81B)
Class com.google.common.collect.BiMap                                                 : loaded 2 times (x 70B)
Class org.gradle.api.internal.classpath.DefaultModuleRegistry$DefaultModule           : loaded 2 times (x 86B)
Class com.google.common.primitives.Ints                                               : loaded 2 times (x 71B)
Class com.google.common.collect.AbstractIterator                                      : loaded 2 times (x 82B)
Class com.google.common.collect.ObjectArrays                                          : loaded 2 times (x 71B)
Class com.google.common.collect.AbstractIndexedListIterator                           : loaded 2 times (x 96B)
Class com.google.common.collect.ArrayListMultimapGwtSerializationDependencies         : loaded 2 times (x 172B)
Class com.google.common.collect.Multiset                                              : loaded 2 times (x 70B)
Class com.google.common.collect.ImmutableMapEntrySet                                  : loaded 2 times (x 152B)
Class org.gradle.api.internal.classpath.Module                                        : loaded 2 times (x 70B)
Class com.google.common.cache.Weigher                                                 : loaded 2 times (x 70B)
Class org.gradle.api.internal.classpath.UnknownModuleException                        : loaded 2 times (x 82B)
Class com.google.common.base.Stopwatch                                                : loaded 2 times (x 72B)
Class com.google.common.cache.LocalCache$Strength                                     : loaded 2 times (x 81B)
Class com.google.common.cache.Cache                                                   : loaded 2 times (x 70B)
Class com.google.common.base.NullnessCasts                                            : loaded 2 times (x 71B)
Class com.google.common.util.concurrent.AbstractFuture$Cancellation                   : loaded 2 times (x 72B)
Class com.google.common.collect.ImmutableMap$Builder                                  : loaded 2 times (x 82B)
Class com.google.common.collect.AbstractMapBasedMultimap$WrappedCollection$WrappedIterator: loaded 2 times (x 84B)
Class com.google.common.cache.RemovalListener                                         : loaded 2 times (x 70B)
Class org.gradle.api.internal.DefaultClassPathRegistry                                : loaded 2 times (x 76B)
Class com.google.common.primitives.IntsMethodsForWeb                                  : loaded 2 times (x 71B)
Class com.google.common.collect.Multimap                                              : loaded 2 times (x 70B)
Class org.gradle.api.internal.ClassPathRegistry                                       : loaded 2 times (x 70B)
Class org.gradle.internal.classpath.DefaultClassPath$ImmutableUniqueList              : loaded 2 times (x 199B)
Class com.google.common.base.ExtraObjectsMethodsForWeb                                : loaded 2 times (x 71B)
Class com.google.common.io.ByteSink                                                   : loaded 2 times (x 76B)
Class com.google.common.cache.CacheBuilder                                            : loaded 2 times (x 72B)
Class com.google.common.collect.SingletonImmutableList                                : loaded 2 times (x 207B)
Class org.gradle.internal.classpath.ClassPath                                         : loaded 2 times (x 70B)
Class com.google.common.io.Files$FileByteSource                                       : loaded 2 times (x 85B)
Class com.google.common.base.JdkPattern                                               : loaded 2 times (x 75B)
Class com.google.common.collect.ImmutableList$ReverseImmutableList                    : loaded 2 times (x 209B)
Class com.google.common.collect.Iterators$1                                           : loaded 2 times (x 81B)
Class com.google.common.base.Suppliers$SupplierOfInstance                             : loaded 2 times (x 79B)
Class com.google.common.cache.LocalCache$ComputingValueReference                      : loaded 2 times (x 96B)
Class com.google.common.collect.ImmutableMap$IteratorBasedImmutableMap                : loaded 2 times (x 126B)
Class com.google.common.collect.SingletonImmutableSet                                 : loaded 2 times (x 146B)
Class com.google.common.cache.LocalCache$Segment                                      : loaded 2 times (x 154B)
Class com.google.common.collect.SortedIterable                                        : loaded 2 times (x 70B)
Class com.google.common.collect.Iterators$4                                           : loaded 2 times (x 82B)
Class com.google.common.cache.CacheLoader                                             : loaded 2 times (x 74B)
Class com.google.common.collect.ImmutableBiMap                                        : loaded 2 times (x 143B)
Class com.google.common.collect.AbstractListMultimap                                  : loaded 2 times (x 172B)
Class org.gradle.internal.installation.GradleInstallation$1                           : loaded 2 times (x 75B)
Class org.gradle.api.internal.classpath.ModuleRegistry                                : loaded 2 times (x 70B)
Class com.google.common.collect.ImmutableSet$JdkBackedSetBuilderImpl                  : loaded 2 times (x 76B)
Class com.google.common.base.Splitter$SplittingIterator                               : loaded 2 times (x 84B)
Class com.google.common.collect.Iterators$5                                           : loaded 2 times (x 82B)
Class com.google.common.util.concurrent.internal.InternalFutureFailureAccess          : loaded 2 times (x 72B)
Class com.google.common.base.CharMatcher$ForPredicate                                 : loaded 2 times (x 112B)
Class com.google.common.cache.LocalCache$LocalManualCache$1                           : loaded 2 times (x 75B)
Class com.google.common.base.CharMatcher$AnyOf                                        : loaded 2 times (x 112B)
Class com.google.common.collect.ImmutableCollection                                   : loaded 2 times (x 125B)
Class org.gradle.api.internal.classpath.DefaultModuleRegistry                         : loaded 2 times (x 86B)
Class com.google.common.collect.Lists                                                 : loaded 2 times (x 71B)
Class com.google.common.util.concurrent.ListenableFuture                              : loaded 2 times (x 70B)
Class com.google.common.cache.ReferenceEntry                                          : loaded 2 times (x 70B)
Class com.google.common.base.Converter                                                : loaded 2 times (x 90B)
Class com.google.common.collect.ImmutableSet$CachingAsList                            : loaded 2 times (x 148B)
Class com.google.common.collect.Iterators$9                                           : loaded 2 times (x 81B)
Class com.google.common.util.concurrent.AbstractFuture                                : loaded 2 times (x 106B)
Class com.google.common.base.FunctionalEquivalence                                    : loaded 2 times (x 83B)
Class com.google.common.collect.AbstractMapBasedMultimap                              : loaded 2 times (x 139B)
Class com.google.common.collect.ImmutableAsList                                       : loaded 2 times (x 209B)
Class com.google.common.cache.CacheLoader$SupplierToCacheLoader                       : loaded 2 times (x 75B)
Class com.google.common.collect.Maps$EntryTransformer                                 : loaded 2 times (x 70B)
Class org.gradle.internal.service.ServiceLookupException                              : loaded 2 times (x 82B)
Class com.google.common.collect.ImmutableSortedSet                                    : loaded 2 times (x 300B)
Class [Lcom.google.common.cache.LocalCache$EntryFactory;                              : loaded 2 times (x 69B)
Class org.gradle.internal.classloader.ClassLoaderFactory                              : loaded 2 times (x 70B)
Class com.google.common.base.CharMatcher$IsNot                                        : loaded 2 times (x 111B)
Class com.google.common.base.CommonPattern                                            : loaded 2 times (x 74B)
Class com.google.common.cache.LocalCache$LocalManualCache                             : loaded 2 times (x 99B)
Class org.gradle.internal.service.CachingServiceLocator                               : loaded 2 times (x 82B)
Class com.google.common.collect.AbstractMapBasedMultimap$KeySet                       : loaded 2 times (x 137B)
Class com.google.common.math.IntMath                                                  : loaded 2 times (x 71B)
Class com.google.common.collect.RegularImmutableSortedSet                             : loaded 2 times (x 300B)
Class com.google.common.collect.ImmutableMapEntry                                     : loaded 2 times (x 85B)
Class com.google.common.base.Equivalence                                              : loaded 2 times (x 82B)
Class com.google.common.collect.ImmutableMultimap                                     : loaded 2 times (x 147B)
Class com.google.common.collect.ImmutableMapEntry$NonTerminalImmutableMapEntry        : loaded 2 times (x 85B)
Class com.google.common.base.Function                                                 : loaded 2 times (x 70B)
Class com.google.common.cache.CacheBuilder$OneWeigher                                 : loaded 2 times (x 82B)
Class com.google.common.collect.RegularImmutableList                                  : loaded 2 times (x 213B)
Class org.gradle.internal.classloader.ClasspathUtil                                   : loaded 2 times (x 71B)
Class com.google.common.util.concurrent.Uninterruptibles                              : loaded 2 times (x 71B)
Class com.google.common.util.concurrent.LazyLogger                                    : loaded 2 times (x 72B)
Class com.google.common.collect.Maps                                                  : loaded 2 times (x 71B)
Class org.gradle.api.specs.Spec                                                       : loaded 2 times (x 70B)
Class [Lcom.google.common.collect.ImmutableEntry;                                     : loaded 2 times (x 69B)
Class com.google.common.cache.LocalCache$LoadingValueReference                        : loaded 2 times (x 96B)
Class com.google.common.base.Platform                                                 : loaded 2 times (x 71B)
Class com.google.common.collect.AbstractMapBasedMultimap$WrappedList                  : loaded 2 times (x 205B)
Class com.google.common.collect.Maps$8                                                : loaded 2 times (x 82B)
Class com.google.common.collect.ImmutableRangeSet$Builder                             : loaded 2 times (x 77B)
Class com.google.common.collect.Sets$SetView                                          : loaded 2 times (x 138B)
Class com.google.common.cache.LocalCache$StrongValueReference                         : loaded 2 times (x 90B)
Class com.google.common.graph.SuccessorsFunction                                      : loaded 2 times (x 70B)
Class org.gradle.internal.classloader.VisitableURLClassLoader$InstrumentingVisitableURLClassLoader: loaded 2 times (x 123B)
Class com.google.common.io.Files$FileByteSink                                         : loaded 2 times (x 77B)
Class [Lcom.google.common.cache.CacheBuilder$NullListener;                            : loaded 2 times (x 69B)
Class org.gradle.internal.classloader.VisitableURLClassLoader$Spec                    : loaded 2 times (x 74B)
Class org.gradle.internal.classpath.DefaultClassPath                                  : loaded 2 times (x 90B)
Class com.google.common.base.AbstractIterator                                         : loaded 2 times (x 80B)
Class com.google.common.io.Closer                                                     : loaded 2 times (x 78B)
Class com.google.common.base.CharMatcher$BitSetMatcher                                : loaded 2 times (x 112B)
Class com.google.common.collect.RegularImmutableMap$Values                            : loaded 2 times (x 207B)
Class com.google.common.collect.ImmutableSet                                          : loaded 2 times (x 145B)
Class org.gradle.internal.classloader.ClassLoaderSpec                                 : loaded 2 times (x 71B)
Class com.google.common.cache.CacheStats                                              : loaded 2 times (x 71B)
Class com.google.common.io.LineProcessor                                              : loaded 2 times (x 70B)
Class com.google.common.io.Closer$Suppressor                                          : loaded 2 times (x 70B)
Class com.google.common.base.CharMatcher$Or                                           : loaded 2 times (x 112B)
Class com.google.common.util.concurrent.AbstractFuture$Listener                       : loaded 2 times (x 72B)
Class com.google.common.base.Supplier                                                 : loaded 2 times (x 70B)
Class org.gradle.internal.classloader.VisitableURLClassLoader                         : loaded 2 times (x 117B)
Class com.google.common.collect.ImmutableList$SerializedForm                          : loaded 2 times (x 73B)
Class org.gradle.internal.Cast                                                        : loaded 2 times (x 71B)
Class org.gradle.api.Action                                                           : loaded 2 times (x 70B)
Class com.google.common.base.Strings                                                  : loaded 2 times (x 71B)
Class com.google.common.collect.Sets                                                  : loaded 2 times (x 71B)
Class com.google.common.base.CharMatcher$FastMatcher                                  : loaded 2 times (x 111B)
Class com.google.common.base.Ticker                                                   : loaded 2 times (x 72B)
Class [Lcom.google.common.cache.LocalCache$Segment;                                   : loaded 2 times (x 69B)
Class com.google.common.base.Predicate                                                : loaded 2 times (x 70B)
Class [Lcom.google.common.cache.LocalCache$Strength;                                  : loaded 2 times (x 69B)
Class com.google.common.cache.CacheBuilder$1                                          : loaded 2 times (x 85B)
Class com.google.common.collect.ImmutableMap                                          : loaded 2 times (x 120B)
Class org.gradle.internal.classpath.DefaultClassPath$ImmutableUniqueList$Builder      : loaded 2 times (x 75B)
Class com.google.common.collect.AbstractRangeSet                                      : loaded 2 times (x 114B)
Class com.google.common.base.CharMatcher$NegatedFastMatcher                           : loaded 2 times (x 113B)
Class com.google.common.cache.LocalCache                                              : loaded 2 times (x 187B)
Class com.google.common.cache.CacheBuilder$2                                          : loaded 2 times (x 79B)
Class com.google.common.cache.CacheBuilder$3                                          : loaded 2 times (x 72B)
Class [Lcom.google.common.collect.AbstractMapEntry;                                   : loaded 2 times (x 69B)
Class com.google.common.collect.ImmutableEntry                                        : loaded 2 times (x 82B)
Class com.google.common.collect.ArrayListMultimap                                     : loaded 2 times (x 172B)
Class org.gradle.api.GradleException                                                  : loaded 2 times (x 82B)
Class com.google.common.base.Suppliers$MemoizingSupplier                              : loaded 2 times (x 79B)
Class com.google.common.collect.CollectPreconditions                                  : loaded 2 times (x 71B)
Class [Lcom.google.common.io.FileWriteMode;                                           : loaded 2 times (x 69B)
Class com.google.common.collect.SortedMapDifference                                   : loaded 2 times (x 70B)
Class com.google.common.io.Files                                                      : loaded 2 times (x 71B)
Class com.google.common.cache.LocalCache$EntryFactory                                 : loaded 2 times (x 83B)
Class com.google.common.cache.LocalCache$AbstractReferenceEntry                       : loaded 2 times (x 107B)
Class org.gradle.internal.IoActions                                                   : loaded 2 times (x 71B)
Class com.google.common.collect.ImmutableRangeSet$ComplementRanges                    : loaded 2 times (x 207B)
Class com.google.common.cache.CacheLoader$InvalidCacheLoadException                   : loaded 2 times (x 82B)
Class com.google.common.collect.ImmutableSet$RegularSetBuilderImpl                    : loaded 2 times (x 77B)
Class org.gradle.internal.classloader.SystemClassLoaderSpec                           : loaded 2 times (x 71B)
Class com.google.common.cache.LocalCache$StrongEntry                                  : loaded 2 times (x 108B)
Class com.google.common.util.concurrent.AbstractFuture$TrustedFuture                  : loaded 2 times (x 114B)
Class com.google.common.cache.LoadingCache                                            : loaded 2 times (x 70B)
Class com.google.common.io.ByteStreams$LimitedInputStream                             : loaded 2 times (x 92B)
Class com.google.common.base.Suppliers$NonSerializableMemoizingSupplier               : loaded 2 times (x 79B)
Class [Lcom.google.common.cache.Weigher;                                              : loaded 2 times (x 69B)
Class com.google.common.collect.RegularImmutableMap$BucketOverflowException           : loaded 2 times (x 82B)
Class com.google.common.collect.AbstractMapBasedMultimap$RandomAccessWrappedList      : loaded 2 times (x 205B)
Class com.google.common.base.CharMatcher$Negated                                      : loaded 2 times (x 113B)
Class com.google.common.base.CharMatcher$Is                                           : loaded 2 times (x 111B)
Class com.google.common.cache.LocalCache$ValueReference                               : loaded 2 times (x 70B)
Class com.google.common.base.PatternCompiler                                          : loaded 2 times (x 70B)
Class com.google.common.collect.Hashing                                               : loaded 2 times (x 71B)
Class com.google.common.util.concurrent.AbstractFuture$Failure                        : loaded 2 times (x 72B)
Class com.google.common.base.Equivalence$Equals                                       : loaded 2 times (x 82B)
Class com.google.common.base.Preconditions                                            : loaded 2 times (x 71B)
Class com.google.common.io.CharSink                                                   : loaded 2 times (x 79B)
Class com.google.common.base.CharMatcher                                              : loaded 2 times (x 111B)
Class com.google.common.base.Joiner$1                                                 : loaded 2 times (x 80B)
Class com.google.common.collect.PeekingIterator                                       : loaded 2 times (x 70B)
Class com.google.common.collect.ImmutableSetMultimap                                  : loaded 2 times (x 180B)
Class com.google.common.collect.Maps$IteratorBasedAbstractMap                         : loaded 2 times (x 125B)
Class com.google.common.collect.RangeGwtSerializationDependencies                     : loaded 2 times (x 71B)
Class com.google.common.collect.Table                                                 : loaded 2 times (x 70B)
Class com.google.common.base.CharMatcher$1                                            : loaded 2 times (x 113B)
Class com.google.common.base.CharMatcher$NamedFastMatcher                             : loaded 2 times (x 112B)
Class com.google.common.base.Joiner$2                                                 : loaded 2 times (x 79B)
Class com.google.common.cache.LocalCache$EntryFactory$1                               : loaded 2 times (x 83B)
Class [Lcom.google.common.cache.RemovalListener;                                      : loaded 2 times (x 69B)
Class com.google.common.collect.RangeSet                                              : loaded 2 times (x 70B)
Class com.google.common.cache.LocalCache$EntryFactory$2                               : loaded 2 times (x 83B)
Class org.gradle.api.internal.classpath.GlobalCacheRootsProvider                      : loaded 2 times (x 70B)
Class com.google.common.collect.CollectCollectors                                     : loaded 2 times (x 71B)
Class com.google.common.cache.LocalCache$EntryFactory$3                               : loaded 2 times (x 83B)
Class com.google.common.base.Ticker$1                                                 : loaded 2 times (x 72B)
Class com.google.common.collect.ImmutableMapEntrySet$RegularEntrySet                  : loaded 2 times (x 152B)
Class com.google.common.collect.Maps$BiMapConverter                                   : loaded 2 times (x 90B)
Class com.google.common.base.CharMatcher$InRange                                      : loaded 2 times (x 111B)
Class com.google.common.cache.LocalCache$EntryFactory$4                               : loaded 2 times (x 83B)
Class com.google.common.collect.SetMultimap                                           : loaded 2 times (x 70B)
Class com.google.common.collect.ImmutableSet$Builder                                  : loaded 2 times (x 85B)
Class com.google.common.io.ByteStreams$1                                              : loaded 2 times (x 85B)
Class com.google.common.cache.LocalCache$EntryFactory$5                               : loaded 2 times (x 83B)
Class com.google.common.cache.LocalCache$EntryFactory$6                               : loaded 2 times (x 83B)
Class org.gradle.internal.installation.CurrentGradleInstallationLocator               : loaded 2 times (x 71B)
Class com.google.common.collect.Maps$KeySet                                           : loaded 2 times (x 137B)
Class com.google.common.cache.LocalCache$EntryFactory$7                               : loaded 2 times (x 83B)
Class com.google.common.collect.ImmutableList                                         : loaded 2 times (x 206B)
Class org.gradle.internal.service.DefaultServiceLocator                               : loaded 2 times (x 83B)
Class com.google.common.collect.Maps$EntrySet                                         : loaded 2 times (x 136B)
Class com.google.common.cache.LocalCache$EntryFactory$8                               : loaded 2 times (x 83B)
Class com.google.common.collect.ImmutableSet$SetBuilderImpl                           : loaded 2 times (x 76B)
Class org.gradle.internal.installation.CurrentGradleInstallation                      : loaded 2 times (x 73B)
Class com.google.common.collect.ForwardingObject                                      : loaded 2 times (x 72B)
Class com.google.common.cache.CacheLoader$1                                           : loaded 2 times (x 75B)
Class com.google.common.collect.ImmutableList$SubList                                 : loaded 2 times (x 209B)
Class org.gradle.util.internal.GUtil                                                  : loaded 2 times (x 71B)
Class com.google.common.io.ByteSource                                                 : loaded 2 times (x 84B)
Class com.google.common.cache.AbstractCache$StatsCounter                              : loaded 2 times (x 70B)
Class com.google.common.collect.Iterators$MergingIterator                             : loaded 2 times (x 81B)
Class com.google.common.collect.RegularImmutableSet                                   : loaded 2 times (x 149B)
Class org.gradle.internal.installation.GradleInstallation                             : loaded 2 times (x 75B)
Class com.google.common.base.Splitter$Strategy                                        : loaded 2 times (x 70B)

---------------  S Y S T E M  ---------------

OS:
 Windows 11 , 64 bit Build 26100 (10.0.26100.8328)
OS uptime: 0 days 3:39 hours
Hyper-V role detected

CPU: total 16 (initial active 16) (16 cores per cpu, 2 threads per core) family 23 model 104 stepping 1 microcode 0x8608109, cx8, cmov, fxsr, ht, mmx, 3dnowpref, sse, sse2, sse3, ssse3, sse4a, sse4.1, sse4.2, popcnt, lzcnt, tsc, tscinvbit, avx, avx2, aes, clmul, bmi1, bmi2, adx, sha, fma, vzeroupper, clflush, clflushopt, hv, rdtscp, rdpid, f16c
Processor Information for the first 16 processors :
  Max Mhz: 1801, Current Mhz: 1801, Mhz Limit: 1801

Memory: 4k page, system-wide physical 15693M (1792M free)
TotalPageFile size 24585M (AvailPageFile size 543M)
current process WorkingSet (physical memory assigned to process): 1615M, peak: 1640M
current process commit charge ("private bytes"): 1697M, peak: 1728M

vm_info: OpenJDK 64-Bit Server VM (21.0.10+-14961533-b1163.108) for windows-amd64 JRE (21.0.10+-14961533-b1163.108), built on 2026-03-02T19:58:50Z by "builder" with MS VC++ 16.10 / 16.11 (VS2019)

END.
