#
# There is insufficient memory for the Java Runtime Environment to continue.
# Native memory allocation (malloc) failed to allocate 112976 bytes. Error detail: Chunk::new
# Possible reasons:
#   The system is out of physical RAM or swap space
#   This process is running with CompressedOops enabled, and the Java Heap may be blocking the growth of the native heap
# Possible solutions:
#   Reduce memory load on the system
#   Increase physical memory or swap space
#   Check if swap backing store is full
#   Decrease Java heap size (-Xmx/-Xms)
#   Decrease number of Java threads
#   Decrease Java thread stack sizes (-Xss)
#   Set larger code cache with -XX:ReservedCodeCacheSize=
#   JVM is running with Zero Based Compressed Oops mode in which the Java heap is
#     placed in the first 32GB address space. The Java Heap base address is the
#     maximum limit for the native heap growth. Please use -XX:HeapBaseMinAddress
#     to set the Java Heap base and to place the Java Heap above 32GB virtual address.
# This output file may be truncated or incomplete.
#
#  Out of Memory Error (arena.cpp:168), pid=7572, tid=6268
#
# JRE version: OpenJDK Runtime Environment (21.0.10) (build 21.0.10+-14961533-b1163.108)
# Java VM: OpenJDK 64-Bit Server VM (21.0.10+-14961533-b1163.108, mixed mode, tiered, compressed oops, compressed class ptrs, g1 gc, windows-amd64)
# No core dump will be written. Minidumps are not enabled by default on client versions of Windows
#

---------------  S U M M A R Y ------------

Command Line: --add-opens=java.base/java.lang=ALL-UNNAMED --add-opens=java.base/java.lang.invoke=ALL-UNNAMED --add-opens=java.base/java.util=ALL-UNNAMED --add-opens=java.prefs/java.util.prefs=ALL-UNNAMED --add-exports=jdk.compiler/com.sun.tools.javac.api=ALL-UNNAMED --add-exports=jdk.compiler/com.sun.tools.javac.util=ALL-UNNAMED --add-opens=java.base/java.util=ALL-UNNAMED --add-opens=java.prefs/java.util.prefs=ALL-UNNAMED --add-opens=java.base/java.nio.charset=ALL-UNNAMED --add-opens=java.base/java.net=ALL-UNNAMED --add-opens=java.base/java.util.concurrent=ALL-UNNAMED --add-opens=java.base/java.util.concurrent.atomic=ALL-UNNAMED --add-opens=java.xml/javax.xml.namespace=ALL-UNNAMED --add-opens=java.base/java.time=ALL-UNNAMED -Xmx4096M -Dfile.encoding=UTF-8 -Duser.country=US -Duser.language=en -Duser.variant -javaagent:C:\Users\ssahu\.gradle\wrapper\dists\gradle-9.1.0-bin\9agqghryom9wkf8r80qlhnts3\gradle-9.1.0\lib\agents\gradle-instrumentation-agent-9.1.0.jar org.gradle.launcher.daemon.bootstrap.GradleDaemon 9.1.0

Host: AMD Ryzen 7 5700U with Radeon Graphics         , 16 cores, 15G,  Windows 11 , 64 bit Build 26100 (10.0.26100.8328)
Time: Tue May  5 17:16:41 2026 India Standard Time elapsed time: 14.093783 seconds (0d 0h 0m 14s)

---------------  T H R E A D  ---------------

Current thread (0x0000014f3ab40320):  JavaThread "C2 CompilerThread2" daemon [_thread_in_native, id=6268, stack(0x0000004534600000,0x0000004534700000) (1024K)]


Current CompileTask:
C2:14093 11954       4       com.android.tools.r8.graph.m4::a (69 bytes)

Stack: [0x0000004534600000,0x0000004534700000]
Native frames: (J=compiled Java code, j=interpreted, Vv=VM code, C=native code)
V  [jvm.dll+0x6d78a9]
V  [jvm.dll+0x8665b3]
V  [jvm.dll+0x868bde]
V  [jvm.dll+0x8692c3]
V  [jvm.dll+0x280ee6]
V  [jvm.dll+0xc07cd]
V  [jvm.dll+0xc0d03]
V  [jvm.dll+0x5e099b]
V  [jvm.dll+0x385e26]
V  [jvm.dll+0x38526a]
V  [jvm.dll+0x249bd2]
V  [jvm.dll+0x2491a1]
V  [jvm.dll+0x1c76e4]
V  [jvm.dll+0x25891e]
V  [jvm.dll+0x256e66]
V  [jvm.dll+0x3f513e]
V  [jvm.dll+0x80fd28]
V  [jvm.dll+0x6d60fd]
C  [ucrtbase.dll+0x37b0]
C  [KERNEL32.DLL+0x2e957]
C  [ntdll.dll+0x427c]


---------------  P R O C E S S  ---------------

Threads class SMR info:
_java_thread_list=0x0000014f379eac30, length=220, elements={
0x0000014f14377530, 0x0000014f313db0f0, 0x0000014f313dbf80, 0x0000014f313dc5f0,
0x0000014f3141e2e0, 0x0000014f3142b150, 0x0000014f3142b7c0, 0x0000014f3142be30,
0x0000014f3143e4c0, 0x0000014f3145ecb0, 0x0000014f315fc660, 0x0000014f31743890,
0x0000014f31d8a020, 0x0000014f36888eb0, 0x0000014f38107a50, 0x0000014f37a37030,
0x0000014f366f8a10, 0x0000014f37d7cb50, 0x0000014f36d86e00, 0x0000014f383f72d0,
0x0000014f36d7c5b0, 0x0000014f376aad10, 0x0000014f376adb00, 0x0000014f376ac750,
0x0000014f376aa680, 0x0000014f376ab3a0, 0x0000014f376aba30, 0x0000014f376acde0,
0x0000014f3a5323a0, 0x0000014f3a5330c0, 0x0000014f3a535190, 0x0000014f3a531d10,
0x0000014f3a532a30, 0x0000014f3a536bd0, 0x0000014f3a537f80, 0x0000014f3a5378f0,
0x0000014f3acda250, 0x0000014f3acda8e0, 0x0000014f3ab40320, 0x0000014f3acd8180,
0x0000014f3acdaf70, 0x0000014f3acd8810, 0x0000014f3ab41790, 0x0000014f3acdc320,
0x0000014f3acdc9b0, 0x0000014f3acd9530, 0x0000014f3acde3f0, 0x0000014f3acdd040,
0x0000014f3acdea80, 0x0000014f3acdf110, 0x0000014f3acdf7a0, 0x0000014f3a539330,
0x0000014f367e19b0, 0x0000014f367e33f0, 0x0000014f367e2040, 0x0000014f367dff70,
0x0000014f367e26d0, 0x0000014f367e0600, 0x0000014f367e2d60, 0x0000014f367e4110,
0x0000014f3ab42530, 0x0000014f3ab410c0, 0x0000014f367e47a0, 0x0000014f367e1320,
0x0000014f367e4e30, 0x0000014f367e6f00, 0x0000014f367e61e0, 0x0000014f367e7590,
0x0000014f367e54c0, 0x0000014f367e5b50, 0x0000014f367e6870, 0x0000014f3b2ac430,
0x0000014f3b2acac0, 0x0000014f3b2a9cd0, 0x0000014f3b2ab080, 0x0000014f3b2abda0,
0x0000014f3b2ab710, 0x0000014f3b2ad150, 0x0000014f3b2ad7e0, 0x0000014f3b2aa360,
0x0000014f3b2ade70, 0x0000014f3b2aa9f0, 0x0000014f3b2ae500, 0x0000014f3b2b0c60,
0x0000014f3b2aff40, 0x0000014f3b2aeb90, 0x0000014f3b2b12f0, 0x0000014f3b2af220,
0x0000014f3b2af8b0, 0x0000014f3b2b05d0, 0x0000014f3b2a5130, 0x0000014f3b2a3d80,
0x0000014f3b2a2340, 0x0000014f3b2a29d0, 0x0000014f3b2a1cb0, 0x0000014f3b2a36f0,
0x0000014f3b2a4410, 0x0000014f3b2a57c0, 0x0000014f3b2a4aa0, 0x0000014f3b2a5e50,
0x0000014f3b2a64e0, 0x0000014f3b2a3060, 0x0000014f3b2a6b70, 0x0000014f3b2a8c40,
0x0000014f3b2a7890, 0x0000014f3b2a7f20, 0x0000014f3b2a7200, 0x0000014f3b2a92d0,
0x0000014f3b2a85b0, 0x0000014f3ae00370, 0x0000014f3adfefc0, 0x0000014f3ae01090,
0x0000014f3ae01720, 0x0000014f3ae01db0, 0x0000014f3ae02440, 0x0000014f3ae00a00,
0x0000014f3ae02ad0, 0x0000014f3adff650, 0x0000014f3ae03160, 0x0000014f3adffce0,
0x0000014f3ae04510, 0x0000014f3ae037f0, 0x0000014f3ae065e0, 0x0000014f3ae03e80,
0x0000014f3ae04ba0, 0x0000014f3ae05230, 0x0000014f3ae058c0, 0x0000014f3ae05f50,
0x0000014f3bc96900, 0x0000014f3bc96f90, 0x0000014f3bc97cb0, 0x0000014f3bc98340,
0x0000014f3bc95550, 0x0000014f3bc94ec0, 0x0000014f3bc99060, 0x0000014f3bc97620,
0x0000014f3bc989d0, 0x0000014f3bc95be0, 0x0000014f3b83fdc0, 0x0000014f3b840450,
0x0000014f3b840ae0, 0x0000014f3b8438d0, 0x0000014f3b842520, 0x0000014f3b843f60,
0x0000014f3b8445f0, 0x0000014f3b841170, 0x0000014f3b844c80, 0x0000014f3b841800,
0x0000014f3b845310, 0x0000014f3b841e90, 0x0000014f3b8459a0, 0x0000014f3b8473e0,
0x0000014f3b8466c0, 0x0000014f3b846030, 0x0000014f3b846d50, 0x0000014f3bc996f0,
0x0000014f3bc9a410, 0x0000014f3bc9aaa0, 0x0000014f3bc9b130, 0x0000014f3bc9b7c0,
0x0000014f3bc9be50, 0x0000014f3acddd60, 0x0000014f3903f800, 0x0000014f3903f170,
0x0000014f3903c380, 0x0000014f3903fe90, 0x0000014f3903ddc0, 0x0000014f3903e450,
0x0000014f3903ca10, 0x0000014f3903d0a0, 0x0000014f3903d730, 0x0000014f39041f60,
0x0000014f3903eae0, 0x0000014f390425f0, 0x0000014f39042c80, 0x0000014f390418d0,
0x0000014f39043310, 0x0000014f39040bb0, 0x0000014f39040520, 0x0000014f390446c0,
0x0000014f39041240, 0x0000014f390481d0, 0x0000014f39045a70, 0x0000014f39044d50,
0x0000014f39046e20, 0x0000014f39046100, 0x0000014f390453e0, 0x0000014f39046790,
0x0000014f390439a0, 0x0000014f3904a2a0, 0x0000014f39048860, 0x0000014f39049c10,
0x0000014f390474b0, 0x0000014f3904a930, 0x0000014f39048ef0, 0x0000014f39049580,
0x0000014f3904afc0, 0x0000014f39047b40, 0x0000014f3904b650, 0x0000014f3a538ca0,
0x0000014f36c67270, 0x0000014f36c6c7c0, 0x0000014f36c6ce50, 0x0000014f36c6db70,
0x0000014f36c6e200, 0x0000014f3b50a740, 0x0000014f3b50add0, 0x0000014f3b50b460,
0x0000014f3b50baf0, 0x0000014f3b509a20, 0x0000014f3b50a0b0, 0x0000014f3b50c180,
0x0000014f3b508d00, 0x0000014f3b50c810, 0x0000014f3b509390, 0x0000014f3b50f600,
0x0000014f3b510320, 0x0000014f3b50cea0, 0x0000014f3a285750, 0x0000014f3a286bc0
}

Java Threads: ( => current thread )
  0x0000014f14377530 JavaThread "main"                              [_thread_blocked, id=17820, stack(0x0000004530a00000,0x0000004530b00000) (1024K)]
  0x0000014f313db0f0 JavaThread "Common-Cleaner"             daemon [_thread_blocked, id=11220, stack(0x0000004531200000,0x0000004531300000) (1024K)]
  0x0000014f313dbf80 JavaThread "Reference Handler"          daemon [_thread_blocked, id=7372, stack(0x0000004531300000,0x0000004531400000) (1024K)]
  0x0000014f313dc5f0 JavaThread "Finalizer"                  daemon [_thread_blocked, id=9356, stack(0x0000004531400000,0x0000004531500000) (1024K)]
  0x0000014f3141e2e0 JavaThread "Signal Dispatcher"          daemon [_thread_blocked, id=18244, stack(0x0000004531500000,0x0000004531600000) (1024K)]
  0x0000014f3142b150 JavaThread "Attach Listener"            daemon [_thread_blocked, id=15812, stack(0x0000004531600000,0x0000004531700000) (1024K)]
  0x0000014f3142b7c0 JavaThread "Service Thread"             daemon [_thread_blocked, id=11384, stack(0x0000004531700000,0x0000004531800000) (1024K)]
  0x0000014f3142be30 JavaThread "Monitor Deflation Thread"   daemon [_thread_blocked, id=15140, stack(0x0000004531800000,0x0000004531900000) (1024K)]
  0x0000014f3143e4c0 JavaThread "C2 CompilerThread0"         daemon [_thread_in_native, id=21412, stack(0x0000004531900000,0x0000004531a00000) (1024K)]
  0x0000014f3145ecb0 JavaThread "C1 CompilerThread0"         daemon [_thread_in_native, id=12784, stack(0x0000004531a00000,0x0000004531b00000) (1024K)]
  0x0000014f315fc660 JavaThread "C1 CompilerThread1"         daemon [_thread_in_native, id=22112, stack(0x0000004531b00000,0x0000004531c00000) (1024K)]
  0x0000014f31743890 JavaThread "Notification Thread"        daemon [_thread_blocked, id=17648, stack(0x0000004531c00000,0x0000004531d00000) (1024K)]
  0x0000014f31d8a020 JavaThread "C1 CompilerThread2"         daemon [_thread_blocked, id=20396, stack(0x0000004532400000,0x0000004532500000) (1024K)]
  0x0000014f36888eb0 JavaThread "C2 CompilerThread1"         daemon [_thread_in_native, id=3040, stack(0x0000004531d00000,0x0000004531e00000) (1024K)]
  0x0000014f38107a50 JavaThread "C1 CompilerThread3"         daemon [_thread_in_native, id=8672, stack(0x0000004531e00000,0x0000004531f00000) (1024K)]
  0x0000014f37a37030 JavaThread "Daemon health stats"               [_thread_blocked, id=18188, stack(0x0000004532300000,0x0000004532400000) (1024K)]
  0x0000014f366f8a10 JavaThread "Incoming local TCP Connector on port 62603"        [_thread_in_native, id=7300, stack(0x0000004532600000,0x0000004532700000) (1024K)]
  0x0000014f37d7cb50 JavaThread "Daemon periodic checks"            [_thread_blocked, id=2348, stack(0x0000004532700000,0x0000004532800000) (1024K)]
  0x0000014f36d86e00 JavaThread "Daemon"                            [_thread_blocked, id=15164, stack(0x0000004532800000,0x0000004532900000) (1024K)]
  0x0000014f383f72d0 JavaThread "Handler for socket connection from /127.0.0.1:62603 to /127.0.0.1:62604"        [_thread_in_native, id=2384, stack(0x0000004532900000,0x0000004532a00000) (1024K)]
  0x0000014f36d7c5b0 JavaThread "Cancel handler"                    [_thread_blocked, id=21516, stack(0x0000004532a00000,0x0000004532b00000) (1024K)]
  0x0000014f376aad10 JavaThread "Daemon worker"                     [_thread_blocked, id=14928, stack(0x0000004532b00000,0x0000004532c00000) (1024K)]
  0x0000014f376adb00 JavaThread "Asynchronous log dispatcher for DefaultDaemonConnection: socket connection from /127.0.0.1:62603 to /127.0.0.1:62604"        [_thread_blocked, id=11224, stack(0x0000004532c00000,0x0000004532d00000) (1024K)]
  0x0000014f376ac750 JavaThread "Stdin handler"                     [_thread_blocked, id=6328, stack(0x0000004532d00000,0x0000004532e00000) (1024K)]
  0x0000014f376aa680 JavaThread "Daemon client event forwarder"        [_thread_blocked, id=17256, stack(0x0000004532e00000,0x0000004532f00000) (1024K)]
  0x0000014f376ab3a0 JavaThread "Cache worker for journal cache (D:\Kotlin And Android Dev\Android Studio\.gradle\caches\journal-1)"        [_thread_blocked, id=6400, stack(0x0000004533900000,0x0000004533a00000) (1024K)]
  0x0000014f376aba30 JavaThread "File lock request listener"        [_thread_in_native, id=19728, stack(0x0000004533a00000,0x0000004533b00000) (1024K)]
  0x0000014f376acde0 JavaThread "Cache worker for file hash cache (D:\Kotlin And Android Dev\Android Studio\.gradle\caches\9.1.0\fileHashes)"        [_thread_blocked, id=13772, stack(0x0000004533b00000,0x0000004533c00000) (1024K)]
  0x0000014f3a5323a0 JavaThread "Cache worker for file hash cache (D:\Kotlin And Android Dev\Multi Platform Projects\Travenor\.gradle\9.1.0\fileHashes)"        [_thread_blocked, id=19008, stack(0x0000004533d00000,0x0000004533e00000) (1024K)]
  0x0000014f3a5330c0 JavaThread "Cache worker for checksums cache (D:\Kotlin And Android Dev\Multi Platform Projects\Travenor\.gradle\9.1.0\checksums)"        [_thread_blocked, id=3832, stack(0x0000004533e00000,0x0000004533f00000) (1024K)]
  0x0000014f3a535190 JavaThread "Cache worker for Build Output Cleanup Cache (D:\Kotlin And Android Dev\Multi Platform Projects\Travenor\.gradle\buildOutputCleanup)"        [_thread_blocked, id=10696, stack(0x0000004533f00000,0x0000004534000000) (1024K)]
  0x0000014f3a531d10 JavaThread "Cache worker for file content cache (D:\Kotlin And Android Dev\Android Studio\.gradle\caches\9.1.0\fileContent)"        [_thread_blocked, id=3324, stack(0x0000004534000000,0x0000004534100000) (1024K)]
  0x0000014f3a532a30 JavaThread "File watcher server"        daemon [_thread_in_native, id=19776, stack(0x0000004534200000,0x0000004534300000) (1024K)]
  0x0000014f3a536bd0 JavaThread "File watcher consumer"      daemon [_thread_blocked, id=22404, stack(0x0000004534300000,0x0000004534400000) (1024K)]
  0x0000014f3a537f80 JavaThread "Cache worker for cache directory md-supplier (D:\Kotlin And Android Dev\Android Studio\.gradle\caches\9.1.0\md-supplier)"        [_thread_blocked, id=19080, stack(0x0000004534100000,0x0000004534200000) (1024K)]
  0x0000014f3a5378f0 JavaThread "Cache worker for cache directory md-rule (D:\Kotlin And Android Dev\Android Studio\.gradle\caches\9.1.0\md-rule)"        [_thread_blocked, id=13124, stack(0x0000004534400000,0x0000004534500000) (1024K)]
  0x0000014f3acda250 JavaThread "build event listener"              [_thread_blocked, id=19916, stack(0x0000004533c00000,0x0000004533d00000) (1024K)]
  0x0000014f3acda8e0 JavaThread "build event listener"              [_thread_blocked, id=19016, stack(0x0000004534500000,0x0000004534600000) (1024K)]
=>0x0000014f3ab40320 JavaThread "C2 CompilerThread2"         daemon [_thread_in_native, id=6268, stack(0x0000004534600000,0x0000004534700000) (1024K)]
  0x0000014f3acd8180 JavaThread "build event listener"              [_thread_blocked, id=2032, stack(0x0000004534700000,0x0000004534800000) (1024K)]
  0x0000014f3acdaf70 JavaThread "Build operations"                  [_thread_blocked, id=2148, stack(0x0000004534800000,0x0000004534900000) (1024K)]
  0x0000014f3acd8810 JavaThread "Memory manager"                    [_thread_blocked, id=3824, stack(0x0000004532500000,0x0000004532600000) (1024K)]
  0x0000014f3ab41790 JavaThread "C2 CompilerThread3"         daemon [_thread_in_vm, id=14688, stack(0x0000004534900000,0x0000004534a00000) (1024K)]
  0x0000014f3acdc320 JavaThread "included builds"                   [_thread_blocked, id=20320, stack(0x0000004534a00000,0x0000004534b00000) (1024K)]
  0x0000014f3acdc9b0 JavaThread "Execution worker"                  [_thread_blocked, id=16740, stack(0x0000004534b00000,0x0000004534c00000) (1024K)]
  0x0000014f3acd9530 JavaThread "Execution worker Thread 2"         [_thread_blocked, id=15796, stack(0x0000004534c00000,0x0000004534d00000) (1024K)]
  0x0000014f3acde3f0 JavaThread "Execution worker Thread 3"         [_thread_blocked, id=5036, stack(0x0000004534d00000,0x0000004534e00000) (1024K)]
  0x0000014f3acdd040 JavaThread "Execution worker Thread 4"         [_thread_blocked, id=12732, stack(0x0000004534e00000,0x0000004534f00000) (1024K)]
  0x0000014f3acdea80 JavaThread "Execution worker Thread 5"         [_thread_blocked, id=1444, stack(0x0000004534f00000,0x0000004535000000) (1024K)]
  0x0000014f3acdf110 JavaThread "Execution worker Thread 6"         [_thread_blocked, id=6380, stack(0x0000004535000000,0x0000004535100000) (1024K)]
  0x0000014f3acdf7a0 JavaThread "Execution worker Thread 7"         [_thread_in_Java, id=5316, stack(0x0000004535100000,0x0000004535200000) (1024K)]
  0x0000014f3a539330 JavaThread "Execution worker Thread 8"         [_thread_blocked, id=4560, stack(0x0000004535200000,0x0000004535300000) (1024K)]
  0x0000014f367e19b0 JavaThread "Execution worker Thread 9"         [_thread_blocked, id=4292, stack(0x0000004535300000,0x0000004535400000) (1024K)]
  0x0000014f367e33f0 JavaThread "Execution worker Thread 10"        [_thread_blocked, id=14648, stack(0x0000004535400000,0x0000004535500000) (1024K)]
  0x0000014f367e2040 JavaThread "Execution worker Thread 11"        [_thread_blocked, id=19948, stack(0x0000004535500000,0x0000004535600000) (1024K)]
  0x0000014f367dff70 JavaThread "Execution worker Thread 12"        [_thread_blocked, id=12228, stack(0x0000004535600000,0x0000004535700000) (1024K)]
  0x0000014f367e26d0 JavaThread "Execution worker Thread 13"        [_thread_blocked, id=9900, stack(0x0000004535700000,0x0000004535800000) (1024K)]
  0x0000014f367e0600 JavaThread "Execution worker Thread 14"        [_thread_blocked, id=13808, stack(0x0000004535800000,0x0000004535900000) (1024K)]
  0x0000014f367e2d60 JavaThread "Execution worker Thread 15"        [_thread_blocked, id=6448, stack(0x0000004535900000,0x0000004535a00000) (1024K)]
  0x0000014f367e4110 JavaThread "Cache worker for execution history cache (D:\Kotlin And Android Dev\Multi Platform Projects\Travenor\.gradle\9.1.0\executionHistory)"        [_thread_blocked, id=6636, stack(0x0000004535a00000,0x0000004535b00000) (1024K)]
  0x0000014f3ab42530 JavaThread "C2 CompilerThread4"         daemon [_thread_in_native, id=21396, stack(0x0000004535b00000,0x0000004535c00000) (1024K)]
  0x0000014f3ab410c0 JavaThread "C2 CompilerThread5"         daemon [_thread_in_native, id=15068, stack(0x0000004535c00000,0x0000004535d00000) (1024K)]
  0x0000014f367e47a0 JavaThread "Unconstrained build operations"        [_thread_blocked, id=8984, stack(0x0000004535d00000,0x0000004535e00000) (1024K)]
  0x0000014f367e1320 JavaThread "Unconstrained build operations Thread 2"        [_thread_blocked, id=11300, stack(0x0000004535e00000,0x0000004535f00000) (1024K)]
  0x0000014f367e4e30 JavaThread "Unconstrained build operations Thread 3"        [_thread_blocked, id=19256, stack(0x0000004535f00000,0x0000004536000000) (1024K)]
  0x0000014f367e6f00 JavaThread "Unconstrained build operations Thread 4"        [_thread_blocked, id=16120, stack(0x0000004536000000,0x0000004536100000) (1024K)]
  0x0000014f367e61e0 JavaThread "Unconstrained build operations Thread 6"        [_thread_blocked, id=7740, stack(0x0000004536100000,0x0000004536200000) (1024K)]
  0x0000014f367e7590 JavaThread "Unconstrained build operations Thread 7"        [_thread_blocked, id=3284, stack(0x0000004536200000,0x0000004536300000) (1024K)]
  0x0000014f367e54c0 JavaThread "Unconstrained build operations Thread 5"        [_thread_blocked, id=15204, stack(0x0000004536300000,0x0000004536400000) (1024K)]
  0x0000014f367e5b50 JavaThread "Unconstrained build operations Thread 8"        [_thread_blocked, id=18208, stack(0x0000004536400000,0x0000004536500000) (1024K)]
  0x0000014f367e6870 JavaThread "Unconstrained build operations Thread 9"        [_thread_blocked, id=4844, stack(0x0000004536500000,0x0000004536600000) (1024K)]
  0x0000014f3b2ac430 JavaThread "Unconstrained build operations Thread 10"        [_thread_blocked, id=7976, stack(0x0000004536600000,0x0000004536700000) (1024K)]
  0x0000014f3b2acac0 JavaThread "Unconstrained build operations Thread 11"        [_thread_blocked, id=21528, stack(0x0000004536700000,0x0000004536800000) (1024K)]
  0x0000014f3b2a9cd0 JavaThread "Unconstrained build operations Thread 12"        [_thread_blocked, id=19012, stack(0x0000004536800000,0x0000004536900000) (1024K)]
  0x0000014f3b2ab080 JavaThread "Unconstrained build operations Thread 13"        [_thread_blocked, id=3416, stack(0x0000004536900000,0x0000004536a00000) (1024K)]
  0x0000014f3b2abda0 JavaThread "Unconstrained build operations Thread 14"        [_thread_blocked, id=14656, stack(0x0000004536a00000,0x0000004536b00000) (1024K)]
  0x0000014f3b2ab710 JavaThread "Unconstrained build operations Thread 16"        [_thread_blocked, id=21912, stack(0x0000004536b00000,0x0000004536c00000) (1024K)]
  0x0000014f3b2ad150 JavaThread "Unconstrained build operations Thread 15"        [_thread_blocked, id=12308, stack(0x0000004536c00000,0x0000004536d00000) (1024K)]
  0x0000014f3b2ad7e0 JavaThread "Unconstrained build operations Thread 17"        [_thread_blocked, id=18408, stack(0x0000004536d00000,0x0000004536e00000) (1024K)]
  0x0000014f3b2aa360 JavaThread "Unconstrained build operations Thread 18"        [_thread_blocked, id=14780, stack(0x0000004536e00000,0x0000004536f00000) (1024K)]
  0x0000014f3b2ade70 JavaThread "Unconstrained build operations Thread 19"        [_thread_blocked, id=17856, stack(0x0000004536f00000,0x0000004537000000) (1024K)]
  0x0000014f3b2aa9f0 JavaThread "Unconstrained build operations Thread 20"        [_thread_blocked, id=11936, stack(0x0000004537000000,0x0000004537100000) (1024K)]
  0x0000014f3b2ae500 JavaThread "Unconstrained build operations Thread 22"        [_thread_blocked, id=12968, stack(0x0000004537100000,0x0000004537200000) (1024K)]
  0x0000014f3b2b0c60 JavaThread "Unconstrained build operations Thread 23"        [_thread_blocked, id=17044, stack(0x0000004537200000,0x0000004537300000) (1024K)]
  0x0000014f3b2aff40 JavaThread "Unconstrained build operations Thread 24"        [_thread_blocked, id=692, stack(0x0000004537300000,0x0000004537400000) (1024K)]
  0x0000014f3b2aeb90 JavaThread "Unconstrained build operations Thread 21"        [_thread_blocked, id=11788, stack(0x0000004537400000,0x0000004537500000) (1024K)]
  0x0000014f3b2b12f0 JavaThread "Unconstrained build operations Thread 25"        [_thread_blocked, id=21080, stack(0x0000004537500000,0x0000004537600000) (1024K)]
  0x0000014f3b2af220 JavaThread "Unconstrained build operations Thread 26"        [_thread_blocked, id=15024, stack(0x0000004537600000,0x0000004537700000) (1024K)]
  0x0000014f3b2af8b0 JavaThread "Unconstrained build operations Thread 27"        [_thread_blocked, id=2084, stack(0x0000004537700000,0x0000004537800000) (1024K)]
  0x0000014f3b2b05d0 JavaThread "Unconstrained build operations Thread 28"        [_thread_blocked, id=10080, stack(0x0000004537800000,0x0000004537900000) (1024K)]
  0x0000014f3b2a5130 JavaThread "Unconstrained build operations Thread 29"        [_thread_blocked, id=13104, stack(0x0000004537900000,0x0000004537a00000) (1024K)]
  0x0000014f3b2a3d80 JavaThread "Unconstrained build operations Thread 30"        [_thread_blocked, id=16472, stack(0x0000004537a00000,0x0000004537b00000) (1024K)]
  0x0000014f3b2a2340 JavaThread "Unconstrained build operations Thread 31"        [_thread_blocked, id=10368, stack(0x0000004537b00000,0x0000004537c00000) (1024K)]
  0x0000014f3b2a29d0 JavaThread "Unconstrained build operations Thread 32"        [_thread_blocked, id=8820, stack(0x0000004537c00000,0x0000004537d00000) (1024K)]
  0x0000014f3b2a1cb0 JavaThread "Unconstrained build operations Thread 33"        [_thread_blocked, id=5644, stack(0x0000004537d00000,0x0000004537e00000) (1024K)]
  0x0000014f3b2a36f0 JavaThread "Unconstrained build operations Thread 34"        [_thread_blocked, id=9884, stack(0x0000004537e00000,0x0000004537f00000) (1024K)]
  0x0000014f3b2a4410 JavaThread "Unconstrained build operations Thread 35"        [_thread_blocked, id=5776, stack(0x0000004537f00000,0x0000004538000000) (1024K)]
  0x0000014f3b2a57c0 JavaThread "Unconstrained build operations Thread 36"        [_thread_blocked, id=3228, stack(0x0000004538000000,0x0000004538100000) (1024K)]
  0x0000014f3b2a4aa0 JavaThread "Unconstrained build operations Thread 37"        [_thread_blocked, id=15092, stack(0x0000004538100000,0x0000004538200000) (1024K)]
  0x0000014f3b2a5e50 JavaThread "Unconstrained build operations Thread 38"        [_thread_blocked, id=16696, stack(0x0000004538200000,0x0000004538300000) (1024K)]
  0x0000014f3b2a64e0 JavaThread "Unconstrained build operations Thread 39"        [_thread_blocked, id=11604, stack(0x0000004538300000,0x0000004538400000) (1024K)]
  0x0000014f3b2a3060 JavaThread "Unconstrained build operations Thread 40"        [_thread_blocked, id=18932, stack(0x0000004538400000,0x0000004538500000) (1024K)]
  0x0000014f3b2a6b70 JavaThread "Unconstrained build operations Thread 41"        [_thread_blocked, id=13232, stack(0x0000004538500000,0x0000004538600000) (1024K)]
  0x0000014f3b2a8c40 JavaThread "Unconstrained build operations Thread 42"        [_thread_blocked, id=12600, stack(0x0000004538600000,0x0000004538700000) (1024K)]
  0x0000014f3b2a7890 JavaThread "Unconstrained build operations Thread 43"        [_thread_blocked, id=16528, stack(0x0000004538700000,0x0000004538800000) (1024K)]
  0x0000014f3b2a7f20 JavaThread "Unconstrained build operations Thread 44"        [_thread_blocked, id=20452, stack(0x0000004538800000,0x0000004538900000) (1024K)]
  0x0000014f3b2a7200 JavaThread "Unconstrained build operations Thread 45"        [_thread_blocked, id=16520, stack(0x0000004538900000,0x0000004538a00000) (1024K)]
  0x0000014f3b2a92d0 JavaThread "Unconstrained build operations Thread 46"        [_thread_blocked, id=9088, stack(0x0000004538a00000,0x0000004538b00000) (1024K)]
  0x0000014f3b2a85b0 JavaThread "Unconstrained build operations Thread 47"        [_thread_blocked, id=19024, stack(0x0000004538b00000,0x0000004538c00000) (1024K)]
  0x0000014f3ae00370 JavaThread "Unconstrained build operations Thread 48"        [_thread_blocked, id=3864, stack(0x0000004538c00000,0x0000004538d00000) (1024K)]
  0x0000014f3adfefc0 JavaThread "Unconstrained build operations Thread 49"        [_thread_blocked, id=2216, stack(0x0000004538d00000,0x0000004538e00000) (1024K)]
  0x0000014f3ae01090 JavaThread "Unconstrained build operations Thread 50"        [_thread_blocked, id=20692, stack(0x0000004538e00000,0x0000004538f00000) (1024K)]
  0x0000014f3ae01720 JavaThread "Unconstrained build operations Thread 51"        [_thread_blocked, id=4264, stack(0x0000004538f00000,0x0000004539000000) (1024K)]
  0x0000014f3ae01db0 JavaThread "Unconstrained build operations Thread 53"        [_thread_blocked, id=16112, stack(0x0000004539000000,0x0000004539100000) (1024K)]
  0x0000014f3ae02440 JavaThread "Unconstrained build operations Thread 52"        [_thread_blocked, id=11756, stack(0x0000004539100000,0x0000004539200000) (1024K)]
  0x0000014f3ae00a00 JavaThread "Unconstrained build operations Thread 54"        [_thread_blocked, id=12880, stack(0x0000004539200000,0x0000004539300000) (1024K)]
  0x0000014f3ae02ad0 JavaThread "Unconstrained build operations Thread 55"        [_thread_blocked, id=22272, stack(0x0000004539300000,0x0000004539400000) (1024K)]
  0x0000014f3adff650 JavaThread "Unconstrained build operations Thread 56"        [_thread_blocked, id=9504, stack(0x0000004539400000,0x0000004539500000) (1024K)]
  0x0000014f3ae03160 JavaThread "Unconstrained build operations Thread 57"        [_thread_blocked, id=17652, stack(0x0000004539500000,0x0000004539600000) (1024K)]
  0x0000014f3adffce0 JavaThread "Unconstrained build operations Thread 58"        [_thread_blocked, id=4752, stack(0x0000004539600000,0x0000004539700000) (1024K)]
  0x0000014f3ae04510 JavaThread "Unconstrained build operations Thread 60"        [_thread_blocked, id=7568, stack(0x0000004539700000,0x0000004539800000) (1024K)]
  0x0000014f3ae037f0 JavaThread "Unconstrained build operations Thread 59"        [_thread_blocked, id=12788, stack(0x0000004539800000,0x0000004539900000) (1024K)]
  0x0000014f3ae065e0 JavaThread "Unconstrained build operations Thread 62"        [_thread_blocked, id=18080, stack(0x0000004539900000,0x0000004539a00000) (1024K)]
  0x0000014f3ae03e80 JavaThread "Unconstrained build operations Thread 61"        [_thread_blocked, id=12412, stack(0x0000004539a00000,0x0000004539b00000) (1024K)]
  0x0000014f3ae04ba0 JavaThread "Unconstrained build operations Thread 64"        [_thread_blocked, id=11312, stack(0x0000004539b00000,0x0000004539c00000) (1024K)]
  0x0000014f3ae05230 JavaThread "Unconstrained build operations Thread 63"        [_thread_blocked, id=11860, stack(0x0000004539c00000,0x0000004539d00000) (1024K)]
  0x0000014f3ae058c0 JavaThread "Unconstrained build operations Thread 65"        [_thread_blocked, id=19516, stack(0x0000004539d00000,0x0000004539e00000) (1024K)]
  0x0000014f3ae05f50 JavaThread "Unconstrained build operations Thread 66"        [_thread_blocked, id=11600, stack(0x0000004539e00000,0x0000004539f00000) (1024K)]
  0x0000014f3bc96900 JavaThread "Unconstrained build operations Thread 67"        [_thread_blocked, id=6264, stack(0x0000004539f00000,0x000000453a000000) (1024K)]
  0x0000014f3bc96f90 JavaThread "Unconstrained build operations Thread 68"        [_thread_blocked, id=5084, stack(0x000000453a000000,0x000000453a100000) (1024K)]
  0x0000014f3bc97cb0 JavaThread "Unconstrained build operations Thread 69"        [_thread_blocked, id=21272, stack(0x000000453a100000,0x000000453a200000) (1024K)]
  0x0000014f3bc98340 JavaThread "Unconstrained build operations Thread 70"        [_thread_blocked, id=2400, stack(0x000000453a200000,0x000000453a300000) (1024K)]
  0x0000014f3bc95550 JavaThread "Unconstrained build operations Thread 71"        [_thread_blocked, id=12200, stack(0x000000453a300000,0x000000453a400000) (1024K)]
  0x0000014f3bc94ec0 JavaThread "Unconstrained build operations Thread 72"        [_thread_blocked, id=19400, stack(0x000000453a400000,0x000000453a500000) (1024K)]
  0x0000014f3bc99060 JavaThread "Unconstrained build operations Thread 73"        [_thread_blocked, id=4360, stack(0x000000453a500000,0x000000453a600000) (1024K)]
  0x0000014f3bc97620 JavaThread "Unconstrained build operations Thread 74"        [_thread_blocked, id=9072, stack(0x000000453a600000,0x000000453a700000) (1024K)]
  0x0000014f3bc989d0 JavaThread "Unconstrained build operations Thread 75"        [_thread_blocked, id=21836, stack(0x000000453a700000,0x000000453a800000) (1024K)]
  0x0000014f3bc95be0 JavaThread "pool-2-thread-1"                   [_thread_blocked, id=13036, stack(0x000000453a800000,0x000000453a900000) (1024K)]
  0x0000014f3b83fdc0 JavaThread "Unconstrained build operations Thread 76"        [_thread_blocked, id=21068, stack(0x000000453a900000,0x000000453aa00000) (1024K)]
  0x0000014f3b840450 JavaThread "Unconstrained build operations Thread 77"        [_thread_blocked, id=1112, stack(0x000000453aa00000,0x000000453ab00000) (1024K)]
  0x0000014f3b840ae0 JavaThread "Unconstrained build operations Thread 78"        [_thread_blocked, id=18004, stack(0x000000453ab00000,0x000000453ac00000) (1024K)]
  0x0000014f3b8438d0 JavaThread "Unconstrained build operations Thread 79"        [_thread_blocked, id=11808, stack(0x000000453ac00000,0x000000453ad00000) (1024K)]
  0x0000014f3b842520 JavaThread "Unconstrained build operations Thread 80"        [_thread_blocked, id=19208, stack(0x000000453ad00000,0x000000453ae00000) (1024K)]
  0x0000014f3b843f60 JavaThread "Unconstrained build operations Thread 81"        [_thread_blocked, id=10352, stack(0x000000453ae00000,0x000000453af00000) (1024K)]
  0x0000014f3b8445f0 JavaThread "Unconstrained build operations Thread 82"        [_thread_blocked, id=13352, stack(0x000000453af00000,0x000000453b000000) (1024K)]
  0x0000014f3b841170 JavaThread "Unconstrained build operations Thread 83"        [_thread_blocked, id=11000, stack(0x000000453b000000,0x000000453b100000) (1024K)]
  0x0000014f3b844c80 JavaThread "Unconstrained build operations Thread 84"        [_thread_blocked, id=19664, stack(0x000000453b100000,0x000000453b200000) (1024K)]
  0x0000014f3b841800 JavaThread "Unconstrained build operations Thread 85"        [_thread_blocked, id=22156, stack(0x000000453b200000,0x000000453b300000) (1024K)]
  0x0000014f3b845310 JavaThread "Unconstrained build operations Thread 86"        [_thread_blocked, id=18800, stack(0x000000453b300000,0x000000453b400000) (1024K)]
  0x0000014f3b841e90 JavaThread "Unconstrained build operations Thread 87"        [_thread_blocked, id=18524, stack(0x000000453b400000,0x000000453b500000) (1024K)]
  0x0000014f3b8459a0 JavaThread "Unconstrained build operations Thread 88"        [_thread_blocked, id=7948, stack(0x000000453b500000,0x000000453b600000) (1024K)]
  0x0000014f3b8473e0 JavaThread "Unconstrained build operations Thread 89"        [_thread_blocked, id=16052, stack(0x000000453b600000,0x000000453b700000) (1024K)]
  0x0000014f3b8466c0 JavaThread "Unconstrained build operations Thread 90"        [_thread_blocked, id=20084, stack(0x000000453b700000,0x000000453b800000) (1024K)]
  0x0000014f3b846030 JavaThread "Unconstrained build operations Thread 91"        [_thread_blocked, id=20268, stack(0x000000453b800000,0x000000453b900000) (1024K)]
  0x0000014f3b846d50 JavaThread "Unconstrained build operations Thread 92"        [_thread_blocked, id=21656, stack(0x000000453b900000,0x000000453ba00000) (1024K)]
  0x0000014f3bc996f0 JavaThread "Unconstrained build operations Thread 93"        [_thread_blocked, id=3728, stack(0x000000453ba00000,0x000000453bb00000) (1024K)]
  0x0000014f3bc9a410 JavaThread "Unconstrained build operations Thread 94"        [_thread_blocked, id=18268, stack(0x000000453bb00000,0x000000453bc00000) (1024K)]
  0x0000014f3bc9aaa0 JavaThread "Unconstrained build operations Thread 95"        [_thread_blocked, id=22132, stack(0x000000453bc00000,0x000000453bd00000) (1024K)]
  0x0000014f3bc9b130 JavaThread "Unconstrained build operations Thread 96"        [_thread_blocked, id=13672, stack(0x000000453bd00000,0x000000453be00000) (1024K)]
  0x0000014f3bc9b7c0 JavaThread "Unconstrained build operations Thread 97"        [_thread_blocked, id=20904, stack(0x000000453be00000,0x000000453bf00000) (1024K)]
  0x0000014f3bc9be50 JavaThread "Unconstrained build operations Thread 98"        [_thread_blocked, id=3856, stack(0x000000453bf00000,0x000000453c000000) (1024K)]
  0x0000014f3acddd60 JavaThread "Unconstrained build operations Thread 99"        [_thread_blocked, id=7424, stack(0x000000453c000000,0x000000453c100000) (1024K)]
  0x0000014f3903f800 JavaThread "Unconstrained build operations Thread 100"        [_thread_blocked, id=4120, stack(0x000000453c100000,0x000000453c200000) (1024K)]
  0x0000014f3903f170 JavaThread "Unconstrained build operations Thread 101"        [_thread_blocked, id=20340, stack(0x000000453c200000,0x000000453c300000) (1024K)]
  0x0000014f3903c380 JavaThread "Unconstrained build operations Thread 102"        [_thread_blocked, id=21620, stack(0x000000453c300000,0x000000453c400000) (1024K)]
  0x0000014f3903fe90 JavaThread "Unconstrained build operations Thread 103"        [_thread_blocked, id=21472, stack(0x000000453c400000,0x000000453c500000) (1024K)]
  0x0000014f3903ddc0 JavaThread "Unconstrained build operations Thread 104"        [_thread_blocked, id=8912, stack(0x000000453c500000,0x000000453c600000) (1024K)]
  0x0000014f3903e450 JavaThread "Unconstrained build operations Thread 105"        [_thread_blocked, id=19104, stack(0x000000453c600000,0x000000453c700000) (1024K)]
  0x0000014f3903ca10 JavaThread "Unconstrained build operations Thread 106"        [_thread_blocked, id=5800, stack(0x000000453c700000,0x000000453c800000) (1024K)]
  0x0000014f3903d0a0 JavaThread "Unconstrained build operations Thread 107"        [_thread_blocked, id=17672, stack(0x000000453c800000,0x000000453c900000) (1024K)]
  0x0000014f3903d730 JavaThread "Unconstrained build operations Thread 108"        [_thread_blocked, id=4816, stack(0x000000453c900000,0x000000453ca00000) (1024K)]
  0x0000014f39041f60 JavaThread "Unconstrained build operations Thread 109"        [_thread_blocked, id=18060, stack(0x000000453ca00000,0x000000453cb00000) (1024K)]
  0x0000014f3903eae0 JavaThread "Unconstrained build operations Thread 110"        [_thread_blocked, id=16580, stack(0x000000453cb00000,0x000000453cc00000) (1024K)]
  0x0000014f390425f0 JavaThread "Unconstrained build operations Thread 111"        [_thread_blocked, id=6856, stack(0x000000453cc00000,0x000000453cd00000) (1024K)]
  0x0000014f39042c80 JavaThread "Unconstrained build operations Thread 112"        [_thread_blocked, id=10988, stack(0x000000453cd00000,0x000000453ce00000) (1024K)]
  0x0000014f390418d0 JavaThread "Unconstrained build operations Thread 113"        [_thread_blocked, id=15860, stack(0x000000453ce00000,0x000000453cf00000) (1024K)]
  0x0000014f39043310 JavaThread "Unconstrained build operations Thread 114"        [_thread_blocked, id=21000, stack(0x000000453cf00000,0x000000453d000000) (1024K)]
  0x0000014f39040bb0 JavaThread "Unconstrained build operations Thread 115"        [_thread_blocked, id=2968, stack(0x000000453d000000,0x000000453d100000) (1024K)]
  0x0000014f39040520 JavaThread "Unconstrained build operations Thread 116"        [_thread_blocked, id=18312, stack(0x000000453d100000,0x000000453d200000) (1024K)]
  0x0000014f390446c0 JavaThread "Unconstrained build operations Thread 117"        [_thread_blocked, id=4996, stack(0x000000453d200000,0x000000453d300000) (1024K)]
  0x0000014f39041240 JavaThread "Unconstrained build operations Thread 118"        [_thread_blocked, id=16848, stack(0x000000453d300000,0x000000453d400000) (1024K)]
  0x0000014f390481d0 JavaThread "Unconstrained build operations Thread 119"        [_thread_blocked, id=18412, stack(0x000000453d400000,0x000000453d500000) (1024K)]
  0x0000014f39045a70 JavaThread "Unconstrained build operations Thread 120"        [_thread_blocked, id=3876, stack(0x000000453d500000,0x000000453d600000) (1024K)]
  0x0000014f39044d50 JavaThread "Unconstrained build operations Thread 121"        [_thread_blocked, id=9984, stack(0x000000453d600000,0x000000453d700000) (1024K)]
  0x0000014f39046e20 JavaThread "Unconstrained build operations Thread 122"        [_thread_blocked, id=17112, stack(0x000000453d700000,0x000000453d800000) (1024K)]
  0x0000014f39046100 JavaThread "Unconstrained build operations Thread 123"        [_thread_blocked, id=18760, stack(0x000000453d800000,0x000000453d900000) (1024K)]
  0x0000014f390453e0 JavaThread "Unconstrained build operations Thread 124"        [_thread_in_vm, id=14764, stack(0x000000453d900000,0x000000453da00000) (1024K)]
  0x0000014f39046790 JavaThread "Unconstrained build operations Thread 125"        [_thread_blocked, id=9012, stack(0x000000453da00000,0x000000453db00000) (1024K)]
  0x0000014f390439a0 JavaThread "Unconstrained build operations Thread 126"        [_thread_blocked, id=22016, stack(0x000000453db00000,0x000000453dc00000) (1024K)]
  0x0000014f3904a2a0 JavaThread "Unconstrained build operations Thread 127"        [_thread_blocked, id=16420, stack(0x000000453dc00000,0x000000453dd00000) (1024K)]
  0x0000014f39048860 JavaThread "Unconstrained build operations Thread 128"        [_thread_blocked, id=10976, stack(0x000000453dd00000,0x000000453de00000) (1024K)]
  0x0000014f39049c10 JavaThread "Unconstrained build operations Thread 129"        [_thread_blocked, id=19288, stack(0x000000453de00000,0x000000453df00000) (1024K)]
  0x0000014f390474b0 JavaThread "Unconstrained build operations Thread 130"        [_thread_blocked, id=10936, stack(0x000000453df00000,0x000000453e000000) (1024K)]
  0x0000014f3904a930 JavaThread "Unconstrained build operations Thread 131"        [_thread_blocked, id=19096, stack(0x000000453e000000,0x000000453e100000) (1024K)]
  0x0000014f39048ef0 JavaThread "Unconstrained build operations Thread 132"        [_thread_blocked, id=20800, stack(0x000000453e100000,0x000000453e200000) (1024K)]
  0x0000014f39049580 JavaThread "Unconstrained build operations Thread 133"        [_thread_in_native, id=8732, stack(0x000000453e200000,0x000000453e300000) (1024K)]
  0x0000014f3904afc0 JavaThread "Unconstrained build operations Thread 134"        [_thread_blocked, id=21064, stack(0x000000453e300000,0x000000453e400000) (1024K)]
  0x0000014f39047b40 JavaThread "Unconstrained build operations Thread 135"        [_thread_blocked, id=22380, stack(0x000000453e400000,0x000000453e500000) (1024K)]
  0x0000014f3904b650 JavaThread "Unconstrained build operations Thread 136"        [_thread_blocked, id=9316, stack(0x000000453e500000,0x000000453e600000) (1024K)]
  0x0000014f3a538ca0 JavaThread "Unconstrained build operations Thread 137"        [_thread_blocked, id=13132, stack(0x000000453e600000,0x000000453e700000) (1024K)]
  0x0000014f36c67270 JavaThread "Unconstrained build operations Thread 138"        [_thread_blocked, id=2848, stack(0x000000453e700000,0x000000453e800000) (1024K)]
  0x0000014f36c6c7c0 JavaThread "WorkerExecutor Queue"              [_thread_blocked, id=9312, stack(0x000000453e800000,0x000000453e900000) (1024K)]
  0x0000014f36c6ce50 JavaThread "WorkerExecutor Queue Thread 2"        [_thread_blocked, id=22172, stack(0x000000453e900000,0x000000453ea00000) (1024K)]
  0x0000014f36c6db70 JavaThread "WorkerExecutor Queue Thread 3"        [_thread_blocked, id=21524, stack(0x000000453ea00000,0x000000453eb00000) (1024K)]
  0x0000014f36c6e200 JavaThread "WorkerExecutor Queue Thread 4"        [_thread_blocked, id=14788, stack(0x000000453eb00000,0x000000453ec00000) (1024K)]
  0x0000014f3b50a740 JavaThread "WorkerExecutor Queue Thread 5"        [_thread_blocked, id=20324, stack(0x000000453ec00000,0x000000453ed00000) (1024K)]
  0x0000014f3b50add0 JavaThread "WorkerExecutor Queue Thread 6"        [_thread_blocked, id=17872, stack(0x000000453ed00000,0x000000453ee00000) (1024K)]
  0x0000014f3b50b460 JavaThread "WorkerExecutor Queue Thread 7"        [_thread_blocked, id=6408, stack(0x000000453ee00000,0x000000453ef00000) (1024K)]
  0x0000014f3b50baf0 JavaThread "WorkerExecutor Queue Thread 8"        [_thread_blocked, id=2636, stack(0x000000453ef00000,0x000000453f000000) (1024K)]
  0x0000014f3b509a20 JavaThread "WorkerExecutor Queue Thread 9"        [_thread_blocked, id=1644, stack(0x000000453f000000,0x000000453f100000) (1024K)]
  0x0000014f3b50a0b0 JavaThread "WorkerExecutor Queue Thread 10"        [_thread_blocked, id=17636, stack(0x000000453f100000,0x000000453f200000) (1024K)]
  0x0000014f3b50c180 JavaThread "WorkerExecutor Queue Thread 11"        [_thread_blocked, id=19780, stack(0x000000453f200000,0x000000453f300000) (1024K)]
  0x0000014f3b508d00 JavaThread "WorkerExecutor Queue Thread 12"        [_thread_blocked, id=10132, stack(0x000000453f300000,0x000000453f400000) (1024K)]
  0x0000014f3b50c810 JavaThread "WorkerExecutor Queue Thread 13"        [_thread_blocked, id=22484, stack(0x000000453f400000,0x000000453f500000) (1024K)]
  0x0000014f3b509390 JavaThread "WorkerExecutor Queue Thread 14"        [_thread_blocked, id=3800, stack(0x000000453f500000,0x000000453f600000) (1024K)]
  0x0000014f3b50f600 JavaThread "WorkerExecutor Queue Thread 15"        [_thread_blocked, id=16980, stack(0x000000453f600000,0x000000453f700000) (1024K)]
  0x0000014f3b510320 JavaThread "WorkerExecutor Queue Thread 16"        [_thread_blocked, id=4776, stack(0x000000453f700000,0x000000453f800000) (1024K)]
  0x0000014f3b50cea0 JavaThread "WorkerExecutor Queue Thread 17"        [_thread_blocked, id=11248, stack(0x000000453f800000,0x000000453f900000) (1024K)]
  0x0000014f3a285750 JavaThread "C2 CompilerThread6"         daemon [_thread_in_native, id=19500, stack(0x000000453f900000,0x000000453fa00000) (1024K)]
  0x0000014f3a286bc0 JavaThread "C2 CompilerThread7"         daemon [_thread_in_native, id=17712, stack(0x000000453fa00000,0x000000453fb00000) (1024K)]
Total: 220

Other Threads:
  0x0000014f3135e310 VMThread "VM Thread"                           [id=5160, stack(0x0000004531100000,0x0000004531200000) (1024K)]
  0x0000014f311a58d0 WatcherThread "VM Periodic Task Thread"        [id=21104, stack(0x0000004531000000,0x0000004531100000) (1024K)]
  0x0000014f167d5280 WorkerThread "GC Thread#0"                     [id=9732, stack(0x0000004530b00000,0x0000004530c00000) (1024K)]
  0x0000014f3135d0a0 WorkerThread "GC Thread#1"                     [id=19020, stack(0x0000004531f00000,0x0000004532000000) (1024K)]
  0x0000014f3135d450 WorkerThread "GC Thread#2"                     [id=9532, stack(0x0000004532000000,0x0000004532100000) (1024K)]
  0x0000014f3135e6c0 WorkerThread "GC Thread#3"                     [id=22040, stack(0x0000004532100000,0x0000004532200000) (1024K)]
  0x0000014f3135ea70 WorkerThread "GC Thread#4"                     [id=19964, stack(0x0000004532200000,0x0000004532300000) (1024K)]
  0x0000014f378f0510 WorkerThread "GC Thread#5"                     [id=5808, stack(0x0000004532f00000,0x0000004533000000) (1024K)]
  0x0000014f378efdb0 WorkerThread "GC Thread#6"                     [id=8680, stack(0x0000004533000000,0x0000004533100000) (1024K)]
  0x0000014f378ee3e0 WorkerThread "GC Thread#7"                     [id=22224, stack(0x0000004533100000,0x0000004533200000) (1024K)]
  0x0000014f378f0c70 WorkerThread "GC Thread#8"                     [id=6740, stack(0x0000004533200000,0x0000004533300000) (1024K)]
  0x0000014f378f1020 WorkerThread "GC Thread#9"                     [id=7316, stack(0x0000004533300000,0x0000004533400000) (1024K)]
  0x0000014f378ee030 WorkerThread "GC Thread#10"                    [id=18868, stack(0x0000004533400000,0x0000004533500000) (1024K)]
  0x0000014f378f1780 WorkerThread "GC Thread#11"                    [id=18880, stack(0x0000004533500000,0x0000004533600000) (1024K)]
  0x0000014f378eeb40 WorkerThread "GC Thread#12"                    [id=16212, stack(0x0000004533600000,0x0000004533700000) (1024K)]
  0x0000014f167e7190 ConcurrentGCThread "G1 Main Marker"            [id=3588, stack(0x0000004530c00000,0x0000004530d00000) (1024K)]
  0x0000014f167e7d10 WorkerThread "G1 Conc#0"                       [id=21460, stack(0x0000004530d00000,0x0000004530e00000) (1024K)]
  0x0000014f378eeef0 WorkerThread "G1 Conc#1"                       [id=18168, stack(0x0000004533700000,0x0000004533800000) (1024K)]
  0x0000014f378ee790 WorkerThread "G1 Conc#2"                       [id=4768, stack(0x0000004533800000,0x0000004533900000) (1024K)]
  0x0000014f31074de0 ConcurrentGCThread "G1 Refine#0"               [id=1268, stack(0x0000004530e00000,0x0000004530f00000) (1024K)]
  0x0000014f3107a250 ConcurrentGCThread "G1 Service"                [id=3196, stack(0x0000004530f00000,0x0000004531000000) (1024K)]
Total: 21

Threads with active compile tasks:
C2 CompilerThread0  14129 11953       4       com.android.tools.r8.internal.ee::a (4509 bytes)
C1 CompilerThread0  14129 12201       2       java.lang.StringLatin1::lastIndexOf (40 bytes)
C2 CompilerThread1  14130 11919       4       com.android.tools.r8.graph.J3::b (731 bytes)
C2 CompilerThread2  14130 11954       4       com.android.tools.r8.graph.m4::a (69 bytes)
C2 CompilerThread3  14130 12112 % !   4       com.android.ide.common.resources.DataMerger::mergeData @ 247 (611 bytes)
C2 CompilerThread4  14130 11527   !   4       com.android.utils.PositionXmlParser$DomBuilder::startElement (272 bytes)
C2 CompilerThread5  14130 11526       4       com.sun.org.apache.xerces.internal.impl.XMLNSDocumentScannerImpl::scanStartElement (1031 bytes)
C2 CompilerThread6  14130 11956       4       com.android.tools.r8.graph.o4::<init> (282 bytes)
C2 CompilerThread7  14130 12073       4       com.android.tools.r8.graph.u1::a (31 bytes)
Total: 9

VM state: not at safepoint (normal execution)

VM Mutex/Monitor currently owned by a thread: None

Heap address: 0x0000000700000000, size: 4096 MB, Compressed Oops mode: Zero based, Oop shift amount: 3

CDS archive(s) not mapped
Compressed class space mapped at: 0x0000000800000000-0x0000000840000000, reserved size: 1073741824
Narrow klass base: 0x0000000800000000, Narrow klass shift: 0, Narrow klass range: 0x40000000

GC Precious Log:
 CardTable entry size: 512
 Card Set container configuration: InlinePtr #cards 4 size 8 Array Of Cards #cards 16 size 48 Howl #buckets 8 coarsen threshold 3686 Howl Bitmap #cards 512 size 80 coarsen threshold 460 Card regions per heap region 1 cards per card region 4096
 CPUs: 16 total, 16 available
 Memory: 15693M
 Large Page Support: Disabled
 NUMA Support: Disabled
 Compressed Oops: Enabled (Zero based)
 Heap Region Size: 2M
 Heap Min Capacity: 8M
 Heap Initial Capacity: 246M
 Heap Max Capacity: 4G
 Pre-touch: Disabled
 Parallel Workers: 13
 Concurrent Workers: 3
 Concurrent Refinement Workers: 13
 Periodic GC: Disabled

Heap:
 garbage-first heap   total 296960K, used 213136K [0x0000000700000000, 0x0000000800000000)
  region size 2048K, 43 young (88064K), 9 survivors (18432K)
 Metaspace       used 90600K, committed 92672K, reserved 1179648K
  class space    used 12772K, committed 13824K, reserved 1048576K

Heap Regions: E=young(eden), S=young(survivor), O=old, HS=humongous(starts), HC=humongous(continues), CS=collection set, F=free, TAMS=top-at-mark-start, PB=parsable bottom
|   0|0x0000000700000000, 0x0000000700200000, 0x0000000700200000|100%|HS|  |TAMS 0x0000000700000000| PB 0x0000000700000000| Complete 
|   1|0x0000000700200000, 0x0000000700400000, 0x0000000700400000|100%|HC|  |TAMS 0x0000000700200000| PB 0x0000000700200000| Complete 
|   2|0x0000000700400000, 0x0000000700600000, 0x0000000700600000|100%| O|  |TAMS 0x0000000700400000| PB 0x0000000700400000| Untracked 
|   3|0x0000000700600000, 0x0000000700800000, 0x0000000700800000|100%| O|  |TAMS 0x0000000700600000| PB 0x0000000700600000| Untracked 
|   4|0x0000000700800000, 0x0000000700a00000, 0x0000000700a00000|100%| O|  |TAMS 0x0000000700800000| PB 0x0000000700800000| Untracked 
|   5|0x0000000700a00000, 0x0000000700c00000, 0x0000000700c00000|100%| O|  |TAMS 0x0000000700a00000| PB 0x0000000700a00000| Untracked 
|   6|0x0000000700c00000, 0x0000000700e00000, 0x0000000700e00000|100%| O|  |TAMS 0x0000000700c00000| PB 0x0000000700c00000| Untracked 
|   7|0x0000000700e00000, 0x0000000701000000, 0x0000000701000000|100%| O|  |TAMS 0x0000000700e00000| PB 0x0000000700e00000| Untracked 
|   8|0x0000000701000000, 0x0000000701200000, 0x0000000701200000|100%|HS|  |TAMS 0x0000000701000000| PB 0x0000000701000000| Complete 
|   9|0x0000000701200000, 0x0000000701400000, 0x0000000701400000|100%|HS|  |TAMS 0x0000000701200000| PB 0x0000000701200000| Complete 
|  10|0x0000000701400000, 0x0000000701600000, 0x0000000701600000|100%| O|  |TAMS 0x0000000701400000| PB 0x0000000701400000| Untracked 
|  11|0x0000000701600000, 0x0000000701800000, 0x0000000701800000|100%| O|  |TAMS 0x0000000701600000| PB 0x0000000701600000| Untracked 
|  12|0x0000000701800000, 0x0000000701a00000, 0x0000000701a00000|100%| O|  |TAMS 0x0000000701800000| PB 0x0000000701800000| Untracked 
|  13|0x0000000701a00000, 0x0000000701c00000, 0x0000000701c00000|100%| O|  |TAMS 0x0000000701a00000| PB 0x0000000701a00000| Untracked 
|  14|0x0000000701c00000, 0x0000000701e00000, 0x0000000701e00000|100%| O|  |TAMS 0x0000000701c00000| PB 0x0000000701c00000| Untracked 
|  15|0x0000000701e00000, 0x0000000702000000, 0x0000000702000000|100%| O|  |TAMS 0x0000000701e00000| PB 0x0000000701e00000| Untracked 
|  16|0x0000000702000000, 0x0000000702200000, 0x0000000702200000|100%| O|  |TAMS 0x0000000702000000| PB 0x0000000702000000| Untracked 
|  17|0x0000000702200000, 0x0000000702400000, 0x0000000702400000|100%| O|  |TAMS 0x0000000702200000| PB 0x0000000702200000| Untracked 
|  18|0x0000000702400000, 0x0000000702600000, 0x0000000702600000|100%| O|  |TAMS 0x0000000702400000| PB 0x0000000702400000| Untracked 
|  19|0x0000000702600000, 0x0000000702800000, 0x0000000702800000|100%| O|  |TAMS 0x0000000702600000| PB 0x0000000702600000| Untracked 
|  20|0x0000000702800000, 0x0000000702a00000, 0x0000000702a00000|100%| O|  |TAMS 0x0000000702800000| PB 0x0000000702800000| Untracked 
|  21|0x0000000702a00000, 0x0000000702c00000, 0x0000000702c00000|100%| O|Cm|TAMS 0x0000000702a00000| PB 0x0000000702a00000| Complete 
|  22|0x0000000702c00000, 0x0000000702e00000, 0x0000000702e00000|100%| O|  |TAMS 0x0000000702c00000| PB 0x0000000702c00000| Untracked 
|  23|0x0000000702e00000, 0x0000000703000000, 0x0000000703000000|100%| O|  |TAMS 0x0000000702e00000| PB 0x0000000702e00000| Untracked 
|  24|0x0000000703000000, 0x0000000703200000, 0x0000000703200000|100%| O|  |TAMS 0x0000000703000000| PB 0x0000000703000000| Untracked 
|  25|0x0000000703200000, 0x0000000703400000, 0x0000000703400000|100%| O|  |TAMS 0x0000000703200000| PB 0x0000000703200000| Untracked 
|  26|0x0000000703400000, 0x0000000703600000, 0x0000000703600000|100%| O|  |TAMS 0x0000000703400000| PB 0x0000000703400000| Untracked 
|  27|0x0000000703600000, 0x0000000703800000, 0x0000000703800000|100%| O|  |TAMS 0x0000000703600000| PB 0x0000000703600000| Untracked 
|  28|0x0000000703800000, 0x0000000703a00000, 0x0000000703a00000|100%| O|  |TAMS 0x0000000703800000| PB 0x0000000703800000| Untracked 
|  29|0x0000000703a00000, 0x0000000703c00000, 0x0000000703c00000|100%| O|  |TAMS 0x0000000703a00000| PB 0x0000000703a00000| Untracked 
|  30|0x0000000703c00000, 0x0000000703dbb780, 0x0000000703e00000| 86%| O|Cm|TAMS 0x0000000703c00000| PB 0x0000000703c00000| Complete 
|  31|0x0000000703e00000, 0x0000000704000000, 0x0000000704000000|100%| O|  |TAMS 0x0000000703e00000| PB 0x0000000703e00000| Untracked 
|  32|0x0000000704000000, 0x0000000704200000, 0x0000000704200000|100%| O|  |TAMS 0x0000000704000000| PB 0x0000000704000000| Untracked 
|  33|0x0000000704200000, 0x0000000704400000, 0x0000000704400000|100%| O|  |TAMS 0x0000000704200000| PB 0x0000000704200000| Untracked 
|  34|0x0000000704400000, 0x0000000704600000, 0x0000000704600000|100%| O|  |TAMS 0x0000000704400000| PB 0x0000000704400000| Untracked 
|  35|0x0000000704600000, 0x0000000704800000, 0x0000000704800000|100%| O|  |TAMS 0x0000000704600000| PB 0x0000000704600000| Untracked 
|  36|0x0000000704800000, 0x0000000704a00000, 0x0000000704a00000|100%| O|  |TAMS 0x0000000704800000| PB 0x0000000704800000| Untracked 
|  37|0x0000000704a00000, 0x0000000704c00000, 0x0000000704c00000|100%| O|  |TAMS 0x0000000704a00000| PB 0x0000000704a00000| Untracked 
|  38|0x0000000704c00000, 0x0000000704e00000, 0x0000000704e00000|100%| O|  |TAMS 0x0000000704c00000| PB 0x0000000704c00000| Untracked 
|  39|0x0000000704e00000, 0x0000000704e00000, 0x0000000705000000|  0%| F|  |TAMS 0x0000000704e00000| PB 0x0000000704e00000| Untracked 
|  40|0x0000000705000000, 0x0000000705200000, 0x0000000705200000|100%| O|  |TAMS 0x0000000705000000| PB 0x0000000705000000| Untracked 
|  41|0x0000000705200000, 0x0000000705400000, 0x0000000705400000|100%| O|  |TAMS 0x0000000705200000| PB 0x0000000705200000| Untracked 
|  42|0x0000000705400000, 0x0000000705600000, 0x0000000705600000|100%| O|  |TAMS 0x0000000705400000| PB 0x0000000705400000| Untracked 
|  43|0x0000000705600000, 0x0000000705800000, 0x0000000705800000|100%| O|  |TAMS 0x0000000705600000| PB 0x0000000705600000| Untracked 
|  44|0x0000000705800000, 0x0000000705a00000, 0x0000000705a00000|100%| O|  |TAMS 0x0000000705800000| PB 0x0000000705800000| Untracked 
|  45|0x0000000705a00000, 0x0000000705c00000, 0x0000000705c00000|100%| O|  |TAMS 0x0000000705a00000| PB 0x0000000705a00000| Untracked 
|  46|0x0000000705c00000, 0x0000000705e00000, 0x0000000705e00000|100%| O|  |TAMS 0x0000000705c00000| PB 0x0000000705c00000| Untracked 
|  47|0x0000000705e00000, 0x0000000706000000, 0x0000000706000000|100%| O|  |TAMS 0x0000000705e00000| PB 0x0000000705e00000| Untracked 
|  48|0x0000000706000000, 0x0000000706200000, 0x0000000706200000|100%| O|  |TAMS 0x0000000706000000| PB 0x0000000706000000| Untracked 
|  49|0x0000000706200000, 0x0000000706400000, 0x0000000706400000|100%| S|CS|TAMS 0x0000000706200000| PB 0x0000000706200000| Complete 
|  50|0x0000000706400000, 0x0000000706400000, 0x0000000706600000|  0%| F|  |TAMS 0x0000000706400000| PB 0x0000000706400000| Untracked 
|  51|0x0000000706600000, 0x0000000706600000, 0x0000000706800000|  0%| F|  |TAMS 0x0000000706600000| PB 0x0000000706600000| Untracked 
|  52|0x0000000706800000, 0x0000000706800000, 0x0000000706a00000|  0%| F|  |TAMS 0x0000000706800000| PB 0x0000000706800000| Untracked 
|  53|0x0000000706a00000, 0x0000000706a00000, 0x0000000706c00000|  0%| F|  |TAMS 0x0000000706a00000| PB 0x0000000706a00000| Untracked 
|  54|0x0000000706c00000, 0x0000000706c00000, 0x0000000706e00000|  0%| F|  |TAMS 0x0000000706c00000| PB 0x0000000706c00000| Untracked 
|  55|0x0000000706e00000, 0x0000000706e00000, 0x0000000707000000|  0%| F|  |TAMS 0x0000000706e00000| PB 0x0000000706e00000| Untracked 
|  56|0x0000000707000000, 0x0000000707000000, 0x0000000707200000|  0%| F|  |TAMS 0x0000000707000000| PB 0x0000000707000000| Untracked 
|  57|0x0000000707200000, 0x0000000707400000, 0x0000000707400000|100%| S|CS|TAMS 0x0000000707200000| PB 0x0000000707200000| Complete 
|  58|0x0000000707400000, 0x0000000707600000, 0x0000000707600000|100%| S|CS|TAMS 0x0000000707400000| PB 0x0000000707400000| Complete 
|  59|0x0000000707600000, 0x0000000707800000, 0x0000000707800000|100%| S|CS|TAMS 0x0000000707600000| PB 0x0000000707600000| Complete 
|  60|0x0000000707800000, 0x0000000707a00000, 0x0000000707a00000|100%| S|CS|TAMS 0x0000000707800000| PB 0x0000000707800000| Complete 
|  61|0x0000000707a00000, 0x0000000707c00000, 0x0000000707c00000|100%| S|CS|TAMS 0x0000000707a00000| PB 0x0000000707a00000| Complete 
|  62|0x0000000707c00000, 0x0000000707e00000, 0x0000000707e00000|100%| S|CS|TAMS 0x0000000707c00000| PB 0x0000000707c00000| Complete 
|  63|0x0000000707e00000, 0x0000000708000000, 0x0000000708000000|100%| S|CS|TAMS 0x0000000707e00000| PB 0x0000000707e00000| Complete 
|  64|0x0000000708000000, 0x0000000708200000, 0x0000000708200000|100%| S|CS|TAMS 0x0000000708000000| PB 0x0000000708000000| Complete 
|  65|0x0000000708200000, 0x0000000708200000, 0x0000000708400000|  0%| F|  |TAMS 0x0000000708200000| PB 0x0000000708200000| Untracked 
|  66|0x0000000708400000, 0x0000000708400000, 0x0000000708600000|  0%| F|  |TAMS 0x0000000708400000| PB 0x0000000708400000| Untracked 
|  67|0x0000000708600000, 0x0000000708600000, 0x0000000708800000|  0%| F|  |TAMS 0x0000000708600000| PB 0x0000000708600000| Untracked 
|  68|0x0000000708800000, 0x0000000708800000, 0x0000000708a00000|  0%| F|  |TAMS 0x0000000708800000| PB 0x0000000708800000| Untracked 
|  69|0x0000000708a00000, 0x0000000708a00000, 0x0000000708c00000|  0%| F|  |TAMS 0x0000000708a00000| PB 0x0000000708a00000| Untracked 
|  70|0x0000000708c00000, 0x0000000708c00000, 0x0000000708e00000|  0%| F|  |TAMS 0x0000000708c00000| PB 0x0000000708c00000| Untracked 
|  71|0x0000000708e00000, 0x0000000708e00000, 0x0000000709000000|  0%| F|  |TAMS 0x0000000708e00000| PB 0x0000000708e00000| Untracked 
|  72|0x0000000709000000, 0x0000000709000000, 0x0000000709200000|  0%| F|  |TAMS 0x0000000709000000| PB 0x0000000709000000| Untracked 
|  73|0x0000000709200000, 0x0000000709200000, 0x0000000709400000|  0%| F|  |TAMS 0x0000000709200000| PB 0x0000000709200000| Untracked 
|  74|0x0000000709400000, 0x0000000709400000, 0x0000000709600000|  0%| F|  |TAMS 0x0000000709400000| PB 0x0000000709400000| Untracked 
|  75|0x0000000709600000, 0x0000000709600000, 0x0000000709800000|  0%| F|  |TAMS 0x0000000709600000| PB 0x0000000709600000| Untracked 
|  76|0x0000000709800000, 0x0000000709800000, 0x0000000709a00000|  0%| F|  |TAMS 0x0000000709800000| PB 0x0000000709800000| Untracked 
|  77|0x0000000709a00000, 0x0000000709a00000, 0x0000000709c00000|  0%| F|  |TAMS 0x0000000709a00000| PB 0x0000000709a00000| Untracked 
|  78|0x0000000709c00000, 0x0000000709c00000, 0x0000000709e00000|  0%| F|  |TAMS 0x0000000709c00000| PB 0x0000000709c00000| Untracked 
|  79|0x0000000709e00000, 0x0000000709e00000, 0x000000070a000000|  0%| F|  |TAMS 0x0000000709e00000| PB 0x0000000709e00000| Untracked 
|  80|0x000000070a000000, 0x000000070a000000, 0x000000070a200000|  0%| F|  |TAMS 0x000000070a000000| PB 0x000000070a000000| Untracked 
|  81|0x000000070a200000, 0x000000070a200000, 0x000000070a400000|  0%| F|  |TAMS 0x000000070a200000| PB 0x000000070a200000| Untracked 
|  82|0x000000070a400000, 0x000000070a400000, 0x000000070a600000|  0%| F|  |TAMS 0x000000070a400000| PB 0x000000070a400000| Untracked 
|  83|0x000000070a600000, 0x000000070a600000, 0x000000070a800000|  0%| F|  |TAMS 0x000000070a600000| PB 0x000000070a600000| Untracked 
|  84|0x000000070a800000, 0x000000070a800000, 0x000000070aa00000|  0%| F|  |TAMS 0x000000070a800000| PB 0x000000070a800000| Untracked 
|  85|0x000000070aa00000, 0x000000070aa00000, 0x000000070ac00000|  0%| F|  |TAMS 0x000000070aa00000| PB 0x000000070aa00000| Untracked 
|  86|0x000000070ac00000, 0x000000070ac00000, 0x000000070ae00000|  0%| F|  |TAMS 0x000000070ac00000| PB 0x000000070ac00000| Untracked 
|  87|0x000000070ae00000, 0x000000070ae00000, 0x000000070b000000|  0%| F|  |TAMS 0x000000070ae00000| PB 0x000000070ae00000| Untracked 
|  88|0x000000070b000000, 0x000000070b000000, 0x000000070b200000|  0%| F|  |TAMS 0x000000070b000000| PB 0x000000070b000000| Untracked 
|  89|0x000000070b200000, 0x000000070b200000, 0x000000070b400000|  0%| F|  |TAMS 0x000000070b200000| PB 0x000000070b200000| Untracked 
|  90|0x000000070b400000, 0x000000070b400000, 0x000000070b600000|  0%| F|  |TAMS 0x000000070b400000| PB 0x000000070b400000| Untracked 
|  91|0x000000070b600000, 0x000000070b600000, 0x000000070b800000|  0%| F|  |TAMS 0x000000070b600000| PB 0x000000070b600000| Untracked 
|  92|0x000000070b800000, 0x000000070b800000, 0x000000070ba00000|  0%| F|  |TAMS 0x000000070b800000| PB 0x000000070b800000| Untracked 
|  93|0x000000070ba00000, 0x000000070ba00000, 0x000000070bc00000|  0%| F|  |TAMS 0x000000070ba00000| PB 0x000000070ba00000| Untracked 
|  94|0x000000070bc00000, 0x000000070bc1a7d8, 0x000000070be00000|  5%| E|  |TAMS 0x000000070bc00000| PB 0x000000070bc00000| Complete 
|  95|0x000000070be00000, 0x000000070c000000, 0x000000070c000000|100%| E|CS|TAMS 0x000000070be00000| PB 0x000000070be00000| Complete 
|  96|0x000000070c000000, 0x000000070c200000, 0x000000070c200000|100%| E|  |TAMS 0x000000070c000000| PB 0x000000070c000000| Complete 
|  97|0x000000070c200000, 0x000000070c400000, 0x000000070c400000|100%| E|CS|TAMS 0x000000070c200000| PB 0x000000070c200000| Complete 
|  98|0x000000070c400000, 0x000000070c600000, 0x000000070c600000|100%| E|CS|TAMS 0x000000070c400000| PB 0x000000070c400000| Complete 
|  99|0x000000070c600000, 0x000000070c800000, 0x000000070c800000|100%| E|CS|TAMS 0x000000070c600000| PB 0x000000070c600000| Complete 
| 100|0x000000070c800000, 0x000000070ca00000, 0x000000070ca00000|100%| E|CS|TAMS 0x000000070c800000| PB 0x000000070c800000| Complete 
| 101|0x000000070ca00000, 0x000000070cc00000, 0x000000070cc00000|100%| E|CS|TAMS 0x000000070ca00000| PB 0x000000070ca00000| Complete 
| 102|0x000000070cc00000, 0x000000070ce00000, 0x000000070ce00000|100%| E|CS|TAMS 0x000000070cc00000| PB 0x000000070cc00000| Complete 
| 103|0x000000070ce00000, 0x000000070d000000, 0x000000070d000000|100%| E|CS|TAMS 0x000000070ce00000| PB 0x000000070ce00000| Complete 
| 104|0x000000070d000000, 0x000000070d200000, 0x000000070d200000|100%| E|CS|TAMS 0x000000070d000000| PB 0x000000070d000000| Complete 
| 105|0x000000070d200000, 0x000000070d400000, 0x000000070d400000|100%| E|CS|TAMS 0x000000070d200000| PB 0x000000070d200000| Complete 
| 106|0x000000070d400000, 0x000000070d600000, 0x000000070d600000|100%| E|CS|TAMS 0x000000070d400000| PB 0x000000070d400000| Complete 
| 107|0x000000070d600000, 0x000000070d800000, 0x000000070d800000|100%| E|CS|TAMS 0x000000070d600000| PB 0x000000070d600000| Complete 
| 108|0x000000070d800000, 0x000000070da00000, 0x000000070da00000|100%| E|CS|TAMS 0x000000070d800000| PB 0x000000070d800000| Complete 
| 109|0x000000070da00000, 0x000000070dc00000, 0x000000070dc00000|100%| E|CS|TAMS 0x000000070da00000| PB 0x000000070da00000| Complete 
| 110|0x000000070dc00000, 0x000000070de00000, 0x000000070de00000|100%| E|CS|TAMS 0x000000070dc00000| PB 0x000000070dc00000| Complete 
| 111|0x000000070de00000, 0x000000070e000000, 0x000000070e000000|100%| E|CS|TAMS 0x000000070de00000| PB 0x000000070de00000| Complete 
| 112|0x000000070e000000, 0x000000070e200000, 0x000000070e200000|100%| E|CS|TAMS 0x000000070e000000| PB 0x000000070e000000| Complete 
| 113|0x000000070e200000, 0x000000070e400000, 0x000000070e400000|100%| E|CS|TAMS 0x000000070e200000| PB 0x000000070e200000| Complete 
| 114|0x000000070e400000, 0x000000070e600000, 0x000000070e600000|100%| E|CS|TAMS 0x000000070e400000| PB 0x000000070e400000| Complete 
| 115|0x000000070e600000, 0x000000070e800000, 0x000000070e800000|100%| E|CS|TAMS 0x000000070e600000| PB 0x000000070e600000| Complete 
| 116|0x000000070e800000, 0x000000070ea00000, 0x000000070ea00000|100%| E|CS|TAMS 0x000000070e800000| PB 0x000000070e800000| Complete 
| 131|0x0000000710600000, 0x0000000710800000, 0x0000000710800000|100%| E|CS|TAMS 0x0000000710600000| PB 0x0000000710600000| Complete 
| 132|0x0000000710800000, 0x0000000710a00000, 0x0000000710a00000|100%| E|CS|TAMS 0x0000000710800000| PB 0x0000000710800000| Complete 
| 133|0x0000000710a00000, 0x0000000710c00000, 0x0000000710c00000|100%| E|CS|TAMS 0x0000000710a00000| PB 0x0000000710a00000| Complete 
| 134|0x0000000710c00000, 0x0000000710e00000, 0x0000000710e00000|100%| E|CS|TAMS 0x0000000710c00000| PB 0x0000000710c00000| Complete 
| 135|0x0000000710e00000, 0x0000000711000000, 0x0000000711000000|100%| E|CS|TAMS 0x0000000710e00000| PB 0x0000000710e00000| Complete 
| 136|0x0000000711000000, 0x0000000711200000, 0x0000000711200000|100%| E|CS|TAMS 0x0000000711000000| PB 0x0000000711000000| Complete 
| 137|0x0000000711200000, 0x0000000711400000, 0x0000000711400000|100%| E|CS|TAMS 0x0000000711200000| PB 0x0000000711200000| Complete 
| 138|0x0000000711400000, 0x0000000711600000, 0x0000000711600000|100%| E|CS|TAMS 0x0000000711400000| PB 0x0000000711400000| Complete 
| 139|0x0000000711600000, 0x0000000711800000, 0x0000000711800000|100%| E|CS|TAMS 0x0000000711600000| PB 0x0000000711600000| Complete 
| 140|0x0000000711800000, 0x0000000711a00000, 0x0000000711a00000|100%| E|CS|TAMS 0x0000000711800000| PB 0x0000000711800000| Complete 
|2030|0x00000007fdc00000, 0x00000007fdc68880, 0x00000007fde00000| 20%| O|  |TAMS 0x00000007fdc00000| PB 0x00000007fdc00000| Untracked 
|2031|0x00000007fde00000, 0x00000007fe000000, 0x00000007fe000000|100%| O|  |TAMS 0x00000007fde00000| PB 0x00000007fde00000| Untracked 
|2032|0x00000007fe000000, 0x00000007fe200000, 0x00000007fe200000|100%| O|  |TAMS 0x00000007fe000000| PB 0x00000007fe000000| Untracked 
|2033|0x00000007fe200000, 0x00000007fe400000, 0x00000007fe400000|100%| O|  |TAMS 0x00000007fe200000| PB 0x00000007fe200000| Untracked 
|2034|0x00000007fe400000, 0x00000007fe600000, 0x00000007fe600000|100%| O|  |TAMS 0x00000007fe400000| PB 0x00000007fe400000| Untracked 
|2035|0x00000007fe600000, 0x00000007fe800000, 0x00000007fe800000|100%| O|  |TAMS 0x00000007fe600000| PB 0x00000007fe600000| Untracked 
|2036|0x00000007fe800000, 0x00000007fea00000, 0x00000007fea00000|100%| O|  |TAMS 0x00000007fe800000| PB 0x00000007fe800000| Untracked 
|2037|0x00000007fea00000, 0x00000007fec00000, 0x00000007fec00000|100%| O|  |TAMS 0x00000007fea00000| PB 0x00000007fea00000| Untracked 
|2038|0x00000007fec00000, 0x00000007fee00000, 0x00000007fee00000|100%| O|  |TAMS 0x00000007fec00000| PB 0x00000007fec00000| Untracked 
|2039|0x00000007fee00000, 0x00000007ff000000, 0x00000007ff000000|100%| O|  |TAMS 0x00000007fee00000| PB 0x00000007fee00000| Untracked 
|2040|0x00000007ff000000, 0x00000007ff200000, 0x00000007ff200000|100%| E|CS|TAMS 0x00000007ff000000| PB 0x00000007ff000000| Complete 
|2041|0x00000007ff200000, 0x00000007ff400000, 0x00000007ff400000|100%| O|  |TAMS 0x00000007ff200000| PB 0x00000007ff200000| Untracked 
|2042|0x00000007ff400000, 0x00000007ff600000, 0x00000007ff600000|100%| O|  |TAMS 0x00000007ff400000| PB 0x00000007ff400000| Untracked 
|2043|0x00000007ff600000, 0x00000007ff800000, 0x00000007ff800000|100%| E|CS|TAMS 0x00000007ff600000| PB 0x00000007ff600000| Complete 
|2044|0x00000007ff800000, 0x00000007ffa00000, 0x00000007ffa00000|100%| O|  |TAMS 0x00000007ff800000| PB 0x00000007ff800000| Untracked 
|2045|0x00000007ffa00000, 0x00000007ffc00000, 0x00000007ffc00000|100%| O|  |TAMS 0x00000007ffa00000| PB 0x00000007ffa00000| Untracked 
|2046|0x00000007ffc00000, 0x00000007ffe00000, 0x00000007ffe00000|100%| O|  |TAMS 0x00000007ffc00000| PB 0x00000007ffc00000| Untracked 
|2047|0x00000007ffe00000, 0x0000000800000000, 0x0000000800000000|100%| O|  |TAMS 0x00000007ffe00000| PB 0x00000007ffe00000| Untracked 

Card table byte_map: [0x0000014f29950000,0x0000014f2a150000] _byte_map_base: 0x0000014f26150000

Marking Bits: (CMBitMap*) 0x0000014f167d68b0
 Bits: [0x0000014f2a150000, 0x0000014f2e150000)

Polling page: 0x0000014f15f30000

Metaspace:

Usage:
  Non-class:     76.05 MB used.
      Class:     12.48 MB used.
       Both:     88.53 MB used.

Virtual space:
  Non-class space:      128.00 MB reserved,      77.06 MB ( 60%) committed,  2 nodes.
      Class space:        1.00 GB reserved,      13.50 MB (  1%) committed,  1 nodes.
             Both:        1.12 GB reserved,      90.56 MB (  8%) committed. 

Chunk freelists:
   Non-Class:  2.66 MB
       Class:  2.47 MB
        Both:  5.13 MB

MaxMetaspaceSize: unlimited
CompressedClassSpaceSize: 1.00 GB
Initial GC threshold: 21.00 MB
Current GC threshold: 148.69 MB
CDS: off
 - commit_granule_bytes: 65536.
 - commit_granule_words: 8192.
 - virtual_space_node_default_size: 8388608.
 - enlarge_chunks_in_place: 1.
 - use_allocation_guard: 0.


Internal statistics:

num_allocs_failed_limit: 6.
num_arena_births: 4192.
num_arena_deaths: 12.
num_vsnodes_births: 3.
num_vsnodes_deaths: 0.
num_space_committed: 1448.
num_space_uncommitted: 0.
num_chunks_returned_to_freelist: 23.
num_chunks_taken_from_freelist: 8665.
num_chunk_merges: 6.
num_chunk_splits: 5265.
num_chunks_enlarged: 2817.
num_inconsistent_stats: 0.

CodeHeap 'non-profiled nmethods': size=119168Kb used=6852Kb max_used=6948Kb free=112315Kb
 bounds [0x0000014f21470000, 0x0000014f21b40000, 0x0000014f288d0000]
CodeHeap 'profiled nmethods': size=119104Kb used=20520Kb max_used=20520Kb free=98583Kb
 bounds [0x0000014f198d0000, 0x0000014f1ace0000, 0x0000014f20d20000]
CodeHeap 'non-nmethods': size=7488Kb used=3568Kb max_used=3615Kb free=3919Kb
 bounds [0x0000014f20d20000, 0x0000014f210b0000, 0x0000014f21470000]
CodeCache: size=245760Kb, used=30940Kb, max_used=31083Kb, free=214817Kb
 total_blobs=11052, nmethods=10286, adapters=666, full_count=0
Compilation: enabled, stopped_count=0, restarted_count=0

Compilation events (20 events):
Event: 14.044 Thread 0x0000014f315fc660 nmethod 12116 0x0000014f1a33eb90 code [0x0000014f1a33ed40, 0x0000014f1a33ef68]
Event: 14.044 Thread 0x0000014f38107a50 nmethod 12113 0x0000014f19da4090 code [0x0000014f19da4260, 0x0000014f19da4708]
Event: 14.044 Thread 0x0000014f38107a50 12118       3       com.android.tools.r8.internal.X30::<init> (11 bytes)
Event: 14.044 Thread 0x0000014f31d8a020 12117       3       com.android.tools.r8.internal.b40::iterator (12 bytes)
Event: 14.044 Thread 0x0000014f3145ecb0 nmethod 12114 0x0000014f1a435290 code [0x0000014f1a435460, 0x0000014f1a4357a0]
Event: 14.045 Thread 0x0000014f31d8a020 nmethod 12117 0x0000014f1a541a10 code [0x0000014f1a541bc0, 0x0000014f1a541e38]
Event: 14.045 Thread 0x0000014f38107a50 nmethod 12118 0x0000014f19d6e790 code [0x0000014f19d6e940, 0x0000014f19d6ead8]
Event: 14.049 Thread 0x0000014f3ab41790 nmethod 11959 0x0000014f217d7e90 code [0x0000014f217d8080, 0x0000014f217d8b10]
Event: 14.050 Thread 0x0000014f3ab41790 12112 % !   4       com.android.ide.common.resources.DataMerger::mergeData @ 247 (611 bytes)
Event: 14.055 Thread 0x0000014f3a286bc0 nmethod 12110 0x0000014f2155a690 code [0x0000014f2155a920, 0x0000014f2155b8a0]
Event: 14.056 Thread 0x0000014f3a286bc0 12042       4       com.android.ide.common.resources.ResourceMergerItem::getName (5 bytes)
Event: 14.056 Thread 0x0000014f3a286bc0 nmethod 12042 0x0000014f217d7b90 code [0x0000014f217d7d20, 0x0000014f217d7db0]
Event: 14.056 Thread 0x0000014f3a286bc0 11987       4       com.android.tools.r8.graph.x4::<init> (29 bytes)
Event: 14.062 Thread 0x0000014f3a286bc0 nmethod 11987 0x0000014f217d7290 code [0x0000014f217d7460, 0x0000014f217d79d8]
Event: 14.062 Thread 0x0000014f3a286bc0 12121       4       java.util.concurrent.ConcurrentHashMap$Traverser::advance (188 bytes)
Event: 14.063 Thread 0x0000014f31d8a020 12127       3       java.lang.invoke.MethodHandleImpl::makeVarargsCollector (47 bytes)
Event: 14.064 Thread 0x0000014f31d8a020 nmethod 12127 0x0000014f1a03cc90 code [0x0000014f1a03cf00, 0x0000014f1a03db20]
Event: 14.067 Thread 0x0000014f3a286bc0 nmethod 12121 0x0000014f217d6b90 code [0x0000014f217d6d40, 0x0000014f217d70a8]
Event: 14.067 Thread 0x0000014f3a286bc0 12120       4       com.android.tools.r8.internal.e40::put (259 bytes)
Event: 14.086 Thread 0x0000014f31d8a020 12133       3       com.android.tools.r8.graph.S4::a (174 bytes)

GC Heap History (20 events):
Event: 11.382 GC heap before
{Heap before GC invocations=23 (full 0):
 garbage-first heap   total 124928K, used 112887K [0x0000000700000000, 0x0000000800000000)
  region size 2048K, 20 young (40960K), 2 survivors (4096K)
 Metaspace       used 77131K, committed 79040K, reserved 1179648K
  class space    used 10747K, committed 11712K, reserved 1048576K
}
Event: 11.386 GC heap after
{Heap after GC invocations=24 (full 0):
 garbage-first heap   total 153600K, used 78248K [0x0000000700000000, 0x0000000800000000)
  region size 2048K, 3 young (6144K), 3 survivors (6144K)
 Metaspace       used 77131K, committed 79040K, reserved 1179648K
  class space    used 10747K, committed 11712K, reserved 1048576K
}
Event: 11.567 GC heap before
{Heap before GC invocations=25 (full 0):
 garbage-first heap   total 153600K, used 135592K [0x0000000700000000, 0x0000000800000000)
  region size 2048K, 32 young (65536K), 3 survivors (6144K)
 Metaspace       used 77183K, committed 79104K, reserved 1179648K
  class space    used 10743K, committed 11712K, reserved 1048576K
}
Event: 11.571 GC heap after
{Heap after GC invocations=26 (full 0):
 garbage-first heap   total 153600K, used 79800K [0x0000000700000000, 0x0000000800000000)
  region size 2048K, 3 young (6144K), 3 survivors (6144K)
 Metaspace       used 77183K, committed 79104K, reserved 1179648K
  class space    used 10743K, committed 11712K, reserved 1048576K
}
Event: 11.749 GC heap before
{Heap before GC invocations=26 (full 0):
 garbage-first heap   total 153600K, used 137144K [0x0000000700000000, 0x0000000800000000)
  region size 2048K, 32 young (65536K), 3 survivors (6144K)
 Metaspace       used 77227K, committed 79104K, reserved 1179648K
  class space    used 10743K, committed 11712K, reserved 1048576K
}
Event: 11.756 GC heap after
{Heap after GC invocations=27 (full 0):
 garbage-first heap   total 153600K, used 78820K [0x0000000700000000, 0x0000000800000000)
  region size 2048K, 3 young (6144K), 3 survivors (6144K)
 Metaspace       used 77227K, committed 79104K, reserved 1179648K
  class space    used 10743K, committed 11712K, reserved 1048576K
}
Event: 11.850 GC heap before
{Heap before GC invocations=27 (full 0):
 garbage-first heap   total 153600K, used 140260K [0x0000000700000000, 0x0000000800000000)
  region size 2048K, 33 young (67584K), 3 survivors (6144K)
 Metaspace       used 77242K, committed 79104K, reserved 1179648K
  class space    used 10744K, committed 11712K, reserved 1048576K
}
Event: 11.854 GC heap after
{Heap after GC invocations=28 (full 0):
 garbage-first heap   total 153600K, used 79767K [0x0000000700000000, 0x0000000800000000)
  region size 2048K, 4 young (8192K), 4 survivors (8192K)
 Metaspace       used 77242K, committed 79104K, reserved 1179648K
  class space    used 10744K, committed 11712K, reserved 1048576K
}
Event: 11.971 GC heap before
{Heap before GC invocations=29 (full 0):
 garbage-first heap   total 153600K, used 141207K [0x0000000700000000, 0x0000000800000000)
  region size 2048K, 34 young (69632K), 4 survivors (8192K)
 Metaspace       used 77242K, committed 79104K, reserved 1179648K
  class space    used 10744K, committed 11712K, reserved 1048576K
}
Event: 11.975 GC heap after
{Heap after GC invocations=30 (full 0):
 garbage-first heap   total 153600K, used 80652K [0x0000000700000000, 0x0000000800000000)
  region size 2048K, 3 young (6144K), 3 survivors (6144K)
 Metaspace       used 77242K, committed 79104K, reserved 1179648K
  class space    used 10744K, committed 11712K, reserved 1048576K
}
Event: 12.072 GC heap before
{Heap before GC invocations=30 (full 0):
 garbage-first heap   total 153600K, used 140044K [0x0000000700000000, 0x0000000800000000)
  region size 2048K, 33 young (67584K), 3 survivors (6144K)
 Metaspace       used 77415K, committed 79296K, reserved 1179648K
  class space    used 10773K, committed 11712K, reserved 1048576K
}
Event: 12.079 GC heap after
{Heap after GC invocations=31 (full 0):
 garbage-first heap   total 153600K, used 80204K [0x0000000700000000, 0x0000000800000000)
  region size 2048K, 3 young (6144K), 3 survivors (6144K)
 Metaspace       used 77415K, committed 79296K, reserved 1179648K
  class space    used 10773K, committed 11712K, reserved 1048576K
}
Event: 12.159 GC heap before
{Heap before GC invocations=31 (full 0):
 garbage-first heap   total 153600K, used 139596K [0x0000000700000000, 0x0000000800000000)
  region size 2048K, 33 young (67584K), 3 survivors (6144K)
 Metaspace       used 77618K, committed 79552K, reserved 1179648K
  class space    used 10812K, committed 11776K, reserved 1048576K
}
Event: 12.165 GC heap after
{Heap after GC invocations=32 (full 0):
 garbage-first heap   total 307200K, used 81158K [0x0000000700000000, 0x0000000800000000)
  region size 2048K, 3 young (6144K), 3 survivors (6144K)
 Metaspace       used 77618K, committed 79552K, reserved 1179648K
  class space    used 10812K, committed 11776K, reserved 1048576K
}
Event: 12.575 GC heap before
{Heap before GC invocations=33 (full 0):
 garbage-first heap   total 274432K, used 236806K [0x0000000700000000, 0x0000000800000000)
  region size 2048K, 80 young (163840K), 3 survivors (6144K)
 Metaspace       used 81956K, committed 83904K, reserved 1179648K
  class space    used 11421K, committed 12416K, reserved 1048576K
}
Event: 12.582 GC heap after
{Heap after GC invocations=34 (full 0):
 garbage-first heap   total 274432K, used 96701K [0x0000000700000000, 0x0000000800000000)
  region size 2048K, 10 young (20480K), 10 survivors (20480K)
 Metaspace       used 81956K, committed 83904K, reserved 1179648K
  class space    used 11421K, committed 12416K, reserved 1048576K
}
Event: 13.540 GC heap before
{Heap before GC invocations=34 (full 0):
 garbage-first heap   total 274432K, used 238013K [0x0000000700000000, 0x0000000800000000)
  region size 2048K, 80 young (163840K), 10 survivors (20480K)
 Metaspace       used 87582K, committed 89600K, reserved 1179648K
  class space    used 12269K, committed 13312K, reserved 1048576K
}
Event: 13.556 GC heap after
{Heap after GC invocations=35 (full 0):
 garbage-first heap   total 288768K, used 119778K [0x0000000700000000, 0x0000000800000000)
  region size 2048K, 10 young (20480K), 10 survivors (20480K)
 Metaspace       used 87582K, committed 89600K, reserved 1179648K
  class space    used 12269K, committed 13312K, reserved 1048576K
}
Event: 13.866 GC heap before
{Heap before GC invocations=35 (full 0):
 garbage-first heap   total 288768K, used 246754K [0x0000000700000000, 0x0000000800000000)
  region size 2048K, 72 young (147456K), 10 survivors (20480K)
 Metaspace       used 89089K, committed 91136K, reserved 1179648K
  class space    used 12519K, committed 13568K, reserved 1048576K
}
Event: 13.888 GC heap after
{Heap after GC invocations=36 (full 0):
 garbage-first heap   total 296960K, used 147600K [0x0000000700000000, 0x0000000800000000)
  region size 2048K, 9 young (18432K), 9 survivors (18432K)
 Metaspace       used 89089K, committed 91136K, reserved 1179648K
  class space    used 12519K, committed 13568K, reserved 1048576K
}

Dll operation events (3 events):
Event: 0.010 Loaded shared library D:\Kotlin And Android Dev\Android Studio 1\jbr\bin\java.dll
Event: 0.015 Loaded shared library D:\Kotlin And Android Dev\Android Studio 1\jbr\bin\zip.dll
Event: 0.920 Loaded shared library D:\Kotlin And Android Dev\Android Studio 1\jbr\bin\verify.dll

Deoptimization events (20 events):
Event: 13.734 Thread 0x0000014f3acdf7a0 Uncommon trap: trap_request=0xffffff45 fr.pc=0x0000014f214c9980 relative=0x0000000000000220
Event: 13.734 Thread 0x0000014f3acdf7a0 Uncommon trap: reason=unstable_if action=reinterpret pc=0x0000014f214c9980 method=java.util.regex.Pattern$BmpCharProperty.match(Ljava/util/regex/Matcher;ILjava/lang/CharSequence;)Z @ 39 c2
Event: 13.734 Thread 0x0000014f3acdf7a0 DEOPT PACKING pc=0x0000014f214c9980 sp=0x00000045351fa100
Event: 13.734 Thread 0x0000014f3acdf7a0 DEOPT UNPACKING pc=0x0000014f20d74422 sp=0x00000045351fa0a0 mode 2
Event: 13.736 Thread 0x0000014f3acdf7a0 Uncommon trap: trap_request=0xffffffde fr.pc=0x0000014f21aad908 relative=0x0000000000001188
Event: 13.736 Thread 0x0000014f3acdf7a0 Uncommon trap: reason=class_check action=maybe_recompile pc=0x0000014f21aad908 method=com.android.ide.common.resources.configuration.FolderConfiguration.getQualifierString()Ljava/lang/String; @ 37 c2
Event: 13.736 Thread 0x0000014f3acdf7a0 DEOPT PACKING pc=0x0000014f21aad908 sp=0x00000045351fa140
Event: 13.736 Thread 0x0000014f3acdf7a0 DEOPT UNPACKING pc=0x0000014f20d74422 sp=0x00000045351f9fc8 mode 2
Event: 13.750 Thread 0x0000014f3acdf7a0 Uncommon trap: trap_request=0xffffff45 fr.pc=0x0000014f21a8774c relative=0x00000000000004ac
Event: 13.750 Thread 0x0000014f3acdf7a0 Uncommon trap: reason=unstable_if action=reinterpret pc=0x0000014f21a8774c method=com.sun.org.apache.xerces.internal.impl.XMLEntityScanner.skipString(Ljava/lang/String;)Z @ 59 c2
Event: 13.750 Thread 0x0000014f3acdf7a0 DEOPT PACKING pc=0x0000014f21a8774c sp=0x00000045351f9ae0
Event: 13.750 Thread 0x0000014f3acdf7a0 DEOPT UNPACKING pc=0x0000014f20d74422 sp=0x00000045351f9a68 mode 2
Event: 13.750 Thread 0x0000014f3acdf7a0 Uncommon trap: trap_request=0xffffff45 fr.pc=0x0000014f21a84464 relative=0x0000000000000904
Event: 13.750 Thread 0x0000014f3acdf7a0 Uncommon trap: reason=unstable_if action=reinterpret pc=0x0000014f21a84464 method=com.android.utils.PositionXmlParser$DomBuilder.findOpeningTag(Lcom/android/utils/PositionXmlParser$Position;)Lcom/android/utils/PositionXmlParser$Position; @ 81 c2
Event: 13.750 Thread 0x0000014f3acdf7a0 DEOPT PACKING pc=0x0000014f21a84464 sp=0x00000045351f9730
Event: 13.750 Thread 0x0000014f3acdf7a0 DEOPT UNPACKING pc=0x0000014f20d74422 sp=0x00000045351f96a8 mode 2
Event: 13.989 Thread 0x0000014f3acdf7a0 Uncommon trap: trap_request=0xffffff45 fr.pc=0x0000014f21b2c044 relative=0x0000000000000544
Event: 13.989 Thread 0x0000014f3acdf7a0 Uncommon trap: reason=unstable_if action=reinterpret pc=0x0000014f21b2c044 method=com.android.ide.common.resources.configuration.FolderConfiguration.getQualifierString()Ljava/lang/String; @ 95 c2
Event: 13.989 Thread 0x0000014f3acdf7a0 DEOPT PACKING pc=0x0000014f21b2c044 sp=0x00000045351fa120
Event: 13.989 Thread 0x0000014f3acdf7a0 DEOPT UNPACKING pc=0x0000014f20d74422 sp=0x00000045351fa0e8 mode 2

Classes loaded (20 events):
Event: 12.997 Loading class org/w3c/dom/Comment done
Event: 12.998 Loading class com/sun/org/apache/xerces/internal/dom/CommentImpl done
Event: 13.062 Loading class java/util/function/BooleanSupplier
Event: 13.063 Loading class java/util/function/BooleanSupplier done
Event: 13.487 Loading class java/util/concurrent/ConcurrentLinkedQueue$Itr
Event: 13.487 Loading class java/util/concurrent/ConcurrentLinkedQueue$Itr done
Event: 13.724 Loading class java/lang/StringLatin1$CharsSpliterator
Event: 13.724 Loading class java/lang/StringLatin1$CharsSpliterator done
Event: 13.724 Loading class java/util/stream/Nodes$IntFixedNodeBuilder
Event: 13.725 Loading class java/util/stream/Node$Builder$OfInt
Event: 13.725 Loading class java/util/stream/Node$Builder$OfInt done
Event: 13.725 Loading class java/util/stream/Nodes$IntArrayNode
Event: 13.725 Loading class java/util/stream/Nodes$IntArrayNode done
Event: 13.729 Loading class java/util/stream/Nodes$IntFixedNodeBuilder done
Event: 13.804 Loading class java/io/FileReader
Event: 13.804 Loading class java/io/FileReader done
Event: 13.812 Loading class java/util/concurrent/ConcurrentLinkedDeque
Event: 13.813 Loading class java/util/concurrent/ConcurrentLinkedDeque done
Event: 13.813 Loading class java/util/concurrent/ConcurrentLinkedDeque$Node
Event: 13.813 Loading class java/util/concurrent/ConcurrentLinkedDeque$Node done

Classes unloaded (6 events):
Event: 11.444 Thread 0x0000014f3135e310 Unloading class 0x0000000800b2c000 'java/lang/invoke/LambdaForm$DMH+0x0000000800b2c000'
Event: 11.444 Thread 0x0000014f3135e310 Unloading class 0x0000000800b20400 'java/lang/invoke/LambdaForm$DMH+0x0000000800b20400'
Event: 11.444 Thread 0x0000014f3135e310 Unloading class 0x0000000800a61c00 'java/lang/invoke/LambdaForm$MH+0x0000000800a61c00'
Event: 11.444 Thread 0x0000014f3135e310 Unloading class 0x0000000800a61000 'java/lang/invoke/LambdaForm$DMH+0x0000000800a61000'
Event: 11.444 Thread 0x0000014f3135e310 Unloading class 0x0000000800a60800 'java/lang/invoke/LambdaForm$DMH+0x0000000800a60800'
Event: 11.444 Thread 0x0000014f3135e310 Unloading class 0x0000000800a60000 'java/lang/invoke/LambdaForm$DMH+0x0000000800a60000'

Classes redefined (0 events):
No events

Internal exceptions (20 events):
Event: 14.077 Thread 0x0000014f3904b650 Exception <a 'sun/nio/fs/WindowsException'{0x000000070cacb300}> (0x000000070cacb300) 
thrown [s\src\hotspot\share\prims\jni.cpp, line 537]
Event: 14.077 Thread 0x0000014f39049580 Exception <a 'sun/nio/fs/WindowsException'{0x000000070cac0410}> (0x000000070cac0410) 
thrown [s\src\hotspot\share\prims\jni.cpp, line 537]
Event: 14.077 Thread 0x0000014f3904b650 Exception <a 'sun/nio/fs/WindowsException'{0x000000070cb41030}> (0x000000070cb41030) 
thrown [s\src\hotspot\share\prims\jni.cpp, line 537]
Event: 14.077 Thread 0x0000014f39048860 Exception <a 'sun/nio/fs/WindowsException'{0x000000070cb4f870}> (0x000000070cb4f870) 
thrown [s\src\hotspot\share\prims\jni.cpp, line 537]
Event: 14.078 Thread 0x0000014f3904b650 Exception <a 'sun/nio/fs/WindowsException'{0x000000070cb42b10}> (0x000000070cb42b10) 
thrown [s\src\hotspot\share\prims\jni.cpp, line 537]
Event: 14.078 Thread 0x0000014f39048860 Exception <a 'sun/nio/fs/WindowsException'{0x000000070cb51340}> (0x000000070cb51340) 
thrown [s\src\hotspot\share\prims\jni.cpp, line 537]
Event: 14.078 Thread 0x0000014f39049580 Exception <a 'sun/nio/fs/WindowsException'{0x000000070cb575f0}> (0x000000070cb575f0) 
thrown [s\src\hotspot\share\prims\jni.cpp, line 537]
Event: 14.078 Thread 0x0000014f39049580 Exception <a 'sun/nio/fs/WindowsException'{0x000000070cb58e20}> (0x000000070cb58e20) 
thrown [s\src\hotspot\share\prims\jni.cpp, line 537]
Event: 14.079 Thread 0x0000014f39048860 Exception <a 'sun/nio/fs/WindowsException'{0x000000070cb64a18}> (0x000000070cb64a18) 
thrown [s\src\hotspot\share\prims\jni.cpp, line 537]
Event: 14.079 Thread 0x0000014f39048860 Exception <a 'sun/nio/fs/WindowsException'{0x000000070cb664e8}> (0x000000070cb664e8) 
thrown [s\src\hotspot\share\prims\jni.cpp, line 537]
Event: 14.079 Thread 0x0000014f39049580 Exception <a 'sun/nio/fs/WindowsException'{0x000000070cb6d230}> (0x000000070cb6d230) 
thrown [s\src\hotspot\share\prims\jni.cpp, line 537]
Event: 14.079 Thread 0x0000014f3904b650 Exception <a 'sun/nio/fs/WindowsException'{0x000000070cb76680}> (0x000000070cb76680) 
thrown [s\src\hotspot\share\prims\jni.cpp, line 537]
Event: 14.079 Thread 0x0000014f39049580 Exception <a 'sun/nio/fs/WindowsException'{0x000000070cb6ea60}> (0x000000070cb6ea60) 
thrown [s\src\hotspot\share\prims\jni.cpp, line 537]
Event: 14.079 Thread 0x0000014f3904b650 Exception <a 'sun/nio/fs/WindowsException'{0x000000070cb78160}> (0x000000070cb78160) 
thrown [s\src\hotspot\share\prims\jni.cpp, line 537]
Event: 14.080 Thread 0x0000014f3acdf7a0 Exception <a 'sun/nio/fs/WindowsException'{0x000000070cd59df8}> (0x000000070cd59df8) 
thrown [s\src\hotspot\share\prims\jni.cpp, line 537]
Event: 14.080 Thread 0x0000014f3acdf7a0 Exception <a 'sun/nio/fs/WindowsException'{0x000000070cd5af80}> (0x000000070cd5af80) 
thrown [s\src\hotspot\share\prims\jni.cpp, line 537]
Event: 14.091 Thread 0x0000014f39049580 Exception <a 'sun/nio/fs/WindowsException'{0x000000070cbed170}> (0x000000070cbed170) 
thrown [s\src\hotspot\share\prims\jni.cpp, line 537]
Event: 14.091 Thread 0x0000014f39048860 Exception <a 'sun/nio/fs/WindowsException'{0x000000070c45aec8}> (0x000000070c45aec8) 
thrown [s\src\hotspot\share\prims\jni.cpp, line 537]
Event: 14.091 Thread 0x0000014f39048860 Exception <a 'sun/nio/fs/WindowsException'{0x000000070c45c998}> (0x000000070c45c998) 
thrown [s\src\hotspot\share\prims\jni.cpp, line 537]
Event: 14.091 Thread 0x0000014f3acdf7a0 Exception <a 'sun/nio/fs/WindowsException'{0x000000070cd5c108}> (0x000000070cd5c108) 
thrown [s\src\hotspot\share\prims\jni.cpp, line 537]

ZGC Phase Switch (0 events):
No events

VM Operations (20 events):
Event: 12.768 Executing non-safepoint VM operation: HandshakeAllThreads (Deoptimize)
Event: 12.769 Executing non-safepoint VM operation: HandshakeAllThreads (Deoptimize) done
Event: 13.046 Executing safepoint VM operation: ICBufferFull
Event: 13.046 Executing safepoint VM operation: ICBufferFull done
Event: 13.188 Executing non-safepoint VM operation: HandshakeAllThreads (Deoptimize)
Event: 13.188 Executing non-safepoint VM operation: HandshakeAllThreads (Deoptimize) done
Event: 13.295 Executing non-safepoint VM operation: HandshakeAllThreads (Deoptimize)
Event: 13.295 Executing non-safepoint VM operation: HandshakeAllThreads (Deoptimize) done
Event: 13.540 Executing safepoint VM operation: G1CollectForAllocation (G1 Evacuation Pause)
Event: 13.556 Executing safepoint VM operation: G1CollectForAllocation (G1 Evacuation Pause) done
Event: 13.727 Executing non-safepoint VM operation: HandshakeAllThreads (Deoptimize)
Event: 13.729 Executing non-safepoint VM operation: HandshakeAllThreads (Deoptimize) done
Event: 13.807 Executing non-safepoint VM operation: HandshakeAllThreads (Deoptimize)
Event: 13.808 Executing non-safepoint VM operation: HandshakeAllThreads (Deoptimize) done
Event: 13.866 Executing safepoint VM operation: G1CollectForAllocation (G1 Evacuation Pause)
Event: 13.888 Executing safepoint VM operation: G1CollectForAllocation (G1 Evacuation Pause) done
Event: 13.966 Executing safepoint VM operation: G1PauseRemark
Event: 13.972 Executing safepoint VM operation: G1PauseRemark done
Event: 14.014 Executing safepoint VM operation: G1PauseCleanup
Event: 14.014 Executing safepoint VM operation: G1PauseCleanup done

Memory protections (0 events):
No events

Nmethod flushes (20 events):
Event: 13.970 Thread 0x0000014f3135e310 flushing  nmethod 0x0000014f1a3e4c90
Event: 13.970 Thread 0x0000014f3135e310 flushing  nmethod 0x0000014f1a460990
Event: 13.970 Thread 0x0000014f3135e310 flushing  nmethod 0x0000014f1a634710
Event: 13.970 Thread 0x0000014f3135e310 flushing  nmethod 0x0000014f1a635890
Event: 13.970 Thread 0x0000014f3135e310 flushing  nmethod 0x0000014f1a63b610
Event: 13.970 Thread 0x0000014f3135e310 flushing  nmethod 0x0000014f1a872490
Event: 13.970 Thread 0x0000014f3135e310 flushing  nmethod 0x0000014f21687810
Event: 13.970 Thread 0x0000014f3135e310 flushing osr nmethod 0x0000014f217d6b90
Event: 13.970 Thread 0x0000014f3135e310 flushing  nmethod 0x0000014f199f8e10
Event: 13.970 Thread 0x0000014f3135e310 flushing  nmethod 0x0000014f19fae590
Event: 13.970 Thread 0x0000014f3135e310 flushing  nmethod 0x0000014f19fb1410
Event: 13.970 Thread 0x0000014f3135e310 flushing  nmethod 0x0000014f1a35da90
Event: 13.970 Thread 0x0000014f3135e310 flushing  nmethod 0x0000014f1a04a190
Event: 13.970 Thread 0x0000014f3135e310 flushing  nmethod 0x0000014f1a04b710
Event: 13.970 Thread 0x0000014f3135e310 flushing  nmethod 0x0000014f1a04ea90
Event: 13.970 Thread 0x0000014f3135e310 flushing  nmethod 0x0000014f1a03a610
Event: 13.970 Thread 0x0000014f3135e310 flushing  nmethod 0x0000014f1a03cc90
Event: 13.970 Thread 0x0000014f3135e310 flushing  nmethod 0x0000014f1a15e790
Event: 13.970 Thread 0x0000014f3135e310 flushing  nmethod 0x0000014f1a166190
Event: 13.970 Thread 0x0000014f3135e310 flushing  nmethod 0x0000014f1a495d90

Events (20 events):
Event: 12.147 Thread 0x0000014f367e2d60 Thread added: 0x0000014f36c67270
Event: 12.276 Thread 0x0000014f3a539330 Thread added: 0x0000014f36c6c7c0
Event: 12.358 Thread 0x0000014f36c6c7c0 Thread added: 0x0000014f36c6ce50
Event: 12.361 Thread 0x0000014f36c6c7c0 Thread added: 0x0000014f36c6db70
Event: 12.364 Thread 0x0000014f36c6c7c0 Thread added: 0x0000014f36c6e200
Event: 12.366 Thread 0x0000014f36c6c7c0 Thread added: 0x0000014f3b50a740
Event: 12.369 Thread 0x0000014f36c6c7c0 Thread added: 0x0000014f3b50add0
Event: 12.370 Thread 0x0000014f36c6c7c0 Thread added: 0x0000014f3b50b460
Event: 12.372 Thread 0x0000014f36c6c7c0 Thread added: 0x0000014f3b50baf0
Event: 12.374 Thread 0x0000014f36c6c7c0 Thread added: 0x0000014f3b509a20
Event: 12.377 Thread 0x0000014f36c6c7c0 Thread added: 0x0000014f3b50a0b0
Event: 12.379 Thread 0x0000014f36c6c7c0 Thread added: 0x0000014f3b50c180
Event: 12.381 Thread 0x0000014f36c6c7c0 Thread added: 0x0000014f3b508d00
Event: 12.382 Thread 0x0000014f36c6c7c0 Thread added: 0x0000014f3b50c810
Event: 12.384 Thread 0x0000014f36c6c7c0 Thread added: 0x0000014f3b509390
Event: 12.385 Thread 0x0000014f36c6c7c0 Thread added: 0x0000014f3b50f600
Event: 12.387 Thread 0x0000014f36c6c7c0 Thread added: 0x0000014f3b510320
Event: 12.389 Thread 0x0000014f36c6c7c0 Thread added: 0x0000014f3b50cea0
Event: 13.576 Thread 0x0000014f3145ecb0 Thread added: 0x0000014f3a285750
Event: 13.634 Thread 0x0000014f3145ecb0 Thread added: 0x0000014f3a286bc0


Dynamic libraries:
0x00007ff7e6160000 - 0x00007ff7e616a000 	D:\Kotlin And Android Dev\Android Studio 1\jbr\bin\java.exe
0x00007ffeb0820000 - 0x00007ffeb0a87000 	C:\WINDOWS\SYSTEM32\ntdll.dll
0x00007ffeaf750000 - 0x00007ffeaf819000 	C:\WINDOWS\System32\KERNEL32.DLL
0x00007ffead3b0000 - 0x00007ffead7a7000 	C:\WINDOWS\System32\KERNELBASE.dll
0x00007ffead900000 - 0x00007ffeada4b000 	C:\WINDOWS\System32\ucrtbase.dll
0x00007ffe47480000 - 0x00007ffe4749b000 	D:\Kotlin And Android Dev\Android Studio 1\jbr\bin\VCRUNTIME140.dll
0x00007ffe384f0000 - 0x00007ffe38508000 	D:\Kotlin And Android Dev\Android Studio 1\jbr\bin\jli.dll
0x00007ffeaf4f0000 - 0x00007ffeaf6b6000 	C:\WINDOWS\System32\USER32.dll
0x00007ffe91960000 - 0x00007ffe91bf2000 	C:\WINDOWS\WinSxS\amd64_microsoft.windows.common-controls_6595b64144ccf1df_6.0.26100.8328_none_3e08182ce334b678\COMCTL32.dll
0x00007ffeadbd0000 - 0x00007ffeadbf7000 	C:\WINDOWS\System32\win32u.dll
0x00007ffeae710000 - 0x00007ffeae7b9000 	C:\WINDOWS\System32\msvcrt.dll
0x00007ffeaef40000 - 0x00007ffeaef6b000 	C:\WINDOWS\System32\GDI32.dll
0x00007ffeadc00000 - 0x00007ffeadd2c000 	C:\WINDOWS\System32\gdi32full.dll
0x00007ffead250000 - 0x00007ffead2f3000 	C:\WINDOWS\System32\msvcp_win.dll
0x00007ffeafda0000 - 0x00007ffeafdd2000 	C:\WINDOWS\System32\IMM32.DLL
0x00007ffe95420000 - 0x00007ffe9542c000 	D:\Kotlin And Android Dev\Android Studio 1\jbr\bin\vcruntime140_1.dll
0x00007ffdecbc0000 - 0x00007ffdecc4d000 	D:\Kotlin And Android Dev\Android Studio 1\jbr\bin\msvcp140.dll
0x00007ffdf0b00000 - 0x00007ffdf1796000 	D:\Kotlin And Android Dev\Android Studio 1\jbr\bin\server\jvm.dll
0x00007ffeb03a0000 - 0x00007ffeb0456000 	C:\WINDOWS\System32\ADVAPI32.dll
0x00007ffeb02f0000 - 0x00007ffeb0397000 	C:\WINDOWS\System32\sechost.dll
0x00007ffeaef70000 - 0x00007ffeaf088000 	C:\WINDOWS\System32\RPCRT4.dll
0x00007ffeb0560000 - 0x00007ffeb05e0000 	C:\WINDOWS\System32\WS2_32.dll
0x00007ffead0b0000 - 0x00007ffead10e000 	C:\WINDOWS\SYSTEM32\POWRPROF.dll
0x00007ffea5730000 - 0x00007ffea5766000 	C:\WINDOWS\SYSTEM32\WINMM.dll
0x00007ffea5d50000 - 0x00007ffea5d5b000 	C:\WINDOWS\SYSTEM32\VERSION.dll
0x00007ffead090000 - 0x00007ffead0a4000 	C:\WINDOWS\SYSTEM32\UMPDC.dll
0x00007ffeabfe0000 - 0x00007ffeabffb000 	C:\WINDOWS\SYSTEM32\kernel.appcore.dll
0x00007ffe91890000 - 0x00007ffe9189a000 	D:\Kotlin And Android Dev\Android Studio 1\jbr\bin\jimage.dll
0x00007ffea0160000 - 0x00007ffea03a2000 	C:\WINDOWS\SYSTEM32\DBGHELP.DLL
0x00007ffeaf820000 - 0x00007ffeafba3000 	C:\WINDOWS\System32\combase.dll
0x00007ffeb0700000 - 0x00007ffeb07d9000 	C:\WINDOWS\System32\OLEAUT32.dll
0x00007ffe94230000 - 0x00007ffe9426b000 	C:\WINDOWS\SYSTEM32\dbgcore.DLL
0x00007ffead300000 - 0x00007ffead3a8000 	C:\WINDOWS\System32\bcryptPrimitives.dll
0x00007ffe5aee0000 - 0x00007ffe5aeee000 	D:\Kotlin And Android Dev\Android Studio 1\jbr\bin\instrument.dll
0x00007ffe47440000 - 0x00007ffe47460000 	D:\Kotlin And Android Dev\Android Studio 1\jbr\bin\java.dll
0x00007ffe47210000 - 0x00007ffe47228000 	D:\Kotlin And Android Dev\Android Studio 1\jbr\bin\zip.dll
0x00007ffeae7c0000 - 0x00007ffeaef2e000 	C:\WINDOWS\System32\SHELL32.dll
0x00007ffeadd30000 - 0x00007ffeae59c000 	C:\WINDOWS\System32\windows.storage.dll
0x00007ffeaf250000 - 0x00007ffeaf346000 	C:\WINDOWS\System32\SHCORE.dll
0x00007ffeaf3b0000 - 0x00007ffeaf416000 	C:\WINDOWS\System32\shlwapi.dll
0x00007ffead170000 - 0x00007ffead199000 	C:\WINDOWS\SYSTEM32\profapi.dll
0x00007ffe8e9a0000 - 0x00007ffe8e9b0000 	D:\Kotlin And Android Dev\Android Studio 1\jbr\bin\net.dll
0x00007ffea7280000 - 0x00007ffea73a9000 	C:\WINDOWS\SYSTEM32\WINHTTP.dll
0x00007ffeac550000 - 0x00007ffeac5bc000 	C:\WINDOWS\system32\mswsock.dll
0x00007ffe38d60000 - 0x00007ffe38d76000 	D:\Kotlin And Android Dev\Android Studio 1\jbr\bin\nio.dll
0x00007ffe8e950000 - 0x00007ffe8e960000 	D:\Kotlin And Android Dev\Android Studio 1\jbr\bin\verify.dll
0x00007ffe82db0000 - 0x00007ffe82dd7000 	D:\Kotlin And Android Dev\Android Studio\.gradle\native\1def1411415f61bf3af743bc5b6707747c0891f09f0c88961ee8f79bc544acac\windows-amd64\native-platform.dll
0x00007ffe8e2a0000 - 0x00007ffe8e317000 	D:\Kotlin And Android Dev\Android Studio\.gradle\native\0.2.8\x86_64-windows-gnu\gradle-fileevents.dll
0x00007ffe83b90000 - 0x00007ffe83b99000 	D:\Kotlin And Android Dev\Android Studio 1\jbr\bin\management.dll
0x00007ffe82bf0000 - 0x00007ffe82bfb000 	D:\Kotlin And Android Dev\Android Studio 1\jbr\bin\management_ext.dll
0x00007ffeae5a0000 - 0x00007ffeae5a8000 	C:\WINDOWS\System32\PSAPI.DLL
0x00007ffeab9d0000 - 0x00007ffeaba02000 	C:\WINDOWS\SYSTEM32\IPHLPAPI.DLL
0x00007ffeaf090000 - 0x00007ffeaf09a000 	C:\WINDOWS\System32\NSI.dll
0x00007ffe8b5c0000 - 0x00007ffe8b5c9000 	D:\Kotlin And Android Dev\Android Studio 1\jbr\bin\extnet.dll
0x00007ffeac830000 - 0x00007ffeac84b000 	C:\WINDOWS\SYSTEM32\CRYPTSP.dll
0x00007ffeabf40000 - 0x00007ffeabf79000 	C:\WINDOWS\system32\rsaenh.dll
0x00007ffeac600000 - 0x00007ffeac633000 	C:\WINDOWS\SYSTEM32\USERENV.dll
0x00007ffead140000 - 0x00007ffead16a000 	C:\WINDOWS\SYSTEM32\bcrypt.dll
0x00007ffeac850000 - 0x00007ffeac85c000 	C:\WINDOWS\SYSTEM32\CRYPTBASE.dll
0x00007ffe931b0000 - 0x00007ffe931b8000 	C:\WINDOWS\system32\wshunix.dll

JVMTI agents:
C:\Users\ssahu\.gradle\wrapper\dists\gradle-9.1.0-bin\9agqghryom9wkf8r80qlhnts3\gradle-9.1.0\lib\agents\gradle-instrumentation-agent-9.1.0.jar path:D:\Kotlin And Android Dev\Android Studio 1\jbr\bin\instrument.dll, loaded, initialized, instrumentlib options:none

dbghelp: loaded successfully - version: 4.0.5 - missing functions: none
symbol engine: initialized successfully - sym options: 0x614 - pdb path: .;D:\Kotlin And Android Dev\Android Studio 1\jbr\bin;C:\WINDOWS\SYSTEM32;C:\WINDOWS\WinSxS\amd64_microsoft.windows.common-controls_6595b64144ccf1df_6.0.26100.8328_none_3e08182ce334b678;D:\Kotlin And Android Dev\Android Studio 1\jbr\bin\server;D:\Kotlin And Android Dev\Android Studio\.gradle\native\1def1411415f61bf3af743bc5b6707747c0891f09f0c88961ee8f79bc544acac\windows-amd64;D:\Kotlin And Android Dev\Android Studio\.gradle\native\0.2.8\x86_64-windows-gnu

VM Arguments:
jvm_args: --add-opens=java.base/java.lang=ALL-UNNAMED --add-opens=java.base/java.lang.invoke=ALL-UNNAMED --add-opens=java.base/java.util=ALL-UNNAMED --add-opens=java.prefs/java.util.prefs=ALL-UNNAMED --add-exports=jdk.compiler/com.sun.tools.javac.api=ALL-UNNAMED --add-exports=jdk.compiler/com.sun.tools.javac.util=ALL-UNNAMED --add-opens=java.base/java.util=ALL-UNNAMED --add-opens=java.prefs/java.util.prefs=ALL-UNNAMED --add-opens=java.base/java.nio.charset=ALL-UNNAMED --add-opens=java.base/java.net=ALL-UNNAMED --add-opens=java.base/java.util.concurrent=ALL-UNNAMED --add-opens=java.base/java.util.concurrent.atomic=ALL-UNNAMED --add-opens=java.xml/javax.xml.namespace=ALL-UNNAMED --add-opens=java.base/java.time=ALL-UNNAMED -Xmx4096M -Dfile.encoding=UTF-8 -Duser.country=US -Duser.language=en -Duser.variant -javaagent:C:\Users\ssahu\.gradle\wrapper\dists\gradle-9.1.0-bin\9agqghryom9wkf8r80qlhnts3\gradle-9.1.0\lib\agents\gradle-instrumentation-agent-9.1.0.jar 
java_command: org.gradle.launcher.daemon.bootstrap.GradleDaemon 9.1.0
java_class_path (initial): C:\Users\ssahu\.gradle\wrapper\dists\gradle-9.1.0-bin\9agqghryom9wkf8r80qlhnts3\gradle-9.1.0\lib\gradle-daemon-main-9.1.0.jar
Launcher Type: SUN_STANDARD

[Global flags]
     intx CICompilerCount                          = 12                                        {product} {ergonomic}
     uint ConcGCThreads                            = 3                                         {product} {ergonomic}
     uint G1ConcRefinementThreads                  = 13                                        {product} {ergonomic}
   size_t G1HeapRegionSize                         = 2097152                                   {product} {ergonomic}
    uintx GCDrainStackTargetSize                   = 64                                        {product} {ergonomic}
   size_t InitialHeapSize                          = 257949696                                 {product} {ergonomic}
   size_t MarkStackSize                            = 4194304                                   {product} {ergonomic}
   size_t MaxHeapSize                              = 4294967296                                {product} {command line}
   size_t MaxNewSize                               = 2575302656                                {product} {ergonomic}
   size_t MinHeapDeltaBytes                        = 2097152                                   {product} {ergonomic}
   size_t MinHeapSize                              = 8388608                                   {product} {ergonomic}
    uintx NonNMethodCodeHeapSize                   = 7602480                                {pd product} {ergonomic}
    uintx NonProfiledCodeHeapSize                  = 122027880                              {pd product} {ergonomic}
    uintx ProfiledCodeHeapSize                     = 122027880                              {pd product} {ergonomic}
    uintx ReservedCodeCacheSize                    = 251658240                              {pd product} {ergonomic}
     bool SegmentedCodeCache                       = true                                      {product} {ergonomic}
   size_t SoftMaxHeapSize                          = 4294967296                             {manageable} {ergonomic}
     bool UseCompressedOops                        = true                           {product lp64_product} {ergonomic}
     bool UseG1GC                                  = true                                      {product} {ergonomic}
     bool UseLargePagesIndividualAllocation        = false                                  {pd product} {ergonomic}

Logging:
Log output configuration:
 #0: stdout all=warning uptime,level,tags foldmultilines=false
 #1: stderr all=off uptime,level,tags foldmultilines=false

Release file:
JAVA_VERSION="21.0.10" 
MODULES="java.base java.compiler java.datatransfer java.xml java.prefs java.desktop java.instrument java.logging java.management java.security.sasl java.naming java.rmi java.management.rmi java.net.http java.scripting java.security.jgss java.transaction.xa java.sql java.sql.rowset java.xml.crypto java.se java.smartcardio jdk.accessibility jdk.internal.jvmstat jdk.attach jdk.charsets jdk.internal.opt jdk.zipfs jdk.compiler jdk.crypto.ec jdk.crypto.cryptoki jdk.dynalink jdk.hotspot.agent jdk.httpserver jdk.internal.ed jdk.internal.le jdk.internal.vm.ci jdk.jartool jdk.javadoc jdk.jcmd jdk.jdeps jdk.jdwp.agent jdk.jdi jdk.jfr jdk.jlink jdk.jsobject jdk.localedata jdk.management jdk.management.agent jdk.management.jfr jdk.naming.dns jdk.naming.rmi jdk.net jdk.sctp jdk.security.auth jdk.security.jgss jdk.unsupported jdk.unsupported.desktop jdk.xml.dom" 
IMPLEMENTOR="JetBrains s.r.o." 
JAVA_RUNTIME_VERSION="21.0.10+-14961533-b1163.108" 
LIBC="default" 
OS_ARCH="x86_64" 
OS_NAME="Windows" 
SOURCE=".:git:1351622c2ff2" 

Environment Variables:
PATH=C:\Python314\Scripts\;C:\Python314\;C:\Program Files\Python313;C:\Program Files\Python313\Scripts;C:\Program Files\Common Files\Oracle\Java\javapath;C:\WINDOWS\system32;C:\WINDOWS;C:\WINDOWS\System32\Wbem;C:\WINDOWS\System32\WindowsPowerShell\v1.0\;C:\WINDOWS\System32\OpenSSH\;C:\MinGW\bin;C:\Program Files\Java\jdk-22\bin;C:\Program Files\MySQL\MySQL Server 8.0\bin;C:\Program Files\kotlinc\bin;C:\Program Files\Git\cmd;C:\Program Files\dotnet\;C:\Users\ssahu\AppData\Local\Programs\Microsoft VS Code\bin;C:\Program Files\Graphviz\bin;C:\Program Files\Docker\Docker\resources\bin;C:\Program Files\nodejs\;C:\ProgramData\chocolatey\bin;D:\Databases\Redis\;C:\Users\ssahu\AppData\Local\Android\Android\Sdk\platform-tools;C:\Users\ssahu\.local\bin;C:\Program Files\Python313;C:\Users\ssahu\AppData\Local\Microsoft\WindowsApps;C:\MinGW\bin;C:\Program Files\Java\jdk-22\bin;C:\Program Files\kotlinc\bin;C:\Program Files\JetBrains\PyCharm 2024.3.4\bin;;D:\PyCharm Community Edition 2024.3.4\bin;;C:\Program Files\Python313\Scripts;C:\Program Files\PostgreSQL\17\bin;C:\Users\ssahu\AppData\Local\Programs\Microsoft VS Code\bin;C:\Users\ssahu\AppData\Local\Programs\Ollama;C:\Users\ssahu\AppData\Roaming\npm;C:\Users\ssahu\AppData\Local\Programs\mongosh\;C:\Users\ssahu\AppData\Local\Android\Android\Sdk\platform-tools;
USERNAME=ssahu
OS=Windows_NT
PROCESSOR_IDENTIFIER=AMD64 Family 23 Model 104 Stepping 1, AuthenticAMD
TMP=C:\Users\ssahu\AppData\Local\Temp
TEMP=C:\Users\ssahu\AppData\Local\Temp




Periodic native trim disabled

JNI global refs:
JNI global refs: 43, weak refs: 18

JNI global refs memory usage: 835, weak refs: 833

Process memory usage:
Resident Set Size: 649508K (4% of 16070132K total physical memory with 2700064K free physical memory)

OOME stack traces (most recent first):
Classloader memory used:
Loader org.gradle.internal.classloader.VisitableURLClassLoader                         : 33574K
Loader bootstrap                                                                       : 26085K
Loader org.gradle.internal.classloader.VisitableURLClassLoader$InstrumentingVisitableURLClassLoader: 20110K
Loader org.gradle.initialization.MixInLegacyTypesClassLoader                           : 9460K
Loader jdk.internal.reflect.DelegatingClassLoader                                      : 1166K
Loader jdk.internal.loader.ClassLoaders$AppClassLoader                                 : 233K
Loader jdk.internal.loader.ClassLoaders$PlatformClassLoader                            : 162K

Classes loaded by more than one classloader:
Class com.google.common.base.PairwiseEquivalence                                      : loaded 2 times (x 83B)
Class com.google.common.base.Equivalence$Identity                                     : loaded 2 times (x 82B)
Class com.google.common.collect.RegularImmutableMap$KeySet                            : loaded 2 times (x 152B)
Class org.gradle.internal.classloader.FilteringClassLoader                            : loaded 2 times (x 105B)
Class com.google.common.io.FileWriteMode                                              : loaded 2 times (x 79B)
Class [Lcom.google.common.base.AbstractIterator$State;                                : loaded 2 times (x 69B)
Class com.google.common.base.CharMatcher$IsEither                                     : loaded 2 times (x 111B)
Class org.gradle.internal.classloader.ClassLoaderHierarchy                            : loaded 2 times (x 70B)
Class com.google.common.collect.ImmutableEnumSet                                      : loaded 2 times (x 146B)
Class com.google.common.util.concurrent.ExecutionError                                : loaded 2 times (x 82B)
Class com.google.common.collect.ImmutableList$1                                       : loaded 2 times (x 97B)
Class com.google.common.collect.AbstractMapBasedMultimap$WrappedCollection            : loaded 2 times (x 124B)
Class org.gradle.api.internal.classpath.ManifestUtil                                  : loaded 2 times (x 71B)
Class com.google.common.io.ByteArrayDataOutput                                        : loaded 2 times (x 70B)
Class com.google.common.collect.RegularImmutableMap                                   : loaded 2 times (x 121B)
Class com.google.common.collect.ImmutableMap$MapViewOfValuesAsSingletonSets           : loaded 2 times (x 126B)
Class com.google.common.collect.TransformedListIterator                               : loaded 2 times (x 93B)
Class com.google.common.collect.UnmodifiableListIterator                              : loaded 2 times (x 95B)
Class com.google.common.base.Platform$JdkPatternCompiler                              : loaded 2 times (x 75B)
Class [Lcom.google.common.cache.CacheBuilder$OneWeigher;                              : loaded 2 times (x 69B)
Class com.google.common.base.Suppliers                                                : loaded 2 times (x 71B)
Class org.gradle.internal.classloader.DefaultClassLoaderFactory                       : loaded 2 times (x 82B)
Class com.google.common.base.CharMatcher$None                                         : loaded 2 times (x 112B)
Class org.gradle.internal.classloader.ClassLoaderVisitor                              : loaded 2 times (x 76B)
Class [Lcom.google.common.collect.ImmutableMapEntry;                                  : loaded 2 times (x 69B)
Class org.gradle.api.internal.classpath.EffectiveClassPath                            : loaded 2 times (x 90B)
Class com.google.common.collect.ImmutableRangeSet                                     : loaded 2 times (x 115B)
Class com.google.common.collect.ImmutableEnumMap                                      : loaded 2 times (x 126B)
Class com.google.common.collect.ListMultimap                                          : loaded 2 times (x 70B)
Class com.google.common.collect.Sets$1                                                : loaded 2 times (x 139B)
Class com.google.common.base.Splitter                                                 : loaded 2 times (x 72B)
Class org.gradle.api.internal.DefaultClassPathProvider                                : loaded 2 times (x 76B)
Class com.google.common.collect.Maps$ViewCachingAbstractMap                           : loaded 2 times (x 125B)
Class com.google.common.collect.Sets$2                                                : loaded 2 times (x 139B)
Class [Lorg.gradle.api.internal.ClassPathProvider;                                    : loaded 2 times (x 69B)
Class org.gradle.api.internal.ClassPathProvider                                       : loaded 2 times (x 70B)
Class com.google.common.collect.Sets$3                                                : loaded 2 times (x 139B)
Class com.google.common.base.AbstractIterator$State                                   : loaded 2 times (x 79B)
Class com.google.common.cache.LocalCache$LocalLoadingCache                            : loaded 2 times (x 134B)
Class org.gradle.internal.service.UnknownServiceException                             : loaded 2 times (x 83B)
Class com.google.common.io.ByteArrayDataInput                                         : loaded 2 times (x 70B)
Class com.google.common.collect.Sets$4                                                : loaded 2 times (x 139B)
Class com.google.common.cache.LocalCache$Strength$1                                   : loaded 2 times (x 81B)
Class com.google.common.util.concurrent.SettableFuture                                : loaded 2 times (x 114B)
Class com.google.common.cache.LocalCache$Strength$2                                   : loaded 2 times (x 81B)
Class com.google.common.io.ByteStreams                                                : loaded 2 times (x 71B)
Class com.google.common.collect.TransformedIterator                                   : loaded 2 times (x 80B)
Class com.google.common.base.Splitter$1                                               : loaded 2 times (x 77B)
Class com.google.common.cache.LocalCache$Strength$3                                   : loaded 2 times (x 81B)
Class com.google.common.collect.MapDifference                                         : loaded 2 times (x 70B)
Class com.google.common.cache.CacheBuilder$NullListener                               : loaded 2 times (x 82B)
Class org.gradle.internal.classpath.TransformedClassPath                              : loaded 2 times (x 96B)
Class org.gradle.internal.classloader.InstrumentingClassLoader                        : loaded 2 times (x 70B)
Class com.google.common.collect.ImmutableRangeSet$AsSet                               : loaded 2 times (x 300B)
Class com.google.common.collect.Iterators$ArrayItr                                    : loaded 2 times (x 97B)
Class com.google.common.cache.CacheLoader$FunctionToCacheLoader                       : loaded 2 times (x 75B)
Class com.google.common.collect.ImmutableCollection$Builder                           : loaded 2 times (x 76B)
Class com.google.common.base.Joiner                                                   : loaded 2 times (x 79B)
Class com.google.common.base.MoreObjects                                              : loaded 2 times (x 71B)
Class com.google.common.collect.BaseImmutableMultimap                                 : loaded 2 times (x 123B)
Class com.google.common.collect.Platform                                              : loaded 2 times (x 71B)
Class com.google.common.collect.UnmodifiableIterator                                  : loaded 2 times (x 80B)
Class org.gradle.internal.service.ServiceLocator                                      : loaded 2 times (x 70B)
Class com.google.common.collect.Iterators$SingletonIterator                           : loaded 2 times (x 81B)
Class com.google.common.cache.LocalCache$1                                            : loaded 2 times (x 89B)
Class com.google.common.collect.AbstractMapEntry                                      : loaded 2 times (x 81B)
Class com.google.common.collect.Sets$ImprovedAbstractSet                              : loaded 2 times (x 135B)
Class com.google.common.cache.LocalCache$2                                            : loaded 2 times (x 142B)
Class com.google.common.collect.ImmutableList$Builder                                 : loaded 2 times (x 77B)
Class com.google.common.collect.AbstractMultimap                                      : loaded 2 times (x 123B)
Class com.google.common.collect.ImmutableRangeSet$1                                   : loaded 2 times (x 210B)
Class com.google.common.collect.RegularImmutableAsList                                : loaded 2 times (x 217B)
Class com.google.common.collect.Range                                                 : loaded 2 times (x 87B)
Class com.google.common.collect.Iterators                                             : loaded 2 times (x 71B)
Class com.google.common.util.concurrent.AbstractFuture$Trusted                        : loaded 2 times (x 70B)
Class com.google.common.collect.Lists$StringAsImmutableList                           : loaded 2 times (x 207B)
Class com.google.common.util.concurrent.UncheckedExecutionException                   : loaded 2 times (x 82B)
Class org.gradle.internal.InternalTransformer                                         : loaded 2 times (x 70B)
Class com.google.common.collect.AbstractMapBasedMultimap$KeySet$1                     : loaded 2 times (x 82B)
Class com.google.common.base.CharMatcher$And                                          : loaded 2 times (x 112B)
Class com.google.common.cache.CacheLoader$UnsupportedLoadingOperationException        : loaded 2 times (x 82B)
Class org.gradle.internal.classloader.ClasspathUtil$1                                 : loaded 2 times (x 76B)
Class com.google.common.base.Objects                                                  : loaded 2 times (x 71B)
Class com.google.common.collect.IndexedImmutableSet                                   : loaded 2 times (x 152B)
Class com.google.common.collect.ImmutableMap$1                                        : loaded 2 times (x 81B)
Class com.google.common.collect.BiMap                                                 : loaded 2 times (x 70B)
Class org.gradle.api.internal.classpath.DefaultModuleRegistry$DefaultModule           : loaded 2 times (x 86B)
Class com.google.common.primitives.Ints                                               : loaded 2 times (x 71B)
Class com.google.common.collect.AbstractIterator                                      : loaded 2 times (x 82B)
Class com.google.common.collect.ObjectArrays                                          : loaded 2 times (x 71B)
Class com.google.common.collect.AbstractIndexedListIterator                           : loaded 2 times (x 96B)
Class com.google.common.collect.ArrayListMultimapGwtSerializationDependencies         : loaded 2 times (x 172B)
Class com.google.common.collect.Multiset                                              : loaded 2 times (x 70B)
Class com.google.common.collect.ImmutableMapEntrySet                                  : loaded 2 times (x 152B)
Class org.gradle.api.internal.classpath.Module                                        : loaded 2 times (x 70B)
Class com.google.common.cache.Weigher                                                 : loaded 2 times (x 70B)
Class org.gradle.api.internal.classpath.UnknownModuleException                        : loaded 2 times (x 82B)
Class com.google.common.base.Stopwatch                                                : loaded 2 times (x 72B)
Class com.google.common.cache.LocalCache$Strength                                     : loaded 2 times (x 81B)
Class com.google.common.cache.Cache                                                   : loaded 2 times (x 70B)
Class com.google.common.base.NullnessCasts                                            : loaded 2 times (x 71B)
Class com.google.common.util.concurrent.AbstractFuture$Cancellation                   : loaded 2 times (x 72B)
Class com.google.common.collect.ImmutableMap$Builder                                  : loaded 2 times (x 82B)
Class com.google.common.collect.AbstractMapBasedMultimap$WrappedCollection$WrappedIterator: loaded 2 times (x 84B)
Class com.google.common.cache.RemovalListener                                         : loaded 2 times (x 70B)
Class org.gradle.api.internal.DefaultClassPathRegistry                                : loaded 2 times (x 76B)
Class com.google.common.primitives.IntsMethodsForWeb                                  : loaded 2 times (x 71B)
Class com.google.common.collect.Multimap                                              : loaded 2 times (x 70B)
Class org.gradle.api.internal.ClassPathRegistry                                       : loaded 2 times (x 70B)
Class org.gradle.internal.classpath.DefaultClassPath$ImmutableUniqueList              : loaded 2 times (x 199B)
Class com.google.common.base.ExtraObjectsMethodsForWeb                                : loaded 2 times (x 71B)
Class com.google.common.io.ByteSink                                                   : loaded 2 times (x 76B)
Class com.google.common.cache.CacheBuilder                                            : loaded 2 times (x 72B)
Class com.google.common.collect.SingletonImmutableList                                : loaded 2 times (x 207B)
Class org.gradle.internal.classpath.ClassPath                                         : loaded 2 times (x 70B)
Class com.google.common.io.Files$FileByteSource                                       : loaded 2 times (x 85B)
Class com.google.common.base.JdkPattern                                               : loaded 2 times (x 75B)
Class com.google.common.collect.ImmutableList$ReverseImmutableList                    : loaded 2 times (x 209B)
Class com.google.common.collect.Iterators$1                                           : loaded 2 times (x 81B)
Class com.google.common.base.Suppliers$SupplierOfInstance                             : loaded 2 times (x 79B)
Class com.google.common.cache.LocalCache$ComputingValueReference                      : loaded 2 times (x 96B)
Class com.google.common.collect.ImmutableMap$IteratorBasedImmutableMap                : loaded 2 times (x 126B)
Class com.google.common.collect.SingletonImmutableSet                                 : loaded 2 times (x 146B)
Class com.google.common.cache.LocalCache$Segment                                      : loaded 2 times (x 154B)
Class com.google.common.collect.SortedIterable                                        : loaded 2 times (x 70B)
Class com.google.common.collect.Iterators$4                                           : loaded 2 times (x 82B)
Class com.google.common.cache.CacheLoader                                             : loaded 2 times (x 74B)
Class com.google.common.collect.ImmutableBiMap                                        : loaded 2 times (x 143B)
Class com.google.common.collect.AbstractListMultimap                                  : loaded 2 times (x 172B)
Class org.gradle.internal.installation.GradleInstallation$1                           : loaded 2 times (x 75B)
Class org.gradle.api.internal.classpath.ModuleRegistry                                : loaded 2 times (x 70B)
Class com.google.common.collect.ImmutableSet$JdkBackedSetBuilderImpl                  : loaded 2 times (x 76B)
Class com.google.common.base.Splitter$SplittingIterator                               : loaded 2 times (x 84B)
Class com.google.common.collect.Iterators$5                                           : loaded 2 times (x 82B)
Class com.google.common.util.concurrent.internal.InternalFutureFailureAccess          : loaded 2 times (x 72B)
Class com.google.common.base.CharMatcher$ForPredicate                                 : loaded 2 times (x 112B)
Class com.google.common.cache.LocalCache$LocalManualCache$1                           : loaded 2 times (x 75B)
Class com.google.common.base.CharMatcher$AnyOf                                        : loaded 2 times (x 112B)
Class com.google.common.collect.ImmutableCollection                                   : loaded 2 times (x 125B)
Class org.gradle.api.internal.classpath.DefaultModuleRegistry                         : loaded 2 times (x 86B)
Class com.google.common.collect.Lists                                                 : loaded 2 times (x 71B)
Class com.google.common.util.concurrent.ListenableFuture                              : loaded 2 times (x 70B)
Class com.google.common.cache.ReferenceEntry                                          : loaded 2 times (x 70B)
Class com.google.common.base.Converter                                                : loaded 2 times (x 90B)
Class com.google.common.collect.ImmutableSet$CachingAsList                            : loaded 2 times (x 148B)
Class com.google.common.collect.Iterators$9                                           : loaded 2 times (x 81B)
Class com.google.common.util.concurrent.AbstractFuture                                : loaded 2 times (x 106B)
Class com.google.common.base.FunctionalEquivalence                                    : loaded 2 times (x 83B)
Class com.google.common.collect.AbstractMapBasedMultimap                              : loaded 2 times (x 139B)
Class com.google.common.collect.ImmutableAsList                                       : loaded 2 times (x 209B)
Class com.google.common.cache.CacheLoader$SupplierToCacheLoader                       : loaded 2 times (x 75B)
Class com.google.common.collect.Maps$EntryTransformer                                 : loaded 2 times (x 70B)
Class org.gradle.internal.service.ServiceLookupException                              : loaded 2 times (x 82B)
Class com.google.common.collect.ImmutableSortedSet                                    : loaded 2 times (x 300B)
Class [Lcom.google.common.cache.LocalCache$EntryFactory;                              : loaded 2 times (x 69B)
Class org.gradle.internal.classloader.ClassLoaderFactory                              : loaded 2 times (x 70B)
Class com.google.common.base.CharMatcher$IsNot                                        : loaded 2 times (x 111B)
Class com.google.common.base.CommonPattern                                            : loaded 2 times (x 74B)
Class com.google.common.cache.LocalCache$LocalManualCache                             : loaded 2 times (x 99B)
Class org.gradle.internal.service.CachingServiceLocator                               : loaded 2 times (x 82B)
Class com.google.common.collect.AbstractMapBasedMultimap$KeySet                       : loaded 2 times (x 137B)
Class com.google.common.math.IntMath                                                  : loaded 2 times (x 71B)
Class com.google.common.collect.RegularImmutableSortedSet                             : loaded 2 times (x 300B)
Class com.google.common.collect.ImmutableMapEntry                                     : loaded 2 times (x 85B)
Class com.google.common.base.Equivalence                                              : loaded 2 times (x 82B)
Class com.google.common.collect.ImmutableMultimap                                     : loaded 2 times (x 147B)
Class com.google.common.collect.ImmutableMapEntry$NonTerminalImmutableMapEntry        : loaded 2 times (x 85B)
Class com.google.common.base.Function                                                 : loaded 2 times (x 70B)
Class com.google.common.cache.CacheBuilder$OneWeigher                                 : loaded 2 times (x 82B)
Class com.google.common.collect.RegularImmutableList                                  : loaded 2 times (x 213B)
Class org.gradle.internal.classloader.ClasspathUtil                                   : loaded 2 times (x 71B)
Class com.google.common.util.concurrent.Uninterruptibles                              : loaded 2 times (x 71B)
Class com.google.common.util.concurrent.LazyLogger                                    : loaded 2 times (x 72B)
Class com.google.common.collect.Maps                                                  : loaded 2 times (x 71B)
Class org.gradle.api.specs.Spec                                                       : loaded 2 times (x 70B)
Class [Lcom.google.common.collect.ImmutableEntry;                                     : loaded 2 times (x 69B)
Class com.google.common.cache.LocalCache$LoadingValueReference                        : loaded 2 times (x 96B)
Class com.google.common.base.Platform                                                 : loaded 2 times (x 71B)
Class com.google.common.collect.AbstractMapBasedMultimap$WrappedList                  : loaded 2 times (x 205B)
Class com.google.common.collect.Maps$8                                                : loaded 2 times (x 82B)
Class com.google.common.collect.ImmutableRangeSet$Builder                             : loaded 2 times (x 77B)
Class com.google.common.collect.Sets$SetView                                          : loaded 2 times (x 138B)
Class com.google.common.cache.LocalCache$StrongValueReference                         : loaded 2 times (x 90B)
Class com.google.common.graph.SuccessorsFunction                                      : loaded 2 times (x 70B)
Class org.gradle.internal.classloader.VisitableURLClassLoader$InstrumentingVisitableURLClassLoader: loaded 2 times (x 123B)
Class com.google.common.io.Files$FileByteSink                                         : loaded 2 times (x 77B)
Class [Lcom.google.common.cache.CacheBuilder$NullListener;                            : loaded 2 times (x 69B)
Class org.gradle.internal.classloader.VisitableURLClassLoader$Spec                    : loaded 2 times (x 74B)
Class org.gradle.internal.classpath.DefaultClassPath                                  : loaded 2 times (x 90B)
Class com.google.common.base.AbstractIterator                                         : loaded 2 times (x 80B)
Class com.google.common.base.CharMatcher$BitSetMatcher                                : loaded 2 times (x 112B)
Class com.google.common.io.Closer                                                     : loaded 2 times (x 78B)
Class com.google.common.collect.RegularImmutableMap$Values                            : loaded 2 times (x 207B)
Class com.google.common.collect.ImmutableSet                                          : loaded 2 times (x 145B)
Class org.gradle.internal.classloader.ClassLoaderSpec                                 : loaded 2 times (x 71B)
Class com.google.common.cache.CacheStats                                              : loaded 2 times (x 71B)
Class com.google.common.io.LineProcessor                                              : loaded 2 times (x 70B)
Class com.google.common.base.CharMatcher$Or                                           : loaded 2 times (x 112B)
Class com.google.common.io.Closer$Suppressor                                          : loaded 2 times (x 70B)
Class com.google.common.util.concurrent.AbstractFuture$Listener                       : loaded 2 times (x 72B)
Class com.google.common.base.Supplier                                                 : loaded 2 times (x 70B)
Class org.gradle.internal.classloader.VisitableURLClassLoader                         : loaded 2 times (x 117B)
Class org.gradle.internal.Cast                                                        : loaded 2 times (x 71B)
Class org.gradle.api.Action                                                           : loaded 2 times (x 70B)
Class com.google.common.base.Strings                                                  : loaded 2 times (x 71B)
Class com.google.common.collect.Sets                                                  : loaded 2 times (x 71B)
Class com.google.common.base.CharMatcher$FastMatcher                                  : loaded 2 times (x 111B)
Class com.google.common.base.Ticker                                                   : loaded 2 times (x 72B)
Class [Lcom.google.common.cache.LocalCache$Segment;                                   : loaded 2 times (x 69B)
Class com.google.common.base.Predicate                                                : loaded 2 times (x 70B)
Class [Lcom.google.common.cache.LocalCache$Strength;                                  : loaded 2 times (x 69B)
Class com.google.common.cache.CacheBuilder$1                                          : loaded 2 times (x 85B)
Class com.google.common.collect.ImmutableMap                                          : loaded 2 times (x 120B)
Class org.gradle.internal.classpath.DefaultClassPath$ImmutableUniqueList$Builder      : loaded 2 times (x 75B)
Class com.google.common.collect.AbstractRangeSet                                      : loaded 2 times (x 114B)
Class com.google.common.base.CharMatcher$NegatedFastMatcher                           : loaded 2 times (x 113B)
Class com.google.common.cache.LocalCache                                              : loaded 2 times (x 187B)
Class com.google.common.cache.CacheBuilder$2                                          : loaded 2 times (x 79B)
Class com.google.common.cache.CacheBuilder$3                                          : loaded 2 times (x 72B)
Class [Lcom.google.common.collect.AbstractMapEntry;                                   : loaded 2 times (x 69B)
Class com.google.common.collect.ImmutableEntry                                        : loaded 2 times (x 82B)
Class com.google.common.collect.ArrayListMultimap                                     : loaded 2 times (x 172B)
Class org.gradle.api.GradleException                                                  : loaded 2 times (x 82B)
Class com.google.common.base.Suppliers$MemoizingSupplier                              : loaded 2 times (x 79B)
Class com.google.common.collect.CollectPreconditions                                  : loaded 2 times (x 71B)
Class [Lcom.google.common.io.FileWriteMode;                                           : loaded 2 times (x 69B)
Class com.google.common.collect.SortedMapDifference                                   : loaded 2 times (x 70B)
Class com.google.common.io.Files                                                      : loaded 2 times (x 71B)
Class com.google.common.cache.LocalCache$EntryFactory                                 : loaded 2 times (x 83B)
Class com.google.common.cache.LocalCache$AbstractReferenceEntry                       : loaded 2 times (x 107B)
Class org.gradle.internal.IoActions                                                   : loaded 2 times (x 71B)
Class com.google.common.collect.ImmutableRangeSet$ComplementRanges                    : loaded 2 times (x 207B)
Class com.google.common.cache.CacheLoader$InvalidCacheLoadException                   : loaded 2 times (x 82B)
Class com.google.common.collect.ImmutableSet$RegularSetBuilderImpl                    : loaded 2 times (x 77B)
Class org.gradle.internal.classloader.SystemClassLoaderSpec                           : loaded 2 times (x 71B)
Class com.google.common.cache.LocalCache$StrongEntry                                  : loaded 2 times (x 108B)
Class com.google.common.util.concurrent.AbstractFuture$TrustedFuture                  : loaded 2 times (x 114B)
Class com.google.common.cache.LoadingCache                                            : loaded 2 times (x 70B)
Class com.google.common.io.ByteStreams$LimitedInputStream                             : loaded 2 times (x 92B)
Class com.google.common.base.Suppliers$NonSerializableMemoizingSupplier               : loaded 2 times (x 79B)
Class [Lcom.google.common.cache.Weigher;                                              : loaded 2 times (x 69B)
Class com.google.common.collect.RegularImmutableMap$BucketOverflowException           : loaded 2 times (x 82B)
Class com.google.common.collect.AbstractMapBasedMultimap$RandomAccessWrappedList      : loaded 2 times (x 205B)
Class com.google.common.base.CharMatcher$Negated                                      : loaded 2 times (x 113B)
Class com.google.common.base.CharMatcher$Is                                           : loaded 2 times (x 111B)
Class com.google.common.cache.LocalCache$ValueReference                               : loaded 2 times (x 70B)
Class com.google.common.base.PatternCompiler                                          : loaded 2 times (x 70B)
Class com.google.common.collect.Hashing                                               : loaded 2 times (x 71B)
Class com.google.common.util.concurrent.AbstractFuture$Failure                        : loaded 2 times (x 72B)
Class com.google.common.base.Equivalence$Equals                                       : loaded 2 times (x 82B)
Class com.google.common.base.Preconditions                                            : loaded 2 times (x 71B)
Class com.google.common.base.CharMatcher                                              : loaded 2 times (x 111B)
Class com.google.common.base.Joiner$1                                                 : loaded 2 times (x 80B)
Class com.google.common.collect.PeekingIterator                                       : loaded 2 times (x 70B)
Class com.google.common.collect.ImmutableSetMultimap                                  : loaded 2 times (x 180B)
Class com.google.common.collect.Maps$IteratorBasedAbstractMap                         : loaded 2 times (x 125B)
Class com.google.common.collect.RangeGwtSerializationDependencies                     : loaded 2 times (x 71B)
Class com.google.common.collect.Table                                                 : loaded 2 times (x 70B)
Class com.google.common.base.CharMatcher$1                                            : loaded 2 times (x 113B)
Class com.google.common.base.CharMatcher$NamedFastMatcher                             : loaded 2 times (x 112B)
Class com.google.common.base.Joiner$2                                                 : loaded 2 times (x 79B)
Class com.google.common.cache.LocalCache$EntryFactory$1                               : loaded 2 times (x 83B)
Class [Lcom.google.common.cache.RemovalListener;                                      : loaded 2 times (x 69B)
Class com.google.common.collect.RangeSet                                              : loaded 2 times (x 70B)
Class com.google.common.cache.LocalCache$EntryFactory$2                               : loaded 2 times (x 83B)
Class org.gradle.api.internal.classpath.GlobalCacheRootsProvider                      : loaded 2 times (x 70B)
Class com.google.common.collect.CollectCollectors                                     : loaded 2 times (x 71B)
Class com.google.common.cache.LocalCache$EntryFactory$3                               : loaded 2 times (x 83B)
Class com.google.common.base.Ticker$1                                                 : loaded 2 times (x 72B)
Class com.google.common.collect.ImmutableMapEntrySet$RegularEntrySet                  : loaded 2 times (x 152B)
Class com.google.common.collect.Maps$BiMapConverter                                   : loaded 2 times (x 90B)
Class com.google.common.base.CharMatcher$InRange                                      : loaded 2 times (x 111B)
Class com.google.common.cache.LocalCache$EntryFactory$4                               : loaded 2 times (x 83B)
Class com.google.common.collect.SetMultimap                                           : loaded 2 times (x 70B)
Class com.google.common.collect.ImmutableSet$Builder                                  : loaded 2 times (x 85B)
Class com.google.common.io.ByteStreams$1                                              : loaded 2 times (x 85B)
Class com.google.common.cache.LocalCache$EntryFactory$5                               : loaded 2 times (x 83B)
Class com.google.common.cache.LocalCache$EntryFactory$6                               : loaded 2 times (x 83B)
Class org.gradle.internal.installation.CurrentGradleInstallationLocator               : loaded 2 times (x 71B)
Class com.google.common.collect.Maps$KeySet                                           : loaded 2 times (x 137B)
Class com.google.common.cache.LocalCache$EntryFactory$7                               : loaded 2 times (x 83B)
Class com.google.common.collect.ImmutableList                                         : loaded 2 times (x 206B)
Class org.gradle.internal.service.DefaultServiceLocator                               : loaded 2 times (x 83B)
Class com.google.common.collect.Maps$EntrySet                                         : loaded 2 times (x 136B)
Class com.google.common.cache.LocalCache$EntryFactory$8                               : loaded 2 times (x 83B)
Class com.google.common.collect.ImmutableSet$SetBuilderImpl                           : loaded 2 times (x 76B)
Class org.gradle.internal.installation.CurrentGradleInstallation                      : loaded 2 times (x 73B)
Class com.google.common.collect.ForwardingObject                                      : loaded 2 times (x 72B)
Class com.google.common.cache.CacheLoader$1                                           : loaded 2 times (x 75B)
Class com.google.common.collect.ImmutableList$SubList                                 : loaded 2 times (x 209B)
Class org.gradle.util.internal.GUtil                                                  : loaded 2 times (x 71B)
Class com.google.common.io.ByteSource                                                 : loaded 2 times (x 84B)
Class com.google.common.cache.AbstractCache$StatsCounter                              : loaded 2 times (x 70B)
Class com.google.common.collect.Iterators$MergingIterator                             : loaded 2 times (x 81B)
Class com.google.common.collect.RegularImmutableSet                                   : loaded 2 times (x 149B)
Class org.gradle.internal.installation.GradleInstallation                             : loaded 2 times (x 75B)
Class com.google.common.base.Splitter$Strategy                                        : loaded 2 times (x 70B)

---------------  S Y S T E M  ---------------

OS:
 Windows 11 , 64 bit Build 26100 (10.0.26100.8328)
OS uptime: 0 days 3:39 hours
Hyper-V role detected

CPU: total 16 (initial active 16) (16 cores per cpu, 2 threads per core) family 23 model 104 stepping 1 microcode 0x8608109, cx8, cmov, fxsr, ht, mmx, 3dnowpref, sse, sse2, sse3, ssse3, sse4a, sse4.1, sse4.2, popcnt, lzcnt, tsc, tscinvbit, avx, avx2, aes, clmul, bmi1, bmi2, adx, sha, fma, vzeroupper, clflush, clflushopt, hv, rdtscp, rdpid, f16c
Processor Information for the first 16 processors :
  Max Mhz: 1801, Current Mhz: 1801, Mhz Limit: 1801

Memory: 4k page, system-wide physical 15693M (2629M free)
TotalPageFile size 24585M (AvailPageFile size 1549M)
current process WorkingSet (physical memory assigned to process): 643M, peak: 643M
current process commit charge ("private bytes"): 696M, peak: 696M

vm_info: OpenJDK 64-Bit Server VM (21.0.10+-14961533-b1163.108) for windows-amd64 JRE (21.0.10+-14961533-b1163.108), built on 2026-03-02T19:58:50Z by "builder" with MS VC++ 16.10 / 16.11 (VS2019)

END.
