#
# There is insufficient memory for the Java Runtime Environment to continue.
# Native memory allocation (mmap) failed to map 20971520 bytes. Error detail: G1 virtual space
# Possible reasons:
#   The system is out of physical RAM or swap space
#   This process is running with CompressedOops enabled, and the Java Heap may be blocking the growth of the native heap
# Possible solutions:
#   Reduce memory load on the system
#   Increase physical memory or swap space
#   Check if swap backing store is full
#   Decrease Java heap size (-Xmx/-Xms)
#   Decrease number of Java threads
#   Decrease Java thread stack sizes (-Xss)
#   Set larger code cache with -XX:ReservedCodeCacheSize=
#   JVM is running with Zero Based Compressed Oops mode in which the Java heap is
#     placed in the first 32GB address space. The Java Heap base address is the
#     maximum limit for the native heap growth. Please use -XX:HeapBaseMinAddress
#     to set the Java Heap base and to place the Java Heap above 32GB virtual address.
# This output file may be truncated or incomplete.
#
#  Out of Memory Error (os_windows.cpp:3926), pid=3800, tid=22484
#
# JRE version: OpenJDK Runtime Environment (21.0.10) (build 21.0.10+-14961533-b1163.108)
# Java VM: OpenJDK 64-Bit Server VM (21.0.10+-14961533-b1163.108, mixed mode, tiered, compressed oops, compressed class ptrs, g1 gc, windows-amd64)
# No core dump will be written. Minidumps are not enabled by default on client versions of Windows
#

---------------  S U M M A R Y ------------

Command Line: --add-opens=java.base/java.lang=ALL-UNNAMED --add-opens=java.base/java.lang.invoke=ALL-UNNAMED --add-opens=java.base/java.util=ALL-UNNAMED --add-opens=java.prefs/java.util.prefs=ALL-UNNAMED --add-exports=jdk.compiler/com.sun.tools.javac.api=ALL-UNNAMED --add-exports=jdk.compiler/com.sun.tools.javac.util=ALL-UNNAMED --add-opens=java.base/java.util=ALL-UNNAMED --add-opens=java.prefs/java.util.prefs=ALL-UNNAMED --add-opens=java.base/java.nio.charset=ALL-UNNAMED --add-opens=java.base/java.net=ALL-UNNAMED --add-opens=java.base/java.util.concurrent=ALL-UNNAMED --add-opens=java.base/java.util.concurrent.atomic=ALL-UNNAMED --add-opens=java.xml/javax.xml.namespace=ALL-UNNAMED --add-opens=java.base/java.time=ALL-UNNAMED -Xmx4096M -Dfile.encoding=UTF-8 -Duser.country=US -Duser.language=en -Duser.variant -javaagent:C:\Users\ssahu\.gradle\wrapper\dists\gradle-9.1.0-bin\9agqghryom9wkf8r80qlhnts3\gradle-9.1.0\lib\agents\gradle-instrumentation-agent-9.1.0.jar org.gradle.launcher.daemon.bootstrap.GradleDaemon 9.1.0

Host: AMD Ryzen 7 5700U with Radeon Graphics         , 16 cores, 15G,  Windows 11 , 64 bit Build 26100 (10.0.26100.8328)
Time: Tue May  5 17:16:19 2026 India Standard Time elapsed time: 514.751485 seconds (0d 0h 8m 34s)

---------------  T H R E A D  ---------------

Current thread (0x00000289cc5990e0):  VMThread "VM Thread"          [id=22484, stack(0x000000ec77e00000,0x000000ec77f00000) (1024K)]

Stack: [0x000000ec77e00000,0x000000ec77f00000]
Native frames: (J=compiled Java code, j=interpreted, Vv=VM code, C=native code)
V  [jvm.dll+0x6d78a9]
V  [jvm.dll+0x8665b3]
V  [jvm.dll+0x868bde]
V  [jvm.dll+0x8692c3]
V  [jvm.dll+0x280ee6]
V  [jvm.dll+0x6d4165]
V  [jvm.dll+0x6c77fa]
V  [jvm.dll+0x358f4b]
V  [jvm.dll+0x360bc6]
V  [jvm.dll+0x3b2ea6]
V  [jvm.dll+0x3b3178]
V  [jvm.dll+0x32b65c]
V  [jvm.dll+0x32e066]
V  [jvm.dll+0x337f3d]
V  [jvm.dll+0x36f6a5]
V  [jvm.dll+0x86f048]
V  [jvm.dll+0x870394]
V  [jvm.dll+0x8708d0]
V  [jvm.dll+0x870b63]
V  [jvm.dll+0x80fd28]
V  [jvm.dll+0x6d60fd]
C  [ucrtbase.dll+0x37b0]
C  [KERNEL32.DLL+0x2e957]
C  [ntdll.dll+0x427c]

VM_Operation (0x000000ec779ff570): G1PauseRemark, mode: safepoint, requested by thread 0x00000289b1a26280


---------------  P R O C E S S  ---------------

Threads class SMR info:
_java_thread_list=0x00000289ddb0be70, length=272, elements={
0x00000289af567fc0, 0x00000289cc623200, 0x00000289cc632020, 0x00000289cc643070,
0x00000289cc64bd40, 0x00000289cc651100, 0x00000289cc651b60, 0x00000289cc6525c0,
0x00000289cc65c420, 0x00000289cc66f320, 0x00000289cc941e90, 0x00000289d27c9130,
0x00000289d1f88850, 0x00000289d2b51090, 0x00000289d28de5b0, 0x00000289d2db9320,
0x00000289d2db7f70, 0x00000289d2db5ea0, 0x00000289d2db6530, 0x00000289d3efd810,
0x00000289d3efa390, 0x00000289d3efdea0, 0x00000289d3efaa20, 0x00000289d3efe530,
0x00000289d3efebc0, 0x00000289d3efb740, 0x00000289d3f00c90, 0x00000289d3eff250,
0x00000289d3eff8e0, 0x00000289d3f01320, 0x00000289d3f00600, 0x00000289d3f019b0,
0x00000289d3efff70, 0x00000289d4485e40, 0x00000289d44857b0, 0x00000289d4484a90,
0x00000289d4487f10, 0x00000289d44864d0, 0x00000289de8fecf0, 0x00000289d991fd80,
0x00000289d8400a20, 0x00000289f3ec9b90, 0x00000289ee3839c0, 0x00000289d4486b60,
0x00000289d4487880, 0x00000289d4485120, 0x00000289d448ad00, 0x00000289eddb3e10,
0x00000289d1526a90, 0x00000289d7f64be0, 0x00000289ed6205d0, 0x00000289da6a8cc0,
0x00000289da6a99e0, 0x00000289eddb1020, 0x00000289da723360, 0x00000289da7239f0,
0x00000289da724080, 0x00000289da721920, 0x00000289ec1411d0, 0x00000289ec13e3e0,
0x00000289ec13f100, 0x00000289ec13ea70, 0x00000289ec1404b0, 0x00000289dc42ba20,
0x00000289dc42ad00, 0x00000289ece610d0, 0x00000289ece63830, 0x00000289ece62b10,
0x00000289ece63ec0, 0x00000289ece631a0, 0x00000289ece61df0, 0x00000289ece61760,
0x00000289d83ff670, 0x00000289d84010b0, 0x00000289d83fdc30, 0x00000289d83fe2c0,
0x00000289d83fe950, 0x00000289d83fefe0, 0x00000289d83ffd00, 0x00000289ee9960c0,
0x00000289f33ed620, 0x00000289f33ee340, 0x00000289f33ecf90, 0x00000289f33ee9d0,
0x00000289f33ef060, 0x00000289f33ebbe0, 0x00000289f33ec900, 0x00000289f33edcb0,
0x00000289da7a50a0, 0x00000289da7a5730, 0x00000289da7a3660, 0x00000289d1923080,
0x00000289d1925150, 0x00000289d1923da0, 0x00000289d1923710, 0x00000289eeed94a0,
0x00000289eeeda1c0, 0x00000289eeeda850, 0x00000289eeed7a60, 0x00000289ee9953a0,
0x00000289ee995a30, 0x00000289ee994d10, 0x00000289ee996750, 0x00000289dc42b390,
0x00000289dc42cdd0, 0x00000289dc42c0b0, 0x00000289dc42daf0, 0x00000289dc42e180,
0x00000289dc42d460, 0x00000289dc42c740, 0x00000289df33b100, 0x00000289df33d1d0,
0x00000289df33d860, 0x00000289df33cb40, 0x00000289d6f5f520, 0x00000289d6f5fbb0,
0x00000289d6f60240, 0x00000289d44871f0, 0x00000289d448c0b0, 0x00000289da7a22b0,
0x00000289da7a3cf0, 0x00000289da7a4a10, 0x00000289da7a4380, 0x00000289f3ecc980,
0x00000289f3eca220, 0x00000289f3eca8b0, 0x00000289f3ecaf40, 0x00000289f3ecb5d0,
0x00000289d8c162d0, 0x00000289f33ec270, 0x00000289dc46cf80, 0x00000289dc46dca0,
0x00000289d8f8f1f0, 0x00000289dcad6280, 0x00000289dcad4e10, 0x00000289d19257e0,
0x00000289d1925e70, 0x00000289d6f608d0, 0x00000289d6f61c80, 0x00000289d66673b0,
0x00000289d6667a40, 0x00000289d66680d0, 0x00000289dd4440a0, 0x00000289dd440c20,
0x00000289dd441fd0, 0x00000289dd442cf0, 0x00000289dd443380, 0x00000289d1926500,
0x00000289d8cd2c50, 0x00000289ecf9fb30, 0x00000289d3270d40, 0x00000289ed622010,
0x00000289ed61eb90, 0x00000289dc46c260, 0x00000289dc46d610, 0x00000289dc46e330,
0x00000289dc46e9c0, 0x00000289dc46c8f0, 0x00000289dc46b540, 0x00000289dc46bbd0,
0x00000289f3ecbc60, 0x00000289f3ecc2f0, 0x00000289f3ec9500, 0x00000289d1526400,
0x00000289ddcc8150, 0x00000289ddcc7ac0, 0x00000289d95b5ad0, 0x00000289d95b6160,
0x00000289d95b6e80, 0x00000289d15256e0, 0x00000289d1527120, 0x00000289d1525d70,
0x00000289d15277b0, 0x00000289d1527e40, 0x00000289d15284d0, 0x00000289d1528b60,
0x00000289daa113b0, 0x00000289daa120d0, 0x00000289daa12760, 0x00000289daa10d20,
0x00000289daa13480, 0x00000289d60bc580, 0x00000289d60bf370, 0x00000289d60bcc10,
0x00000289daa10690, 0x00000289d60bd2a0, 0x00000289d3270020, 0x00000289daa12df0,
0x00000289d3271a60, 0x00000289d32706b0, 0x00000289d326f300, 0x00000289ddcc6080,
0x00000289ddcc6da0, 0x00000289ddcc87e0, 0x00000289ddcc7430, 0x00000289ddcc8e70,
0x00000289ddcc6710, 0x00000289ddcc9500, 0x00000289d4489fe0, 0x00000289ecf18ba0,
0x00000289ecf17160, 0x00000289f34120e0, 0x00000289f3412770, 0x00000289f3413490,
0x00000289f3412e00, 0x00000289f34106a0, 0x00000289f3410010, 0x00000289f3410d30,
0x00000289f34113c0, 0x00000289f3411a50, 0x00000289ecf16440, 0x00000289da6e7130,
0x00000289da6e77c0, 0x00000289da6e7e50, 0x00000289d448ba20, 0x00000289d448b390,
0x00000289d326f990, 0x00000289da6e84e0, 0x00000289d334d900, 0x00000289d334f340,
0x00000289d3350d80, 0x00000289d334df90, 0x00000289d334ecb0, 0x00000289d334f9d0,
0x00000289d334e620, 0x00000289d3350060, 0x00000289d33506f0, 0x00000289ee1159c0,
0x00000289ee1187b0, 0x00000289ee116050, 0x00000289ee118120, 0x00000289ee1166e0,
0x00000289d4489950, 0x00000289d44892c0, 0x00000289dba8e7c0, 0x00000289dba90890,
0x00000289dba8d410, 0x00000289dba8ee50, 0x00000289dba90f20, 0x00000289dba8f4e0,
0x00000289dba915b0, 0x00000289daa13b10, 0x00000289ee115330, 0x00000289dd443a10,
0x00000289dd4412b0, 0x00000289dd441940, 0x00000289dd442660, 0x00000289d799e130,
0x00000289db10ec80, 0x00000289db10d8d0, 0x00000289db10df60, 0x00000289db10e5f0,
0x00000289d7faebb0, 0x00000289d32713d0, 0x00000289df1d2b80, 0x00000289d5ebcd80,
0x00000289d5ebc060, 0x00000289de9ab870, 0x00000289eeed9b30, 0x00000289dcad39a0,
0x00000289f30f2060, 0x00000289d5ebee50, 0x00000289d8f8f8c0, 0x00000289d8ccfe60,
0x00000289daa11a40, 0x00000289df310fa0, 0x00000289de9acc20, 0x00000289df311630,
0x00000289df311cc0, 0x00000289f30f2730, 0x00000289d11b0530, 0x00000289ec71bba0
}
_to_delete_list=0x00000289d8dae550, length=271, elements={
0x00000289af567fc0, 0x00000289cc623200, 0x00000289cc632020, 0x00000289cc643070,
0x00000289cc64bd40, 0x00000289cc651100, 0x00000289cc651b60, 0x00000289cc6525c0,
0x00000289cc65c420, 0x00000289cc66f320, 0x00000289cc941e90, 0x00000289d27c9130,
0x00000289d1f88850, 0x00000289d2b51090, 0x00000289d28de5b0, 0x00000289d2db9320,
0x00000289d2db7f70, 0x00000289d2db5ea0, 0x00000289d2db6530, 0x00000289d3efd810,
0x00000289d3efa390, 0x00000289d3efdea0, 0x00000289d3efaa20, 0x00000289d3efe530,
0x00000289d3efebc0, 0x00000289d3efb740, 0x00000289d3f00c90, 0x00000289d3eff250,
0x00000289d3eff8e0, 0x00000289d3f01320, 0x00000289d3f00600, 0x00000289d3f019b0,
0x00000289d3efff70, 0x00000289d4485e40, 0x00000289d44857b0, 0x00000289d4484a90,
0x00000289d4487f10, 0x00000289d44864d0, 0x00000289de8fecf0, 0x00000289d991fd80,
0x00000289d8400a20, 0x00000289f3ec9b90, 0x00000289ee3839c0, 0x00000289d4486b60,
0x00000289d4487880, 0x00000289d4485120, 0x00000289d448ad00, 0x00000289eddb3e10,
0x00000289d1526a90, 0x00000289d7f64be0, 0x00000289ed6205d0, 0x00000289da6a8cc0,
0x00000289da6a99e0, 0x00000289eddb1020, 0x00000289da723360, 0x00000289da7239f0,
0x00000289da724080, 0x00000289da721920, 0x00000289ec1411d0, 0x00000289ec13e3e0,
0x00000289ec13f100, 0x00000289ec13ea70, 0x00000289ec1404b0, 0x00000289dc42ba20,
0x00000289dc42ad00, 0x00000289ece610d0, 0x00000289ece63830, 0x00000289ece62b10,
0x00000289ece63ec0, 0x00000289ece631a0, 0x00000289ece61df0, 0x00000289ece61760,
0x00000289d83ff670, 0x00000289d84010b0, 0x00000289d83fdc30, 0x00000289d83fe2c0,
0x00000289d83fe950, 0x00000289d83fefe0, 0x00000289d83ffd00, 0x00000289ee9960c0,
0x00000289f33ed620, 0x00000289f33ee340, 0x00000289f33ecf90, 0x00000289f33ee9d0,
0x00000289f33ef060, 0x00000289f33ebbe0, 0x00000289f33ec900, 0x00000289f33edcb0,
0x00000289da7a50a0, 0x00000289da7a5730, 0x00000289da7a3660, 0x00000289d1923080,
0x00000289d1925150, 0x00000289d1923da0, 0x00000289d1923710, 0x00000289eeed94a0,
0x00000289eeeda1c0, 0x00000289eeeda850, 0x00000289eeed7a60, 0x00000289ee9953a0,
0x00000289ee995a30, 0x00000289ee994d10, 0x00000289ee996750, 0x00000289dc42b390,
0x00000289dc42cdd0, 0x00000289dc42c0b0, 0x00000289dc42daf0, 0x00000289dc42e180,
0x00000289dc42d460, 0x00000289dc42c740, 0x00000289df33b100, 0x00000289df33d1d0,
0x00000289df33d860, 0x00000289df33cb40, 0x00000289d6f5f520, 0x00000289d6f5fbb0,
0x00000289d6f60240, 0x00000289d44871f0, 0x00000289d448c0b0, 0x00000289da7a22b0,
0x00000289da7a3cf0, 0x00000289da7a4a10, 0x00000289da7a4380, 0x00000289f3ecc980,
0x00000289f3eca220, 0x00000289f3eca8b0, 0x00000289f3ecaf40, 0x00000289f3ecb5d0,
0x00000289d8c162d0, 0x00000289f33ec270, 0x00000289dc46cf80, 0x00000289dc46dca0,
0x00000289d8f8f1f0, 0x00000289dcad6280, 0x00000289dcad4e10, 0x00000289d19257e0,
0x00000289d1925e70, 0x00000289d6f608d0, 0x00000289d6f61c80, 0x00000289d66673b0,
0x00000289d6667a40, 0x00000289d66680d0, 0x00000289dd4440a0, 0x00000289dd440c20,
0x00000289dd441fd0, 0x00000289dd442cf0, 0x00000289dd443380, 0x00000289d1926500,
0x00000289d8cd2c50, 0x00000289ecf9fb30, 0x00000289d3270d40, 0x00000289ed622010,
0x00000289ed61eb90, 0x00000289dc46c260, 0x00000289dc46d610, 0x00000289dc46e330,
0x00000289dc46e9c0, 0x00000289dc46c8f0, 0x00000289dc46b540, 0x00000289dc46bbd0,
0x00000289f3ecbc60, 0x00000289f3ecc2f0, 0x00000289f3ec9500, 0x00000289d1526400,
0x00000289ddcc8150, 0x00000289ddcc7ac0, 0x00000289d95b5ad0, 0x00000289d95b6160,
0x00000289d95b6e80, 0x00000289d15256e0, 0x00000289d1527120, 0x00000289d1525d70,
0x00000289d15277b0, 0x00000289d1527e40, 0x00000289d15284d0, 0x00000289d1528b60,
0x00000289daa113b0, 0x00000289daa120d0, 0x00000289daa12760, 0x00000289daa10d20,
0x00000289daa13480, 0x00000289d60bc580, 0x00000289d60bf370, 0x00000289d60bcc10,
0x00000289daa10690, 0x00000289d60bd2a0, 0x00000289d3270020, 0x00000289daa12df0,
0x00000289d3271a60, 0x00000289d32706b0, 0x00000289d326f300, 0x00000289ddcc6080,
0x00000289ddcc6da0, 0x00000289ddcc87e0, 0x00000289ddcc7430, 0x00000289ddcc8e70,
0x00000289ddcc6710, 0x00000289ddcc9500, 0x00000289d4489fe0, 0x00000289ecf18ba0,
0x00000289ecf17160, 0x00000289f34120e0, 0x00000289f3412770, 0x00000289f3413490,
0x00000289f3412e00, 0x00000289f34106a0, 0x00000289f3410010, 0x00000289f3410d30,
0x00000289f34113c0, 0x00000289f3411a50, 0x00000289ecf16440, 0x00000289da6e7130,
0x00000289da6e77c0, 0x00000289da6e7e50, 0x00000289d448ba20, 0x00000289d448b390,
0x00000289d326f990, 0x00000289da6e84e0, 0x00000289d334d900, 0x00000289d334f340,
0x00000289d3350d80, 0x00000289d334df90, 0x00000289d334ecb0, 0x00000289d334f9d0,
0x00000289d334e620, 0x00000289d3350060, 0x00000289d33506f0, 0x00000289ee1159c0,
0x00000289ee1187b0, 0x00000289ee116050, 0x00000289ee118120, 0x00000289ee1166e0,
0x00000289d4489950, 0x00000289d44892c0, 0x00000289dba8e7c0, 0x00000289dba90890,
0x00000289dba8d410, 0x00000289dba8ee50, 0x00000289dba90f20, 0x00000289dba8f4e0,
0x00000289dba915b0, 0x00000289daa13b10, 0x00000289ee115330, 0x00000289dd443a10,
0x00000289dd4412b0, 0x00000289dd441940, 0x00000289dd442660, 0x00000289d799e130,
0x00000289db10ec80, 0x00000289db10d8d0, 0x00000289db10df60, 0x00000289db10e5f0,
0x00000289d7faebb0, 0x00000289d32713d0, 0x00000289df1d2b80, 0x00000289d5ebcd80,
0x00000289d5ebc060, 0x00000289de9ab870, 0x00000289eeed9b30, 0x00000289dcad39a0,
0x00000289f30f2060, 0x00000289d5ebee50, 0x00000289d8f8f8c0, 0x00000289d8ccfe60,
0x00000289daa11a40, 0x00000289df310fa0, 0x00000289de9acc20, 0x00000289df311630,
0x00000289df311cc0, 0x00000289f30f2730, 0x00000289d11b0530
}

Java Threads: ( => current thread )
  0x00000289af567fc0 JavaThread "main"                              [_thread_blocked, id=15668, stack(0x000000ec77700000,0x000000ec77800000) (1024K)]
  0x00000289cc623200 JavaThread "Common-Cleaner"             daemon [_thread_blocked, id=13300, stack(0x000000ec77f00000,0x000000ec78000000) (1024K)]
  0x00000289cc632020 JavaThread "Reference Handler"          daemon [_thread_blocked, id=7352, stack(0x000000ec78000000,0x000000ec78100000) (1024K)]
  0x00000289cc643070 JavaThread "Finalizer"                  daemon [_thread_blocked, id=8984, stack(0x000000ec78100000,0x000000ec78200000) (1024K)]
  0x00000289cc64bd40 JavaThread "Signal Dispatcher"          daemon [_thread_blocked, id=7376, stack(0x000000ec78200000,0x000000ec78300000) (1024K)]
  0x00000289cc651100 JavaThread "Attach Listener"            daemon [_thread_blocked, id=1368, stack(0x000000ec78300000,0x000000ec78400000) (1024K)]
  0x00000289cc651b60 JavaThread "Service Thread"             daemon [_thread_blocked, id=8112, stack(0x000000ec78400000,0x000000ec78500000) (1024K)]
  0x00000289cc6525c0 JavaThread "Monitor Deflation Thread"   daemon [_thread_blocked, id=19388, stack(0x000000ec78500000,0x000000ec78600000) (1024K)]
  0x00000289cc65c420 JavaThread "C2 CompilerThread0"         daemon [_thread_blocked, id=19812, stack(0x000000ec78600000,0x000000ec78700000) (1024K)]
  0x00000289cc66f320 JavaThread "C1 CompilerThread0"         daemon [_thread_blocked, id=19568, stack(0x000000ec78700000,0x000000ec78800000) (1024K)]
  0x00000289cc941e90 JavaThread "Notification Thread"        daemon [_thread_blocked, id=19904, stack(0x000000ec78900000,0x000000ec78a00000) (1024K)]
  0x00000289d27c9130 JavaThread "Daemon health stats"               [_thread_blocked, id=19420, stack(0x000000ec78b00000,0x000000ec78c00000) (1024K)]
  0x00000289d1f88850 JavaThread "Incoming local TCP Connector on port 60609"        [_thread_in_native, id=22340, stack(0x000000ec79300000,0x000000ec79400000) (1024K)]
  0x00000289d2b51090 JavaThread "Daemon periodic checks"            [_thread_blocked, id=7844, stack(0x000000ec79400000,0x000000ec79500000) (1024K)]
  0x00000289d28de5b0 JavaThread "Daemon"                            [_thread_blocked, id=9088, stack(0x000000ec79500000,0x000000ec79600000) (1024K)]
  0x00000289d2db9320 JavaThread "Daemon worker"                     [_thread_blocked, id=8180, stack(0x000000ec7a200000,0x000000ec7a300000) (1024K)]
  0x00000289d2db7f70 JavaThread "Cache worker for journal cache (D:\Kotlin And Android Dev\Android Studio\.gradle\caches\journal-1)"        [_thread_blocked, id=2148, stack(0x000000ec7a600000,0x000000ec7a700000) (1024K)]
  0x00000289d2db5ea0 JavaThread "File lock request listener"        [_thread_in_native, id=12016, stack(0x000000ec7a700000,0x000000ec7a800000) (1024K)]
  0x00000289d2db6530 JavaThread "Cache worker for file hash cache (D:\Kotlin And Android Dev\Android Studio\.gradle\caches\9.1.0\fileHashes)"        [_thread_blocked, id=18464, stack(0x000000ec7a800000,0x000000ec7a900000) (1024K)]
  0x00000289d3efd810 JavaThread "File watcher server"        daemon [_thread_blocked, id=5056, stack(0x000000ec7a900000,0x000000ec7aa00000) (1024K)]
  0x00000289d3efa390 JavaThread "File watcher consumer"      daemon [_thread_blocked, id=19364, stack(0x000000ec7ac00000,0x000000ec7ad00000) (1024K)]
  0x00000289d3efdea0 JavaThread "jar transforms"                    [_thread_blocked, id=15200, stack(0x000000ec78a00000,0x000000ec78b00000) (1024K)]
  0x00000289d3efaa20 JavaThread "jar transforms Thread 2"           [_thread_blocked, id=5716, stack(0x000000ec79200000,0x000000ec79300000) (1024K)]
  0x00000289d3efe530 JavaThread "jar transforms Thread 3"           [_thread_blocked, id=21824, stack(0x000000ec7ad00000,0x000000ec7ae00000) (1024K)]
  0x00000289d3efebc0 JavaThread "jar transforms Thread 4"           [_thread_blocked, id=7392, stack(0x000000ec7ae00000,0x000000ec7af00000) (1024K)]
  0x00000289d3efb740 JavaThread "jar transforms Thread 5"           [_thread_blocked, id=8108, stack(0x000000ec7af00000,0x000000ec7b000000) (1024K)]
  0x00000289d3f00c90 JavaThread "jar transforms Thread 6"           [_thread_blocked, id=19312, stack(0x000000ec7b000000,0x000000ec7b100000) (1024K)]
  0x00000289d3eff250 JavaThread "jar transforms Thread 7"           [_thread_blocked, id=3824, stack(0x000000ec7b100000,0x000000ec7b200000) (1024K)]
  0x00000289d3eff8e0 JavaThread "jar transforms Thread 8"           [_thread_blocked, id=12012, stack(0x000000ec7b200000,0x000000ec7b300000) (1024K)]
  0x00000289d3f01320 JavaThread "jar transforms Thread 9"           [_thread_blocked, id=14660, stack(0x000000ec7b300000,0x000000ec7b400000) (1024K)]
  0x00000289d3f00600 JavaThread "jar transforms Thread 10"          [_thread_blocked, id=16900, stack(0x000000ec7b400000,0x000000ec7b500000) (1024K)]
  0x00000289d3f019b0 JavaThread "jar transforms Thread 11"          [_thread_blocked, id=3908, stack(0x000000ec7b500000,0x000000ec7b600000) (1024K)]
  0x00000289d3efff70 JavaThread "jar transforms Thread 12"          [_thread_blocked, id=3904, stack(0x000000ec7b600000,0x000000ec7b700000) (1024K)]
  0x00000289d4485e40 JavaThread "jar transforms Thread 13"          [_thread_blocked, id=9204, stack(0x000000ec7b700000,0x000000ec7b800000) (1024K)]
  0x00000289d44857b0 JavaThread "jar transforms Thread 14"          [_thread_blocked, id=18032, stack(0x000000ec7b800000,0x000000ec7b900000) (1024K)]
  0x00000289d4484a90 JavaThread "jar transforms Thread 15"          [_thread_blocked, id=9412, stack(0x000000ec7b900000,0x000000ec7ba00000) (1024K)]
  0x00000289d4487f10 JavaThread "jar transforms Thread 16"          [_thread_blocked, id=13620, stack(0x000000ec7ba00000,0x000000ec7bb00000) (1024K)]
  0x00000289d44864d0 JavaThread "Cache worker for file content cache (D:\Kotlin And Android Dev\Android Studio\.gradle\caches\9.1.0\fileContent)"        [_thread_blocked, id=17868, stack(0x000000ec7bf00000,0x000000ec7c000000) (1024K)]
  0x00000289de8fecf0 JavaThread "Memory manager"                    [_thread_blocked, id=11300, stack(0x000000ec00900000,0x000000ec00a00000) (1024K)]
  0x00000289d991fd80 JavaThread "pool-3-thread-1"                   [_thread_blocked, id=18408, stack(0x000000ec01000000,0x000000ec01100000) (1024K)]
  0x00000289d8400a20 JavaThread "VFS cleanup"                       [_thread_blocked, id=13232, stack(0x000000ec00000000,0x000000ec00100000) (1024K)]
  0x00000289f3ec9b90 JavaThread "pool-7-thread-1"                   [_thread_blocked, id=9900, stack(0x000000ec04b00000,0x000000ec04c00000) (1024K)]
  0x00000289ee3839c0 JavaThread "included builds"                   [_thread_blocked, id=21080, stack(0x000000ec00800000,0x000000ec00900000) (1024K)]
  0x00000289d4486b60 JavaThread "RMI Scheduler(0)"           daemon [_thread_blocked, id=22156, stack(0x000000ec09400000,0x000000ec09500000) (1024K)]
  0x00000289d4487880 JavaThread "RMI GC Daemon"              daemon [_thread_blocked, id=12228, stack(0x000000ec09600000,0x000000ec09700000) (1024K)]
  0x00000289d4485120 JavaThread "RMI TCP Accept-0"           daemon [_thread_in_native, id=3728, stack(0x000000ec09800000,0x000000ec09900000) (1024K)]
  0x00000289d448ad00 JavaThread "RMI Reaper"                        [_thread_blocked, id=7788, stack(0x000000ec09900000,0x000000ec09a00000) (1024K)]
  0x00000289eddb3e10 JavaThread "RMI TCP Connection(idle)"   daemon [_thread_blocked, id=19948, stack(0x000000ec09a00000,0x000000ec09b00000) (1024K)]
  0x00000289d1526a90 JavaThread "Exec process"                      [_thread_blocked, id=12232, stack(0x000000ec09000000,0x000000ec09100000) (1024K)]
  0x00000289d7f64be0 JavaThread "Exec process Thread 2"             [_thread_blocked, id=19608, stack(0x000000ec09100000,0x000000ec09200000) (1024K)]
  0x00000289ed6205d0 JavaThread "Exec process Thread 3"             [_thread_blocked, id=10508, stack(0x000000ec09200000,0x000000ec09300000) (1024K)]
  0x00000289da6a8cc0 JavaThread "Handler for socket connection from /127.0.0.1:60609 to /127.0.0.1:64502"        [_thread_in_native, id=944, stack(0x000000ec00100000,0x000000ec00200000) (1024K)]
  0x00000289da6a99e0 JavaThread "Cancel handler"                    [_thread_blocked, id=21912, stack(0x000000ec00200000,0x000000ec00300000) (1024K)]
  0x00000289eddb1020 JavaThread "Asynchronous log dispatcher for DefaultDaemonConnection: socket connection from /127.0.0.1:60609 to /127.0.0.1:64502"        [_thread_blocked, id=14488, stack(0x000000ec00300000,0x000000ec00400000) (1024K)]
  0x00000289da723360 JavaThread "Stdin handler"                     [_thread_blocked, id=20332, stack(0x000000ec00400000,0x000000ec00500000) (1024K)]
  0x00000289da7239f0 JavaThread "Daemon client event forwarder"        [_thread_blocked, id=11756, stack(0x000000ec00500000,0x000000ec00600000) (1024K)]
  0x00000289da724080 JavaThread "Cache worker for file hash cache (D:\Kotlin And Android Dev\Multi Platform Projects\Travenor\.gradle\9.1.0\fileHashes)"        [_thread_blocked, id=20140, stack(0x000000ec00600000,0x000000ec00700000) (1024K)]
  0x00000289da721920 JavaThread "Cache worker for checksums cache (D:\Kotlin And Android Dev\Multi Platform Projects\Travenor\.gradle\9.1.0\checksums)"        [_thread_blocked, id=14780, stack(0x000000ec00700000,0x000000ec00800000) (1024K)]
  0x00000289ec1411d0 JavaThread "Cache worker for Build Output Cleanup Cache (D:\Kotlin And Android Dev\Multi Platform Projects\Travenor\.gradle\buildOutputCleanup)"        [_thread_blocked, id=9072, stack(0x000000ec00a00000,0x000000ec00b00000) (1024K)]
  0x00000289ec13e3e0 JavaThread "Cache worker for cache directory md-supplier (D:\Kotlin And Android Dev\Android Studio\.gradle\caches\9.1.0\md-supplier)"        [_thread_blocked, id=1288, stack(0x000000ec00b00000,0x000000ec00c00000) (1024K)]
  0x00000289ec13f100 JavaThread "Cache worker for cache directory md-rule (D:\Kotlin And Android Dev\Android Studio\.gradle\caches\9.1.0\md-rule)"        [_thread_blocked, id=1112, stack(0x000000ec00c00000,0x000000ec00d00000) (1024K)]
  0x00000289ec13ea70 JavaThread "Unconstrained build operations"        [_thread_blocked, id=21792, stack(0x000000ec00d00000,0x000000ec00e00000) (1024K)]
  0x00000289ec1404b0 JavaThread "Unconstrained build operations Thread 2"        [_thread_blocked, id=18004, stack(0x000000ec00e00000,0x000000ec00f00000) (1024K)]
  0x00000289dc42ba20 JavaThread "Unconstrained build operations Thread 3"        [_thread_blocked, id=7948, stack(0x000000ec00f00000,0x000000ec01000000) (1024K)]
  0x00000289dc42ad00 JavaThread "Unconstrained build operations Thread 4"        [_thread_blocked, id=16120, stack(0x000000ec01100000,0x000000ec01200000) (1024K)]
  0x00000289ece610d0 JavaThread "Unconstrained build operations Thread 5"        [_thread_blocked, id=20692, stack(0x000000ec01200000,0x000000ec01300000) (1024K)]
  0x00000289ece63830 JavaThread "Unconstrained build operations Thread 6"        [_thread_blocked, id=16992, stack(0x000000ec01300000,0x000000ec01400000) (1024K)]
  0x00000289ece62b10 JavaThread "Unconstrained build operations Thread 7"        [_thread_blocked, id=19620, stack(0x000000ec01400000,0x000000ec01500000) (1024K)]
  0x00000289ece63ec0 JavaThread "Unconstrained build operations Thread 8"        [_thread_blocked, id=3864, stack(0x000000ec01500000,0x000000ec01600000) (1024K)]
  0x00000289ece631a0 JavaThread "Unconstrained build operations Thread 9"        [_thread_blocked, id=20820, stack(0x000000ec01600000,0x000000ec01700000) (1024K)]
  0x00000289ece61df0 JavaThread "Unconstrained build operations Thread 10"        [_thread_blocked, id=5084, stack(0x000000ec01700000,0x000000ec01800000) (1024K)]
  0x00000289ece61760 JavaThread "Unconstrained build operations Thread 11"        [_thread_blocked, id=20084, stack(0x000000ec01b00000,0x000000ec01c00000) (1024K)]
  0x00000289d83ff670 JavaThread "Unconstrained build operations Thread 12"        [_thread_blocked, id=7568, stack(0x000000ec01c00000,0x000000ec01d00000) (1024K)]
  0x00000289d84010b0 JavaThread "Unconstrained build operations Thread 13"        [_thread_blocked, id=13788, stack(0x000000ec01d00000,0x000000ec01e00000) (1024K)]
  0x00000289d83fdc30 JavaThread "Unconstrained build operations Thread 14"        [_thread_blocked, id=13808, stack(0x000000ec01e00000,0x000000ec01f00000) (1024K)]
  0x00000289d83fe2c0 JavaThread "Unconstrained build operations Thread 15"        [_thread_blocked, id=11860, stack(0x000000ec01f00000,0x000000ec02000000) (1024K)]
  0x00000289d83fe950 JavaThread "Unconstrained build operations Thread 16"        [_thread_blocked, id=6380, stack(0x000000ec02100000,0x000000ec02200000) (1024K)]
  0x00000289d83fefe0 JavaThread "Unconstrained build operations Thread 17"        [_thread_blocked, id=11788, stack(0x000000ec02200000,0x000000ec02300000) (1024K)]
  0x00000289d83ffd00 JavaThread "Unconstrained build operations Thread 18"        [_thread_blocked, id=21108, stack(0x000000ec02300000,0x000000ec02400000) (1024K)]
  0x00000289ee9960c0 JavaThread "Unconstrained build operations Thread 19"        [_thread_blocked, id=12620, stack(0x000000ec02400000,0x000000ec02500000) (1024K)]
  0x00000289f33ed620 JavaThread "Unconstrained build operations Thread 20"        [_thread_blocked, id=19340, stack(0x000000ec02500000,0x000000ec02600000) (1024K)]
  0x00000289f33ee340 JavaThread "Unconstrained build operations Thread 21"        [_thread_blocked, id=18932, stack(0x000000ec02600000,0x000000ec02700000) (1024K)]
  0x00000289f33ecf90 JavaThread "Unconstrained build operations Thread 22"        [_thread_blocked, id=18828, stack(0x000000ec02700000,0x000000ec02800000) (1024K)]
  0x00000289f33ee9d0 JavaThread "Configuration cache report writer"        [_thread_blocked, id=13880, stack(0x000000ec02800000,0x000000ec02900000) (1024K)]
  0x00000289f33ef060 JavaThread "Unconstrained build operations Thread 23"        [_thread_blocked, id=20320, stack(0x000000ec02900000,0x000000ec02a00000) (1024K)]
  0x00000289f33ebbe0 JavaThread "Unconstrained build operations Thread 24"        [_thread_blocked, id=17652, stack(0x000000ec02a00000,0x000000ec02b00000) (1024K)]
  0x00000289f33ec900 JavaThread "Unconstrained build operations Thread 25"        [_thread_blocked, id=15068, stack(0x000000ec02b00000,0x000000ec02c00000) (1024K)]
  0x00000289f33edcb0 JavaThread "Unconstrained build operations Thread 26"        [_thread_blocked, id=17036, stack(0x000000ec02c00000,0x000000ec02d00000) (1024K)]
  0x00000289da7a50a0 JavaThread "Unconstrained build operations Thread 27"        [_thread_blocked, id=16528, stack(0x000000ec02d00000,0x000000ec02e00000) (1024K)]
  0x00000289da7a5730 JavaThread "Unconstrained build operations Thread 28"        [_thread_blocked, id=16696, stack(0x000000ec02e00000,0x000000ec02f00000) (1024K)]
  0x00000289da7a3660 JavaThread "Unconstrained build operations Thread 29"        [_thread_blocked, id=16520, stack(0x000000ec02f00000,0x000000ec03000000) (1024K)]
  0x00000289d1923080 JavaThread "Unconstrained build operations Thread 30"        [_thread_blocked, id=8820, stack(0x000000ec03000000,0x000000ec03100000) (1024K)]
  0x00000289d1925150 JavaThread "Unconstrained build operations Thread 31"        [_thread_blocked, id=2084, stack(0x000000ec03100000,0x000000ec03200000) (1024K)]
  0x00000289d1923da0 JavaThread "Unconstrained build operations Thread 32"        [_thread_blocked, id=16740, stack(0x000000ec03200000,0x000000ec03300000) (1024K)]
  0x00000289d1923710 JavaThread "Unconstrained build operations Thread 33"        [_thread_blocked, id=21068, stack(0x000000ec03300000,0x000000ec03400000) (1024K)]
  0x00000289eeed94a0 JavaThread "Unconstrained build operations Thread 34"        [_thread_blocked, id=11936, stack(0x000000ec03400000,0x000000ec03500000) (1024K)]
  0x00000289eeeda1c0 JavaThread "Unconstrained build operations Thread 35"        [_thread_blocked, id=15796, stack(0x000000ec03500000,0x000000ec03600000) (1024K)]
  0x00000289eeeda850 JavaThread "Unconstrained build operations Thread 36"        [_thread_blocked, id=12588, stack(0x000000ec03600000,0x000000ec03700000) (1024K)]
  0x00000289eeed7a60 JavaThread "Unconstrained build operations Thread 37"        [_thread_blocked, id=19836, stack(0x000000ec03700000,0x000000ec03800000) (1024K)]
  0x00000289ee9953a0 JavaThread "Unconstrained build operations Thread 38"        [_thread_blocked, id=6444, stack(0x000000ec03800000,0x000000ec03900000) (1024K)]
  0x00000289ee995a30 JavaThread "Unconstrained build operations Thread 39"        [_thread_blocked, id=13036, stack(0x000000ec03900000,0x000000ec03a00000) (1024K)]
  0x00000289ee994d10 JavaThread "Unconstrained build operations Thread 40"        [_thread_blocked, id=19516, stack(0x000000ec03a00000,0x000000ec03b00000) (1024K)]
  0x00000289ee996750 JavaThread "Unconstrained build operations Thread 41"        [_thread_blocked, id=21528, stack(0x000000ec03b00000,0x000000ec03c00000) (1024K)]
  0x00000289dc42b390 JavaThread "Unconstrained build operations Thread 42"        [_thread_blocked, id=4264, stack(0x000000ec03c00000,0x000000ec03d00000) (1024K)]
  0x00000289dc42cdd0 JavaThread "Unconstrained build operations Thread 43"        [_thread_blocked, id=10056, stack(0x000000ec03d00000,0x000000ec03e00000) (1024K)]
  0x00000289dc42c0b0 JavaThread "Unconstrained build operations Thread 44"        [_thread_blocked, id=20452, stack(0x000000ec03e00000,0x000000ec03f00000) (1024K)]
  0x00000289dc42daf0 JavaThread "Unconstrained build operations Thread 45"        [_thread_blocked, id=9504, stack(0x000000ec03f00000,0x000000ec04000000) (1024K)]
  0x00000289dc42e180 JavaThread "Unconstrained build operations Thread 46"        [_thread_blocked, id=11244, stack(0x000000ec04000000,0x000000ec04100000) (1024K)]
  0x00000289dc42d460 JavaThread "Unconstrained build operations Thread 47"        [_thread_blocked, id=21836, stack(0x000000ec04100000,0x000000ec04200000) (1024K)]
  0x00000289dc42c740 JavaThread "Unconstrained build operations Thread 48"        [_thread_blocked, id=18208, stack(0x000000ec04200000,0x000000ec04300000) (1024K)]
  0x00000289df33b100 JavaThread "Unconstrained build operations Thread 49"        [_thread_blocked, id=10080, stack(0x000000ec04300000,0x000000ec04400000) (1024K)]
  0x00000289df33d1d0 JavaThread "Unconstrained build operations Thread 50"        [_thread_blocked, id=18524, stack(0x000000ec04400000,0x000000ec04500000) (1024K)]
  0x00000289df33d860 JavaThread "Unconstrained build operations Thread 51"        [_thread_blocked, id=17020, stack(0x000000ec04500000,0x000000ec04600000) (1024K)]
  0x00000289df33cb40 JavaThread "Unconstrained build operations Thread 52"        [_thread_blocked, id=19392, stack(0x000000ec04600000,0x000000ec04700000) (1024K)]
  0x00000289d6f5f520 JavaThread "build event listener"              [_thread_blocked, id=18800, stack(0x000000ec04700000,0x000000ec04800000) (1024K)]
  0x00000289d6f5fbb0 JavaThread "Problems report writer"            [_thread_blocked, id=15092, stack(0x000000ec04800000,0x000000ec04900000) (1024K)]
  0x00000289d6f60240 JavaThread "build event listener"              [_thread_blocked, id=3604, stack(0x000000ec04900000,0x000000ec04a00000) (1024K)]
  0x00000289d44871f0 JavaThread "pool-10-thread-1"                  [_thread_blocked, id=12200, stack(0x000000ec04c00000,0x000000ec04d00000) (1024K)]
  0x00000289d448c0b0 JavaThread "build event listener"              [_thread_blocked, id=5740, stack(0x000000ec04d00000,0x000000ec04e00000) (1024K)]
  0x00000289da7a22b0 JavaThread "Build operations"                  [_thread_blocked, id=19696, stack(0x000000ec04e00000,0x000000ec04f00000) (1024K)]
  0x00000289da7a3cf0 JavaThread "Unconstrained build operations Thread 53"        [_thread_blocked, id=19208, stack(0x000000ec05200000,0x000000ec05300000) (1024K)]
  0x00000289da7a4a10 JavaThread "Unconstrained build operations Thread 54"        [_thread_blocked, id=14400, stack(0x000000ec05300000,0x000000ec05400000) (1024K)]
  0x00000289da7a4380 JavaThread "Unconstrained build operations Thread 55"        [_thread_blocked, id=11604, stack(0x000000ec05400000,0x000000ec05500000) (1024K)]
  0x00000289f3ecc980 JavaThread "Unconstrained build operations Thread 56"        [_thread_blocked, id=11600, stack(0x000000ec05500000,0x000000ec05600000) (1024K)]
  0x00000289f3eca220 JavaThread "Unconstrained build operations Thread 57"        [_thread_blocked, id=16136, stack(0x000000ec05600000,0x000000ec05700000) (1024K)]
  0x00000289f3eca8b0 JavaThread "Unconstrained build operations Thread 58"        [_thread_blocked, id=21396, stack(0x000000ec05700000,0x000000ec05800000) (1024K)]
  0x00000289f3ecaf40 JavaThread "Unconstrained build operations Thread 59"        [_thread_blocked, id=12308, stack(0x000000ec05800000,0x000000ec05900000) (1024K)]
  0x00000289f3ecb5d0 JavaThread "Unconstrained build operations Thread 60"        [_thread_blocked, id=16052, stack(0x000000ec05900000,0x000000ec05a00000) (1024K)]
  0x00000289d8c162d0 JavaThread "Unconstrained build operations Thread 61"        [_thread_blocked, id=19740, stack(0x000000ec05a00000,0x000000ec05b00000) (1024K)]
  0x00000289f33ec270 JavaThread "Unconstrained build operations Thread 62"        [_thread_blocked, id=4872, stack(0x000000ec05b00000,0x000000ec05c00000) (1024K)]
  0x00000289dc46cf80 JavaThread "Unconstrained build operations Thread 63"        [_thread_blocked, id=17856, stack(0x000000ec05c00000,0x000000ec05d00000) (1024K)]
  0x00000289dc46dca0 JavaThread "Unconstrained build operations Thread 64"        [_thread_blocked, id=3228, stack(0x000000ec05f00000,0x000000ec06000000) (1024K)]
  0x00000289d8f8f1f0 JavaThread "C1 CompilerThread1"         daemon [_thread_blocked, id=3416, stack(0x000000ec01a00000,0x000000ec01b00000) (1024K)]
  0x00000289dcad6280 JavaThread "C2 CompilerThread1"         daemon [_thread_blocked, id=1444, stack(0x000000ec01800000,0x000000ec01900000) (1024K)]
  0x00000289dcad4e10 JavaThread "C2 CompilerThread2"         daemon [_thread_in_native, id=6636, stack(0x000000ec01900000,0x000000ec01a00000) (1024K)]
  0x00000289d19257e0 JavaThread "Build operations Thread 2"         [_thread_blocked, id=19744, stack(0x000000ec04f00000,0x000000ec05000000) (1024K)]
  0x00000289d1925e70 JavaThread "included builds"                   [_thread_blocked, id=14648, stack(0x000000ec04a00000,0x000000ec04b00000) (1024K)]
  0x00000289d6f608d0 JavaThread "Execution worker"                  [_thread_blocked, id=6264, stack(0x000000ec05000000,0x000000ec05100000) (1024K)]
  0x00000289d6f61c80 JavaThread "Execution worker Thread 2"         [_thread_blocked, id=10656, stack(0x000000ec05100000,0x000000ec05200000) (1024K)]
  0x00000289d66673b0 JavaThread "Execution worker Thread 3"         [_thread_blocked, id=11000, stack(0x000000ec06000000,0x000000ec06100000) (1024K)]
  0x00000289d6667a40 JavaThread "Execution worker Thread 4"         [_thread_blocked, id=18952, stack(0x000000ec06100000,0x000000ec06200000) (1024K)]
  0x00000289d66680d0 JavaThread "Execution worker Thread 5"         [_thread_blocked, id=12600, stack(0x000000ec06200000,0x000000ec06300000) (1024K)]
  0x00000289dd4440a0 JavaThread "Execution worker Thread 6"         [_thread_blocked, id=19868, stack(0x000000ec06300000,0x000000ec06400000) (1024K)]
  0x00000289dd440c20 JavaThread "Execution worker Thread 7"         [_thread_blocked, id=4844, stack(0x000000ec06400000,0x000000ec06500000) (1024K)]
  0x00000289dd441fd0 JavaThread "Execution worker Thread 8"         [_thread_blocked, id=2400, stack(0x000000ec06500000,0x000000ec06600000) (1024K)]
  0x00000289dd442cf0 JavaThread "Execution worker Thread 9"         [_thread_blocked, id=22272, stack(0x000000ec06600000,0x000000ec06700000) (1024K)]
  0x00000289dd443380 JavaThread "Execution worker Thread 10"        [_thread_blocked, id=17044, stack(0x000000ec06700000,0x000000ec06800000) (1024K)]
  0x00000289d1926500 JavaThread "Execution worker Thread 11"        [_thread_blocked, id=19256, stack(0x000000ec06800000,0x000000ec06900000) (1024K)]
  0x00000289d8cd2c50 JavaThread "Cache worker for execution history cache (D:\Kotlin And Android Dev\Multi Platform Projects\Travenor\.gradle\9.1.0\executionHistory)"        [_thread_blocked, id=9660, stack(0x000000ec06900000,0x000000ec06a00000) (1024K)]
  0x00000289ecf9fb30 JavaThread "Execution worker Thread 12"        [_thread_blocked, id=9108, stack(0x000000ec06a00000,0x000000ec06b00000) (1024K)]
  0x00000289d3270d40 JavaThread "Execution worker Thread 13"        [_thread_blocked, id=4416, stack(0x000000ec06b00000,0x000000ec06c00000) (1024K)]
  0x00000289ed622010 JavaThread "Execution worker Thread 14"        [_thread_blocked, id=16780, stack(0x000000ec06c00000,0x000000ec06d00000) (1024K)]
  0x00000289ed61eb90 JavaThread "Execution worker Thread 15"        [_thread_blocked, id=15024, stack(0x000000ec06d00000,0x000000ec06e00000) (1024K)]
  0x00000289dc46c260 JavaThread "Unconstrained build operations Thread 65"        [_thread_blocked, id=18492, stack(0x000000ec06f00000,0x000000ec07000000) (1024K)]
  0x00000289dc46d610 JavaThread "Unconstrained build operations Thread 66"        [_thread_blocked, id=5776, stack(0x000000ec07000000,0x000000ec07100000) (1024K)]
  0x00000289dc46e330 JavaThread "Unconstrained build operations Thread 67"        [_thread_blocked, id=19664, stack(0x000000ec07100000,0x000000ec07200000) (1024K)]
  0x00000289dc46e9c0 JavaThread "Unconstrained build operations Thread 68"        [_thread_blocked, id=4560, stack(0x000000ec07200000,0x000000ec07300000) (1024K)]
  0x00000289dc46c8f0 JavaThread "Unconstrained build operations Thread 69"        [_thread_blocked, id=4752, stack(0x000000ec07300000,0x000000ec07400000) (1024K)]
  0x00000289dc46b540 JavaThread "Unconstrained build operations Thread 70"        [_thread_blocked, id=19012, stack(0x000000ec07400000,0x000000ec07500000) (1024K)]
  0x00000289dc46bbd0 JavaThread "Unconstrained build operations Thread 71"        [_thread_blocked, id=19052, stack(0x000000ec07500000,0x000000ec07600000) (1024K)]
  0x00000289f3ecbc60 JavaThread "Unconstrained build operations Thread 72"        [_thread_blocked, id=2448, stack(0x000000ec07800000,0x000000ec07900000) (1024K)]
  0x00000289f3ecc2f0 JavaThread "Unconstrained build operations Thread 73"        [_thread_blocked, id=3276, stack(0x000000ec07900000,0x000000ec07a00000) (1024K)]
  0x00000289f3ec9500 JavaThread "Unconstrained build operations Thread 74"        [_thread_blocked, id=10256, stack(0x000000ec07a00000,0x000000ec07b00000) (1024K)]
  0x00000289d1526400 JavaThread "Unconstrained build operations Thread 75"        [_thread_blocked, id=5036, stack(0x000000ec07b00000,0x000000ec07c00000) (1024K)]
  0x00000289ddcc8150 JavaThread "Unconstrained build operations Thread 76"        [_thread_blocked, id=19024, stack(0x000000ec07c00000,0x000000ec07d00000) (1024K)]
  0x00000289ddcc7ac0 JavaThread "Unconstrained build operations Thread 77"        [_thread_blocked, id=5644, stack(0x000000ec07d00000,0x000000ec07e00000) (1024K)]
  0x00000289d95b5ad0 JavaThread "Unconstrained build operations Thread 79"        [_thread_blocked, id=5316, stack(0x000000ec07e00000,0x000000ec07f00000) (1024K)]
  0x00000289d95b6160 JavaThread "Unconstrained build operations Thread 80"        [_thread_blocked, id=14604, stack(0x000000ec07f00000,0x000000ec08000000) (1024K)]
  0x00000289d95b6e80 JavaThread "Unconstrained build operations Thread 81"        [_thread_blocked, id=21272, stack(0x000000ec08000000,0x000000ec08100000) (1024K)]
  0x00000289d15256e0 JavaThread "Unconstrained build operations Thread 78"        [_thread_blocked, id=9932, stack(0x000000ec08100000,0x000000ec08200000) (1024K)]
  0x00000289d1527120 JavaThread "Unconstrained build operations Thread 82"        [_thread_blocked, id=19400, stack(0x000000ec08200000,0x000000ec08300000) (1024K)]
  0x00000289d1525d70 JavaThread "Unconstrained build operations Thread 83"        [_thread_blocked, id=16472, stack(0x000000ec08300000,0x000000ec08400000) (1024K)]
  0x00000289d15277b0 JavaThread "Unconstrained build operations Thread 84"        [_thread_blocked, id=692, stack(0x000000ec08400000,0x000000ec08500000) (1024K)]
  0x00000289d1527e40 JavaThread "Unconstrained build operations Thread 85"        [_thread_blocked, id=16112, stack(0x000000ec08500000,0x000000ec08600000) (1024K)]
  0x00000289d15284d0 JavaThread "Unconstrained build operations Thread 86"        [_thread_blocked, id=11784, stack(0x000000ec08600000,0x000000ec08700000) (1024K)]
  0x00000289d1528b60 JavaThread "Unconstrained build operations Thread 87"        [_thread_blocked, id=8948, stack(0x000000ec08700000,0x000000ec08800000) (1024K)]
  0x00000289daa113b0 JavaThread "Unconstrained build operations Thread 88"        [_thread_blocked, id=14856, stack(0x000000ec08800000,0x000000ec08900000) (1024K)]
  0x00000289daa120d0 JavaThread "Unconstrained build operations Thread 89"        [_thread_blocked, id=7860, stack(0x000000ec08900000,0x000000ec08a00000) (1024K)]
  0x00000289daa12760 JavaThread "Unconstrained build operations Thread 90"        [_thread_blocked, id=17052, stack(0x000000ec08a00000,0x000000ec08b00000) (1024K)]
  0x00000289daa10d20 JavaThread "Unconstrained build operations Thread 91"        [_thread_blocked, id=13956, stack(0x000000ec08b00000,0x000000ec08c00000) (1024K)]
  0x00000289daa13480 JavaThread "Unconstrained build operations Thread 92"        [_thread_blocked, id=16784, stack(0x000000ec08c00000,0x000000ec08d00000) (1024K)]
  0x00000289d60bc580 JavaThread "Unconstrained build operations Thread 93"        [_thread_blocked, id=21152, stack(0x000000ec08d00000,0x000000ec08e00000) (1024K)]
  0x00000289d60bf370 JavaThread "Unconstrained build operations Thread 94"        [_thread_blocked, id=14700, stack(0x000000ec08e00000,0x000000ec08f00000) (1024K)]
  0x00000289d60bcc10 JavaThread "Unconstrained build operations Thread 95"        [_thread_blocked, id=3584, stack(0x000000ec08f00000,0x000000ec09000000) (1024K)]
  0x00000289daa10690 JavaThread "Unconstrained build operations Thread 96"        [_thread_blocked, id=15204, stack(0x000000ec09300000,0x000000ec09400000) (1024K)]
  0x00000289d60bd2a0 JavaThread "Unconstrained build operations Thread 97"        [_thread_blocked, id=8684, stack(0x000000ec09500000,0x000000ec09600000) (1024K)]
  0x00000289d3270020 JavaThread "Unconstrained build operations Thread 98"        [_thread_blocked, id=21532, stack(0x000000ec09700000,0x000000ec09800000) (1024K)]
  0x00000289daa12df0 JavaThread "Unconstrained build operations Thread 99"        [_thread_blocked, id=21960, stack(0x000000ec09b00000,0x000000ec09c00000) (1024K)]
  0x00000289d3271a60 JavaThread "Unconstrained build operations Thread 100"        [_thread_blocked, id=12692, stack(0x000000ec09c00000,0x000000ec09d00000) (1024K)]
  0x00000289d32706b0 JavaThread "Unconstrained build operations Thread 101"        [_thread_blocked, id=12964, stack(0x000000ec09d00000,0x000000ec09e00000) (1024K)]
  0x00000289d326f300 JavaThread "Unconstrained build operations Thread 102"        [_thread_blocked, id=17588, stack(0x000000ec09e00000,0x000000ec09f00000) (1024K)]
  0x00000289ddcc6080 JavaThread "Unconstrained build operations Thread 103"        [_thread_blocked, id=17960, stack(0x000000ec09f00000,0x000000ec0a000000) (1024K)]
  0x00000289ddcc6da0 JavaThread "Unconstrained build operations Thread 104"        [_thread_blocked, id=8856, stack(0x000000ec0a000000,0x000000ec0a100000) (1024K)]
  0x00000289ddcc87e0 JavaThread "Unconstrained build operations Thread 105"        [_thread_blocked, id=476, stack(0x000000ec0a100000,0x000000ec0a200000) (1024K)]
  0x00000289ddcc7430 JavaThread "Unconstrained build operations Thread 106"        [_thread_blocked, id=19788, stack(0x000000ec0a200000,0x000000ec0a300000) (1024K)]
  0x00000289ddcc8e70 JavaThread "Unconstrained build operations Thread 107"        [_thread_blocked, id=17864, stack(0x000000ec0a300000,0x000000ec0a400000) (1024K)]
  0x00000289ddcc6710 JavaThread "Unconstrained build operations Thread 108"        [_thread_blocked, id=12700, stack(0x000000ec0a400000,0x000000ec0a500000) (1024K)]
  0x00000289ddcc9500 JavaThread "Unconstrained build operations Thread 109"        [_thread_blocked, id=17184, stack(0x000000ec0a500000,0x000000ec0a600000) (1024K)]
  0x00000289d4489fe0 JavaThread "WorkerExecutor Queue"              [_thread_blocked, id=17836, stack(0x000000ec0a600000,0x000000ec0a700000) (1024K)]
  0x00000289ecf18ba0 JavaThread "Unconstrained build operations Thread 110"        [_thread_blocked, id=4360, stack(0x000000ec0a700000,0x000000ec0a800000) (1024K)]
  0x00000289ecf17160 JavaThread "Unconstrained build operations Thread 111"        [_thread_blocked, id=12788, stack(0x000000ec0a800000,0x000000ec0a900000) (1024K)]
  0x00000289f34120e0 JavaThread "Unconstrained build operations Thread 112"        [_thread_blocked, id=10096, stack(0x000000ec0a900000,0x000000ec0aa00000) (1024K)]
  0x00000289f3412770 JavaThread "Unconstrained build operations Thread 113"        [_thread_blocked, id=4292, stack(0x000000ec0aa00000,0x000000ec0ab00000) (1024K)]
  0x00000289f3413490 JavaThread "Unconstrained build operations Thread 114"        [_thread_blocked, id=13104, stack(0x000000ec0ab00000,0x000000ec0ac00000) (1024K)]
  0x00000289f3412e00 JavaThread "Unconstrained build operations Thread 115"        [_thread_blocked, id=10368, stack(0x000000ec0ac00000,0x000000ec0ad00000) (1024K)]
  0x00000289f34106a0 JavaThread "Unconstrained build operations Thread 116"        [_thread_blocked, id=22388, stack(0x000000ec0ad00000,0x000000ec0ae00000) (1024K)]
  0x00000289f3410010 JavaThread "Unconstrained build operations Thread 117"        [_thread_blocked, id=17976, stack(0x000000ec0ae00000,0x000000ec0af00000) (1024K)]
  0x00000289f3410d30 JavaThread "Unconstrained build operations Thread 118"        [_thread_blocked, id=18996, stack(0x000000ec0af00000,0x000000ec0b000000) (1024K)]
  0x00000289f34113c0 JavaThread "Unconstrained build operations Thread 119"        [_thread_blocked, id=16996, stack(0x000000ec0b000000,0x000000ec0b100000) (1024K)]
  0x00000289f3411a50 JavaThread "Unconstrained build operations Thread 120"        [_thread_blocked, id=5660, stack(0x000000ec0b100000,0x000000ec0b200000) (1024K)]
  0x00000289ecf16440 JavaThread "Unconstrained build operations Thread 121"        [_thread_blocked, id=2128, stack(0x000000ec0b200000,0x000000ec0b300000) (1024K)]
  0x00000289da6e7130 JavaThread "Unconstrained build operations Thread 122"        [_thread_blocked, id=15364, stack(0x000000ec0b300000,0x000000ec0b400000) (1024K)]
  0x00000289da6e77c0 JavaThread "Unconstrained build operations Thread 123"        [_thread_blocked, id=12244, stack(0x000000ec0b400000,0x000000ec0b500000) (1024K)]
  0x00000289da6e7e50 JavaThread "Unconstrained build operations Thread 124"        [_thread_blocked, id=14688, stack(0x000000ec0b500000,0x000000ec0b600000) (1024K)]
  0x00000289d448ba20 JavaThread "WorkerExecutor Queue Thread 2"        [_thread_blocked, id=10020, stack(0x000000ec0b600000,0x000000ec0b700000) (1024K)]
  0x00000289d448b390 JavaThread "WorkerExecutor Queue Thread 3"        [_thread_blocked, id=20268, stack(0x000000ec0b700000,0x000000ec0b800000) (1024K)]
  0x00000289d326f990 JavaThread "WorkerExecutor Queue Thread 4"        [_thread_blocked, id=22252, stack(0x000000ec0b800000,0x000000ec0b900000) (1024K)]
  0x00000289da6e84e0 JavaThread "Unconstrained build operations Thread 125"        [_thread_blocked, id=7740, stack(0x000000ec0b900000,0x000000ec0ba00000) (1024K)]
  0x00000289d334d900 JavaThread "Unconstrained build operations Thread 126"        [_thread_blocked, id=12424, stack(0x000000ec0ba00000,0x000000ec0bb00000) (1024K)]
  0x00000289d334f340 JavaThread "Unconstrained build operations Thread 127"        [_thread_blocked, id=21240, stack(0x000000ec0bb00000,0x000000ec0bc00000) (1024K)]
  0x00000289d3350d80 JavaThread "Unconstrained build operations Thread 128"        [_thread_blocked, id=2032, stack(0x000000ec0bc00000,0x000000ec0bd00000) (1024K)]
  0x00000289d334df90 JavaThread "Unconstrained build operations Thread 129"        [_thread_blocked, id=12732, stack(0x000000ec0bd00000,0x000000ec0be00000) (1024K)]
  0x00000289d334ecb0 JavaThread "Unconstrained build operations Thread 130"        [_thread_blocked, id=10776, stack(0x000000ec0be00000,0x000000ec0bf00000) (1024K)]
  0x00000289d334f9d0 JavaThread "Unconstrained build operations Thread 131"        [_thread_blocked, id=12412, stack(0x000000ec0bf00000,0x000000ec0c000000) (1024K)]
  0x00000289d334e620 JavaThread "Unconstrained build operations Thread 132"        [_thread_blocked, id=6448, stack(0x000000ec0c000000,0x000000ec0c100000) (1024K)]
  0x00000289d3350060 JavaThread "Unconstrained build operations Thread 133"        [_thread_blocked, id=2216, stack(0x000000ec0c100000,0x000000ec0c200000) (1024K)]
  0x00000289d33506f0 JavaThread "Unconstrained build operations Thread 134"        [_thread_blocked, id=11312, stack(0x000000ec0c200000,0x000000ec0c300000) (1024K)]
  0x00000289ee1159c0 JavaThread "Unconstrained build operations Thread 135"        [_thread_blocked, id=11612, stack(0x000000ec0c300000,0x000000ec0c400000) (1024K)]
  0x00000289ee1187b0 JavaThread "Unconstrained build operations Thread 136"        [_thread_blocked, id=12880, stack(0x000000ec0c400000,0x000000ec0c500000) (1024K)]
  0x00000289ee116050 JavaThread "Unconstrained build operations Thread 137"        [_thread_blocked, id=14656, stack(0x000000ec0c500000,0x000000ec0c600000) (1024K)]
  0x00000289ee118120 JavaThread "Unconstrained build operations Thread 138"        [_thread_blocked, id=7976, stack(0x000000ec0c600000,0x000000ec0c700000) (1024K)]
  0x00000289ee1166e0 JavaThread "Unconstrained build operations Thread 139"        [_thread_blocked, id=11808, stack(0x000000ec0c700000,0x000000ec0c800000) (1024K)]
  0x00000289d4489950 JavaThread "Unconstrained build operations Thread 140"        [_thread_blocked, id=9004, stack(0x000000ec0c800000,0x000000ec0c900000) (1024K)]
  0x00000289d44892c0 JavaThread "Unconstrained build operations Thread 141"        [_thread_blocked, id=12968, stack(0x000000ec0c900000,0x000000ec0ca00000) (1024K)]
  0x00000289dba8e7c0 JavaThread "Unconstrained build operations Thread 142"        [_thread_blocked, id=16500, stack(0x000000ec0ca00000,0x000000ec0cb00000) (1024K)]
  0x00000289dba90890 JavaThread "Unconstrained build operations Thread 143"        [_thread_blocked, id=13100, stack(0x000000ec0cb00000,0x000000ec0cc00000) (1024K)]
  0x00000289dba8d410 JavaThread "Unconstrained build operations Thread 144"        [_thread_blocked, id=9884, stack(0x000000ec0cc00000,0x000000ec0cd00000) (1024K)]
  0x00000289dba8ee50 JavaThread "Unconstrained build operations Thread 145"        [_thread_blocked, id=21656, stack(0x000000ec0cd00000,0x000000ec0ce00000) (1024K)]
  0x00000289dba90f20 JavaThread "Unconstrained build operations Thread 146"        [_thread_blocked, id=22132, stack(0x000000ec0ce00000,0x000000ec0cf00000) (1024K)]
  0x00000289dba8f4e0 JavaThread "Unconstrained build operations Thread 147"        [_thread_blocked, id=11780, stack(0x000000ec0cf00000,0x000000ec0d000000) (1024K)]
  0x00000289dba915b0 JavaThread "Unconstrained build operations Thread 148"        [_thread_blocked, id=17644, stack(0x000000ec0d000000,0x000000ec0d100000) (1024K)]
  0x00000289daa13b10 JavaThread "Unconstrained build operations Thread 149"        [_thread_blocked, id=3284, stack(0x000000ec0d100000,0x000000ec0d200000) (1024K)]
  0x00000289ee115330 JavaThread "Unconstrained build operations Thread 150"        [_thread_blocked, id=13352, stack(0x000000ec0d200000,0x000000ec0d300000) (1024K)]
  0x00000289dd443a10 JavaThread "Unconstrained build operations Thread 151"        [_thread_blocked, id=18268, stack(0x000000ec0d300000,0x000000ec0d400000) (1024K)]
  0x00000289dd4412b0 JavaThread "Unconstrained build operations Thread 152"        [_thread_blocked, id=10352, stack(0x000000ec0d400000,0x000000ec0d500000) (1024K)]
  0x00000289dd441940 JavaThread "Unconstrained build operations Thread 153"        [_thread_blocked, id=18080, stack(0x000000ec0d500000,0x000000ec0d600000) (1024K)]
  0x00000289dd442660 JavaThread "Unconstrained build operations Thread 154"        [_thread_blocked, id=11732, stack(0x000000ec0d600000,0x000000ec0d700000) (1024K)]
  0x00000289d799e130 JavaThread "Unconstrained build operations Thread 155"        [_thread_blocked, id=13672, stack(0x000000ec0d700000,0x000000ec0d800000) (1024K)]
  0x00000289db10ec80 JavaThread "Unconstrained build operations Thread 156"        [_thread_blocked, id=20904, stack(0x000000ec0d800000,0x000000ec0d900000) (1024K)]
  0x00000289db10d8d0 JavaThread "Unconstrained build operations Thread 157"        [_thread_blocked, id=3856, stack(0x000000ec0d900000,0x000000ec0da00000) (1024K)]
  0x00000289db10df60 JavaThread "Unconstrained build operations Thread 158"        [_thread_blocked, id=7424, stack(0x000000ec0da00000,0x000000ec0db00000) (1024K)]
  0x00000289db10e5f0 JavaThread "Unconstrained build operations Thread 159"        [_thread_blocked, id=4120, stack(0x000000ec0db00000,0x000000ec0dc00000) (1024K)]
  0x00000289d7faebb0 JavaThread "Unconstrained build operations Thread 160"        [_thread_blocked, id=20340, stack(0x000000ec0dc00000,0x000000ec0dd00000) (1024K)]
  0x00000289d32713d0 JavaThread "WorkerExecutor Queue Thread 5"        [_thread_blocked, id=4656, stack(0x000000ec02000000,0x000000ec02100000) (1024K)]
  0x00000289df1d2b80 JavaThread "C2 CompilerThread3"         daemon [_thread_blocked, id=5800, stack(0x000000ec06e00000,0x000000ec06f00000) (1024K)]
  0x00000289d5ebcd80 JavaThread "WorkerExecutor Queue Thread 6"        [_thread_blocked, id=8912, stack(0x000000ec0dd00000,0x000000ec0de00000) (1024K)]
  0x00000289d5ebc060 JavaThread "WorkerExecutor Queue Thread 7"        [_thread_blocked, id=4816, stack(0x000000ec0de00000,0x000000ec0df00000) (1024K)]
  0x00000289de9ab870 JavaThread "WorkerExecutor Queue Thread 8"        [_thread_blocked, id=17672, stack(0x000000ec0df00000,0x000000ec0e000000) (1024K)]
  0x00000289eeed9b30 JavaThread "WorkerExecutor Queue Thread 9"        [_thread_blocked, id=18060, stack(0x000000ec0e000000,0x000000ec0e100000) (1024K)]
  0x00000289dcad39a0 JavaThread "C1 CompilerThread2"         daemon [_thread_blocked, id=10988, stack(0x000000ec0e100000,0x000000ec0e200000) (1024K)]
  0x00000289f30f2060 JavaThread "C1 CompilerThread3"         daemon [_thread_blocked, id=15860, stack(0x000000ec0e200000,0x000000ec0e300000) (1024K)]
  0x00000289d5ebee50 JavaThread "WorkerExecutor Queue Thread 10"        [_thread_blocked, id=2968, stack(0x000000ec0e300000,0x000000ec0e400000) (1024K)]
  0x00000289d8f8f8c0 JavaThread "C2 CompilerThread4"         daemon [_thread_in_native, id=18312, stack(0x000000ec0e400000,0x000000ec0e500000) (1024K)]
  0x00000289d8ccfe60 JavaThread "WorkerExecutor Queue Thread 11"        [_thread_blocked, id=16580, stack(0x000000ec0e500000,0x000000ec0e600000) (1024K)]
  0x00000289daa11a40 JavaThread "WorkerExecutor Queue Thread 12"        [_thread_blocked, id=21000, stack(0x000000ec0e600000,0x000000ec0e700000) (1024K)]
  0x00000289df310fa0 JavaThread "WorkerExecutor Queue Thread 13"        [_thread_blocked, id=16848, stack(0x000000ec0e700000,0x000000ec0e800000) (1024K)]
  0x00000289de9acc20 JavaThread "WorkerExecutor Queue Thread 14"        [_thread_blocked, id=18412, stack(0x000000ec0e800000,0x000000ec0e900000) (1024K)]
  0x00000289df311630 JavaThread "WorkerExecutor Queue Thread 15"        [_thread_blocked, id=4996, stack(0x000000ec0e900000,0x000000ec0ea00000) (1024K)]
  0x00000289df311cc0 JavaThread "WorkerExecutor Queue Thread 16"        [_thread_blocked, id=6856, stack(0x000000ec0ea00000,0x000000ec0eb00000) (1024K)]
  0x00000289f30f2730 JavaThread "C2 CompilerThread5"         daemon [_thread_blocked, id=9984, stack(0x000000ec0ec00000,0x000000ec0ed00000) (1024K)]
  0x00000289d11b0530 JavaThread "C2 CompilerThread6"         daemon [_thread_blocked, id=3876, stack(0x000000ec0ed00000,0x000000ec0ee00000) (1024K)]
  0x00000289ec71bba0 JavaThread "C2 CompilerThread7"         daemon [_thread_blocked, id=17112, stack(0x000000ec0eb00000,0x000000ec0ec00000) (1024K)]
Total: 272

Other Threads:
=>0x00000289cc5990e0 VMThread "VM Thread"                           [id=22484, stack(0x000000ec77e00000,0x000000ec77f00000) (1024K)]
  0x00000289cb863f70 WatcherThread "VM Periodic Task Thread"        [id=6268, stack(0x000000ec77d00000,0x000000ec77e00000) (1024K)]
  0x00000289b1a14370 WorkerThread "GC Thread#0"                     [id=19824, stack(0x000000ec77800000,0x000000ec77900000) (1024K)]
  0x00000289d1313060 WorkerThread "GC Thread#1"                     [id=2988, stack(0x000000ec78c00000,0x000000ec78d00000) (1024K)]
  0x00000289d1313410 WorkerThread "GC Thread#2"                     [id=8068, stack(0x000000ec78d00000,0x000000ec78e00000) (1024K)]
  0x00000289d17453a0 WorkerThread "GC Thread#3"                     [id=11100, stack(0x000000ec78e00000,0x000000ec78f00000) (1024K)]
  0x00000289d17439d0 WorkerThread "GC Thread#4"                     [id=1952, stack(0x000000ec78f00000,0x000000ec79000000) (1024K)]
  0x00000289d220c600 WorkerThread "GC Thread#5"                     [id=10316, stack(0x000000ec79700000,0x000000ec79800000) (1024K)]
  0x00000289d220c9b0 WorkerThread "GC Thread#6"                     [id=19892, stack(0x000000ec79800000,0x000000ec79900000) (1024K)]
  0x00000289d220cd60 WorkerThread "GC Thread#7"                     [id=2220, stack(0x000000ec79900000,0x000000ec79a00000) (1024K)]
  0x00000289d220a880 WorkerThread "GC Thread#8"                     [id=18940, stack(0x000000ec79a00000,0x000000ec79b00000) (1024K)]
  0x00000289d220baf0 WorkerThread "GC Thread#9"                     [id=1284, stack(0x000000ec79b00000,0x000000ec79c00000) (1024K)]
  0x00000289d220dfd0 WorkerThread "GC Thread#10"                    [id=19980, stack(0x000000ec79c00000,0x000000ec79d00000) (1024K)]
  0x00000289d220e380 WorkerThread "GC Thread#11"                    [id=3360, stack(0x000000ec79d00000,0x000000ec79e00000) (1024K)]
  0x00000289d220d870 WorkerThread "GC Thread#12"                    [id=7628, stack(0x000000ec79e00000,0x000000ec79f00000) (1024K)]
  0x00000289b1a26280 ConcurrentGCThread "G1 Main Marker"            [id=4748, stack(0x000000ec77900000,0x000000ec77a00000) (1024K)]
  0x00000289b1a28af0 WorkerThread "G1 Conc#0"                       [id=2428, stack(0x000000ec77a00000,0x000000ec77b00000) (1024K)]
  0x00000289d220bea0 WorkerThread "G1 Conc#1"                       [id=18192, stack(0x000000ec79f00000,0x000000ec7a000000) (1024K)]
  0x00000289d220c250 WorkerThread "G1 Conc#2"                       [id=20300, stack(0x000000ec7a000000,0x000000ec7a100000) (1024K)]
  0x00000289b1a6e9d0 ConcurrentGCThread "G1 Refine#0"               [id=19916, stack(0x000000ec77b00000,0x000000ec77c00000) (1024K)]
  0x00000289cb7364b0 ConcurrentGCThread "G1 Service"                [id=19016, stack(0x000000ec77c00000,0x000000ec77d00000) (1024K)]
Total: 21

Threads with active compile tasks:
C2 CompilerThread0  514809 69709       4       com.android.tools.r8.ir.optimize.b0::a (278 bytes)
C2 CompilerThread1  514809 69596       4       com.android.tools.r8.internal.oB::b (192 bytes)
C2 CompilerThread2  514809 69762       4       com.android.tools.r8.internal.zI::remove (1708 bytes)
C2 CompilerThread3  514809 69548 %     4       com.android.tools.r8.internal.VS::a @ 1059 (3042 bytes)
C2 CompilerThread4  514809 69220       4       com.android.tools.r8.ir.optimize.z::a (555 bytes)
C2 CompilerThread5  514809 68275       4       com.android.tools.r8.internal.V60::a (500 bytes)
C2 CompilerThread6  514809 69625 %     4       com.android.tools.r8.internal.VS::a @ 679 (2024 bytes)
C2 CompilerThread7  514809 69598       4       com.android.tools.r8.internal.lb::d (82 bytes)
Total: 8

VM state: at safepoint (normal execution)

VM Mutex/Monitor currently owned by a thread:  ([mutex/lock_event])
[0x00007ffdf16b86d0] Threads_lock - owner thread: 0x00000289cc5990e0
[0x00007ffdf16b87d0] Heap_lock - owner thread: 0x00000289b1a26280

Heap address: 0x0000000700000000, size: 4096 MB, Compressed Oops mode: Zero based, Oop shift amount: 3

CDS archive(s) not mapped
Compressed class space mapped at: 0x0000000800000000-0x0000000840000000, reserved size: 1073741824
Narrow klass base: 0x0000000800000000, Narrow klass shift: 0, Narrow klass range: 0x40000000

GC Precious Log:
 CardTable entry size: 512
 Card Set container configuration: InlinePtr #cards 4 size 8 Array Of Cards #cards 16 size 48 Howl #buckets 8 coarsen threshold 3686 Howl Bitmap #cards 512 size 80 coarsen threshold 460 Card regions per heap region 1 cards per card region 4096
 CPUs: 16 total, 16 available
 Memory: 15693M
 Large Page Support: Disabled
 NUMA Support: Disabled
 Compressed Oops: Enabled (Zero based)
 Heap Region Size: 2M
 Heap Min Capacity: 8M
 Heap Initial Capacity: 246M
 Heap Max Capacity: 4G
 Pre-touch: Disabled
 Parallel Workers: 13
 Concurrent Workers: 3
 Concurrent Refinement Workers: 13
 Periodic GC: Disabled

Heap:
 garbage-first heap   total 972800K, used 762617K [0x0000000700000000, 0x0000000800000000)
  region size 2048K, 98 young (200704K), 14 survivors (28672K)
 Metaspace       used 322668K, committed 326144K, reserved 1376256K
  class space    used 41280K, committed 43008K, reserved 1048576K

Heap Regions: E=young(eden), S=young(survivor), O=old, HS=humongous(starts), HC=humongous(continues), CS=collection set, F=free, TAMS=top-at-mark-start, PB=parsable bottom
|   0|0x0000000700000000, 0x0000000700200000, 0x0000000700200000|100%|HS|  |TAMS 0x0000000700200000| PB 0x0000000700000000| Complete 
|   1|0x0000000700200000, 0x0000000700400000, 0x0000000700400000|100%|HC|  |TAMS 0x0000000700400000| PB 0x0000000700200000| Complete 
|   2|0x0000000700400000, 0x0000000700600000, 0x0000000700600000|100%| O|  |TAMS 0x0000000700600000| PB 0x0000000700600000| Untracked 
|   3|0x0000000700600000, 0x0000000700800000, 0x0000000700800000|100%| O|  |TAMS 0x0000000700800000| PB 0x0000000700800000| Untracked 
|   4|0x0000000700800000, 0x0000000700a00000, 0x0000000700a00000|100%| O|  |TAMS 0x0000000700a00000| PB 0x0000000700a00000| Untracked 
|   5|0x0000000700a00000, 0x0000000700c00000, 0x0000000700c00000|100%| O|  |TAMS 0x0000000700c00000| PB 0x0000000700c00000| Untracked 
|   6|0x0000000700c00000, 0x0000000700e00000, 0x0000000700e00000|100%| O|  |TAMS 0x0000000700c00000| PB 0x0000000700c00000| Untracked 
|   7|0x0000000700e00000, 0x0000000701000000, 0x0000000701000000|100%|HS|  |TAMS 0x0000000701000000| PB 0x0000000700e00000| Complete 
|   8|0x0000000701000000, 0x0000000701200000, 0x0000000701200000|100%|HC|  |TAMS 0x0000000701200000| PB 0x0000000701000000| Complete 
|   9|0x0000000701200000, 0x0000000701400000, 0x0000000701400000|100%|HC|  |TAMS 0x0000000701400000| PB 0x0000000701200000| Complete 
|  10|0x0000000701400000, 0x0000000701600000, 0x0000000701600000|100%|HS|  |TAMS 0x0000000701600000| PB 0x0000000701400000| Complete 
|  11|0x0000000701600000, 0x0000000701800000, 0x0000000701800000|100%|HS|  |TAMS 0x0000000701800000| PB 0x0000000701600000| Complete 
|  12|0x0000000701800000, 0x0000000701a00000, 0x0000000701a00000|100%|HC|  |TAMS 0x0000000701a00000| PB 0x0000000701800000| Complete 
|  13|0x0000000701a00000, 0x0000000701c00000, 0x0000000701c00000|100%|HC|  |TAMS 0x0000000701c00000| PB 0x0000000701a00000| Complete 
|  14|0x0000000701c00000, 0x0000000701e00000, 0x0000000701e00000|100%|HS|  |TAMS 0x0000000701e00000| PB 0x0000000701c00000| Complete 
|  15|0x0000000701e00000, 0x0000000702000000, 0x0000000702000000|100%| O|  |TAMS 0x0000000702000000| PB 0x0000000702000000| Untracked 
|  16|0x0000000702000000, 0x0000000702200000, 0x0000000702200000|100%| O|  |TAMS 0x0000000702200000| PB 0x0000000702200000| Untracked 
|  17|0x0000000702200000, 0x0000000702400000, 0x0000000702400000|100%| O|  |TAMS 0x0000000702400000| PB 0x0000000702400000| Untracked 
|  18|0x0000000702400000, 0x0000000702600000, 0x0000000702600000|100%| O|  |TAMS 0x0000000702600000| PB 0x0000000702600000| Updating 
|  19|0x0000000702600000, 0x0000000702800000, 0x0000000702800000|100%| O|  |TAMS 0x0000000702800000| PB 0x0000000702800000| Untracked 
|  20|0x0000000702800000, 0x0000000702a00000, 0x0000000702a00000|100%| O|  |TAMS 0x0000000702a00000| PB 0x0000000702a00000| Updating 
|  21|0x0000000702a00000, 0x0000000702c00000, 0x0000000702c00000|100%| O|  |TAMS 0x0000000702c00000| PB 0x0000000702c00000| Updating 
|  22|0x0000000702c00000, 0x0000000702e00000, 0x0000000702e00000|100%| O|  |TAMS 0x0000000702e00000| PB 0x0000000702e00000| Untracked 
|  23|0x0000000702e00000, 0x0000000703000000, 0x0000000703000000|100%|HS|  |TAMS 0x0000000703000000| PB 0x0000000702e00000| Complete 
|  24|0x0000000703000000, 0x0000000703200000, 0x0000000703200000|100%| O|  |TAMS 0x0000000703200000| PB 0x0000000703200000| Untracked 
|  25|0x0000000703200000, 0x0000000703400000, 0x0000000703400000|100%| O|  |TAMS 0x0000000703400000| PB 0x0000000703400000| Untracked 
|  26|0x0000000703400000, 0x0000000703600000, 0x0000000703600000|100%| O|  |TAMS 0x0000000703600000| PB 0x0000000703600000| Untracked 
|  27|0x0000000703600000, 0x0000000703800000, 0x0000000703800000|100%| O|  |TAMS 0x0000000703800000| PB 0x0000000703800000| Untracked 
|  28|0x0000000703800000, 0x0000000703a00000, 0x0000000703a00000|100%| O|  |TAMS 0x0000000703a00000| PB 0x0000000703a00000| Untracked 
|  29|0x0000000703a00000, 0x0000000703c00000, 0x0000000703c00000|100%| O|  |TAMS 0x0000000703c00000| PB 0x0000000703c00000| Updating 
|  30|0x0000000703c00000, 0x0000000703e00000, 0x0000000703e00000|100%| O|  |TAMS 0x0000000703e00000| PB 0x0000000703e00000| Untracked 
|  31|0x0000000703e00000, 0x0000000704000000, 0x0000000704000000|100%| O|  |TAMS 0x0000000704000000| PB 0x0000000704000000| Untracked 
|  32|0x0000000704000000, 0x0000000704200000, 0x0000000704200000|100%| O|  |TAMS 0x0000000704200000| PB 0x0000000704200000| Updating 
|  33|0x0000000704200000, 0x0000000704400000, 0x0000000704400000|100%| O|  |TAMS 0x0000000704400000| PB 0x0000000704400000| Updating 
|  34|0x0000000704400000, 0x0000000704600000, 0x0000000704600000|100%| O|  |TAMS 0x0000000704600000| PB 0x0000000704600000| Updating 
|  35|0x0000000704600000, 0x0000000704800000, 0x0000000704800000|100%| O|  |TAMS 0x0000000704800000| PB 0x0000000704800000| Untracked 
|  36|0x0000000704800000, 0x0000000704a00000, 0x0000000704a00000|100%| O|  |TAMS 0x0000000704a00000| PB 0x0000000704a00000| Updating 
|  37|0x0000000704a00000, 0x0000000704c00000, 0x0000000704c00000|100%| O|  |TAMS 0x0000000704c00000| PB 0x0000000704c00000| Untracked 
|  38|0x0000000704c00000, 0x0000000704e00000, 0x0000000704e00000|100%| O|  |TAMS 0x0000000704e00000| PB 0x0000000704e00000| Updating 
|  39|0x0000000704e00000, 0x0000000705000000, 0x0000000705000000|100%|HS|  |TAMS 0x0000000705000000| PB 0x0000000704e00000| Complete 
|  40|0x0000000705000000, 0x0000000705200000, 0x0000000705200000|100%|HC|  |TAMS 0x0000000705200000| PB 0x0000000705000000| Complete 
|  41|0x0000000705200000, 0x0000000705400000, 0x0000000705400000|100%| O|  |TAMS 0x0000000705400000| PB 0x0000000705400000| Updating 
|  42|0x0000000705400000, 0x0000000705600000, 0x0000000705600000|100%|HS|  |TAMS 0x0000000705600000| PB 0x0000000705400000| Complete 
|  43|0x0000000705600000, 0x0000000705800000, 0x0000000705800000|100%| O|  |TAMS 0x0000000705800000| PB 0x0000000705800000| Untracked 
|  44|0x0000000705800000, 0x0000000705a00000, 0x0000000705a00000|100%| O|  |TAMS 0x0000000705a00000| PB 0x0000000705a00000| Updating 
|  45|0x0000000705a00000, 0x0000000705c00000, 0x0000000705c00000|100%| O|  |TAMS 0x0000000705c00000| PB 0x0000000705c00000| Untracked 
|  46|0x0000000705c00000, 0x0000000705e00000, 0x0000000705e00000|100%| O|  |TAMS 0x0000000705e00000| PB 0x0000000705e00000| Untracked 
|  47|0x0000000705e00000, 0x0000000706000000, 0x0000000706000000|100%| O|  |TAMS 0x0000000706000000| PB 0x0000000706000000| Updating 
|  48|0x0000000706000000, 0x0000000706200000, 0x0000000706200000|100%| O|  |TAMS 0x0000000706200000| PB 0x0000000706200000| Updating 
|  49|0x0000000706200000, 0x0000000706400000, 0x0000000706400000|100%| O|  |TAMS 0x0000000706400000| PB 0x0000000706400000| Untracked 
|  50|0x0000000706400000, 0x0000000706600000, 0x0000000706600000|100%| O|  |TAMS 0x0000000706600000| PB 0x0000000706600000| Untracked 
|  51|0x0000000706600000, 0x0000000706800000, 0x0000000706800000|100%| O|  |TAMS 0x0000000706800000| PB 0x0000000706800000| Untracked 
|  52|0x0000000706800000, 0x0000000706a00000, 0x0000000706a00000|100%| O|  |TAMS 0x0000000706a00000| PB 0x0000000706a00000| Untracked 
|  53|0x0000000706a00000, 0x0000000706c00000, 0x0000000706c00000|100%| O|  |TAMS 0x0000000706c00000| PB 0x0000000706c00000| Untracked 
|  54|0x0000000706c00000, 0x0000000706e00000, 0x0000000706e00000|100%| O|  |TAMS 0x0000000706e00000| PB 0x0000000706e00000| Untracked 
|  55|0x0000000706e00000, 0x0000000707000000, 0x0000000707000000|100%| O|  |TAMS 0x0000000707000000| PB 0x0000000707000000| Untracked 
|  56|0x0000000707000000, 0x0000000707200000, 0x0000000707200000|100%| O|  |TAMS 0x0000000707200000| PB 0x0000000707200000| Untracked 
|  57|0x0000000707200000, 0x0000000707400000, 0x0000000707400000|100%| O|  |TAMS 0x0000000707400000| PB 0x0000000707400000| Untracked 
|  58|0x0000000707400000, 0x0000000707600000, 0x0000000707600000|100%| O|  |TAMS 0x0000000707600000| PB 0x0000000707600000| Updating 
|  59|0x0000000707600000, 0x0000000707800000, 0x0000000707800000|100%| O|  |TAMS 0x0000000707800000| PB 0x0000000707800000| Untracked 
|  60|0x0000000707800000, 0x0000000707a00000, 0x0000000707a00000|100%| O|  |TAMS 0x0000000707a00000| PB 0x0000000707a00000| Untracked 
|  61|0x0000000707a00000, 0x0000000707c00000, 0x0000000707c00000|100%| O|  |TAMS 0x0000000707c00000| PB 0x0000000707c00000| Untracked 
|  62|0x0000000707c00000, 0x0000000707e00000, 0x0000000707e00000|100%| O|  |TAMS 0x0000000707e00000| PB 0x0000000707e00000| Updating 
|  63|0x0000000707e00000, 0x0000000708000000, 0x0000000708000000|100%| O|  |TAMS 0x0000000708000000| PB 0x0000000708000000| Updating 
|  64|0x0000000708000000, 0x0000000708200000, 0x0000000708200000|100%| O|  |TAMS 0x0000000708200000| PB 0x0000000708200000| Untracked 
|  65|0x0000000708200000, 0x0000000708400000, 0x0000000708400000|100%| O|  |TAMS 0x0000000708400000| PB 0x0000000708400000| Untracked 
|  66|0x0000000708400000, 0x0000000708600000, 0x0000000708600000|100%| O|  |TAMS 0x0000000708600000| PB 0x0000000708600000| Untracked 
|  67|0x0000000708600000, 0x0000000708800000, 0x0000000708800000|100%| O|  |TAMS 0x0000000708800000| PB 0x0000000708800000| Untracked 
|  68|0x0000000708800000, 0x0000000708a00000, 0x0000000708a00000|100%| O|  |TAMS 0x0000000708a00000| PB 0x0000000708a00000| Untracked 
|  69|0x0000000708a00000, 0x0000000708c00000, 0x0000000708c00000|100%| O|  |TAMS 0x0000000708c00000| PB 0x0000000708c00000| Updating 
|  70|0x0000000708c00000, 0x0000000708e00000, 0x0000000708e00000|100%| O|  |TAMS 0x0000000708e00000| PB 0x0000000708e00000| Untracked 
|  71|0x0000000708e00000, 0x0000000709000000, 0x0000000709000000|100%| O|  |TAMS 0x0000000709000000| PB 0x0000000709000000| Untracked 
|  72|0x0000000709000000, 0x0000000709200000, 0x0000000709200000|100%| O|  |TAMS 0x0000000709200000| PB 0x0000000709200000| Untracked 
|  73|0x0000000709200000, 0x0000000709400000, 0x0000000709400000|100%| O|  |TAMS 0x0000000709400000| PB 0x0000000709400000| Updating 
|  74|0x0000000709400000, 0x0000000709600000, 0x0000000709600000|100%| O|  |TAMS 0x0000000709600000| PB 0x0000000709600000| Untracked 
|  75|0x0000000709600000, 0x0000000709800000, 0x0000000709800000|100%|HS|  |TAMS 0x0000000709800000| PB 0x0000000709600000| Complete 
|  76|0x0000000709800000, 0x0000000709a00000, 0x0000000709a00000|100%| O|  |TAMS 0x0000000709800000| PB 0x0000000709800000| Untracked 
|  77|0x0000000709a00000, 0x0000000709c00000, 0x0000000709c00000|100%| O|  |TAMS 0x0000000709c00000| PB 0x0000000709c00000| Updating 
|  78|0x0000000709c00000, 0x0000000709e00000, 0x0000000709e00000|100%| O|  |TAMS 0x0000000709e00000| PB 0x0000000709e00000| Untracked 
|  79|0x0000000709e00000, 0x000000070a000000, 0x000000070a000000|100%| O|  |TAMS 0x000000070a000000| PB 0x000000070a000000| Updating 
|  80|0x000000070a000000, 0x000000070a200000, 0x000000070a200000|100%| O|  |TAMS 0x000000070a200000| PB 0x000000070a200000| Updating 
|  81|0x000000070a200000, 0x000000070a400000, 0x000000070a400000|100%| O|  |TAMS 0x000000070a400000| PB 0x000000070a400000| Untracked 
|  82|0x000000070a400000, 0x000000070a600000, 0x000000070a600000|100%| O|  |TAMS 0x000000070a600000| PB 0x000000070a600000| Untracked 
|  83|0x000000070a600000, 0x000000070a800000, 0x000000070a800000|100%| O|  |TAMS 0x000000070a800000| PB 0x000000070a800000| Untracked 
|  84|0x000000070a800000, 0x000000070aa00000, 0x000000070aa00000|100%| O|  |TAMS 0x000000070aa00000| PB 0x000000070aa00000| Untracked 
|  85|0x000000070aa00000, 0x000000070ac00000, 0x000000070ac00000|100%| O|  |TAMS 0x000000070ac00000| PB 0x000000070ac00000| Untracked 
|  86|0x000000070ac00000, 0x000000070ae00000, 0x000000070ae00000|100%| O|  |TAMS 0x000000070ae00000| PB 0x000000070ae00000| Untracked 
|  87|0x000000070ae00000, 0x000000070b000000, 0x000000070b000000|100%| O|  |TAMS 0x000000070b000000| PB 0x000000070b000000| Untracked 
|  88|0x000000070b000000, 0x000000070b200000, 0x000000070b200000|100%| O|  |TAMS 0x000000070b200000| PB 0x000000070b200000| Untracked 
|  89|0x000000070b200000, 0x000000070b400000, 0x000000070b400000|100%| O|  |TAMS 0x000000070b400000| PB 0x000000070b400000| Untracked 
|  90|0x000000070b400000, 0x000000070b600000, 0x000000070b600000|100%| O|  |TAMS 0x000000070b600000| PB 0x000000070b600000| Untracked 
|  91|0x000000070b600000, 0x000000070b800000, 0x000000070b800000|100%| O|  |TAMS 0x000000070b800000| PB 0x000000070b800000| Updating 
|  92|0x000000070b800000, 0x000000070ba00000, 0x000000070ba00000|100%| O|  |TAMS 0x000000070ba00000| PB 0x000000070ba00000| Updating 
|  93|0x000000070ba00000, 0x000000070bc00000, 0x000000070bc00000|100%| O|  |TAMS 0x000000070bc00000| PB 0x000000070bc00000| Untracked 
|  94|0x000000070bc00000, 0x000000070be00000, 0x000000070be00000|100%| O|  |TAMS 0x000000070be00000| PB 0x000000070be00000| Untracked 
|  95|0x000000070be00000, 0x000000070c000000, 0x000000070c000000|100%| O|  |TAMS 0x000000070c000000| PB 0x000000070c000000| Updating 
|  96|0x000000070c000000, 0x000000070c200000, 0x000000070c200000|100%| O|  |TAMS 0x000000070c200000| PB 0x000000070c200000| Untracked 
|  97|0x000000070c200000, 0x000000070c400000, 0x000000070c400000|100%| O|  |TAMS 0x000000070c400000| PB 0x000000070c400000| Untracked 
|  98|0x000000070c400000, 0x000000070c600000, 0x000000070c600000|100%| O|  |TAMS 0x000000070c600000| PB 0x000000070c600000| Untracked 
|  99|0x000000070c600000, 0x000000070c800000, 0x000000070c800000|100%| O|  |TAMS 0x000000070c800000| PB 0x000000070c800000| Untracked 
| 100|0x000000070c800000, 0x000000070ca00000, 0x000000070ca00000|100%| O|  |TAMS 0x000000070ca00000| PB 0x000000070ca00000| Untracked 
| 101|0x000000070ca00000, 0x000000070cc00000, 0x000000070cc00000|100%| O|  |TAMS 0x000000070cc00000| PB 0x000000070cc00000| Untracked 
| 102|0x000000070cc00000, 0x000000070ce00000, 0x000000070ce00000|100%| O|  |TAMS 0x000000070cc00000| PB 0x000000070cc00000| Untracked 
| 103|0x000000070ce00000, 0x000000070d000000, 0x000000070d000000|100%| O|  |TAMS 0x000000070d000000| PB 0x000000070d000000| Untracked 
| 104|0x000000070d000000, 0x000000070d200000, 0x000000070d200000|100%| O|  |TAMS 0x000000070d200000| PB 0x000000070d200000| Untracked 
| 105|0x000000070d200000, 0x000000070d400000, 0x000000070d400000|100%| O|  |TAMS 0x000000070d400000| PB 0x000000070d400000| Untracked 
| 106|0x000000070d400000, 0x000000070d600000, 0x000000070d600000|100%| O|  |TAMS 0x000000070d600000| PB 0x000000070d600000| Updating 
| 107|0x000000070d600000, 0x000000070d800000, 0x000000070d800000|100%| O|  |TAMS 0x000000070d800000| PB 0x000000070d800000| Untracked 
| 108|0x000000070d800000, 0x000000070da00000, 0x000000070da00000|100%| O|  |TAMS 0x000000070da00000| PB 0x000000070da00000| Updating 
| 109|0x000000070da00000, 0x000000070dc00000, 0x000000070dc00000|100%| O|  |TAMS 0x000000070dc00000| PB 0x000000070dc00000| Updating 
| 110|0x000000070dc00000, 0x000000070de00000, 0x000000070de00000|100%| O|  |TAMS 0x000000070de00000| PB 0x000000070de00000| Updating 
| 111|0x000000070de00000, 0x000000070e000000, 0x000000070e000000|100%| O|  |TAMS 0x000000070e000000| PB 0x000000070e000000| Untracked 
| 112|0x000000070e000000, 0x000000070e200000, 0x000000070e200000|100%| O|  |TAMS 0x000000070e200000| PB 0x000000070e200000| Untracked 
| 113|0x000000070e200000, 0x000000070e400000, 0x000000070e400000|100%| O|  |TAMS 0x000000070e400000| PB 0x000000070e400000| Untracked 
| 114|0x000000070e400000, 0x000000070e600000, 0x000000070e600000|100%| O|  |TAMS 0x000000070e600000| PB 0x000000070e600000| Updating 
| 115|0x000000070e600000, 0x000000070e800000, 0x000000070e800000|100%| O|  |TAMS 0x000000070e800000| PB 0x000000070e800000| Untracked 
| 116|0x000000070e800000, 0x000000070ea00000, 0x000000070ea00000|100%| O|  |TAMS 0x000000070ea00000| PB 0x000000070ea00000| Updating 
| 117|0x000000070ea00000, 0x000000070ec00000, 0x000000070ec00000|100%| O|  |TAMS 0x000000070ec00000| PB 0x000000070ec00000| Updating 
| 118|0x000000070ec00000, 0x000000070ee00000, 0x000000070ee00000|100%| O|  |TAMS 0x000000070ee00000| PB 0x000000070ee00000| Updating 
| 119|0x000000070ee00000, 0x000000070f000000, 0x000000070f000000|100%| O|  |TAMS 0x000000070f000000| PB 0x000000070f000000| Untracked 
| 120|0x000000070f000000, 0x000000070f200000, 0x000000070f200000|100%| O|  |TAMS 0x000000070f200000| PB 0x000000070f200000| Updating 
| 121|0x000000070f200000, 0x000000070f400000, 0x000000070f400000|100%| O|  |TAMS 0x000000070f400000| PB 0x000000070f400000| Untracked 
| 122|0x000000070f400000, 0x000000070f600000, 0x000000070f600000|100%| O|  |TAMS 0x000000070f600000| PB 0x000000070f600000| Updating 
| 123|0x000000070f600000, 0x000000070f800000, 0x000000070f800000|100%| O|  |TAMS 0x000000070f800000| PB 0x000000070f800000| Updating 
| 124|0x000000070f800000, 0x000000070fa00000, 0x000000070fa00000|100%| O|  |TAMS 0x000000070fa00000| PB 0x000000070fa00000| Untracked 
| 125|0x000000070fa00000, 0x000000070fc00000, 0x000000070fc00000|100%| O|  |TAMS 0x000000070fc00000| PB 0x000000070fc00000| Untracked 
| 126|0x000000070fc00000, 0x000000070fe00000, 0x000000070fe00000|100%| O|  |TAMS 0x000000070fe00000| PB 0x000000070fe00000| Untracked 
| 127|0x000000070fe00000, 0x0000000710000000, 0x0000000710000000|100%| O|  |TAMS 0x0000000710000000| PB 0x0000000710000000| Untracked 
| 128|0x0000000710000000, 0x0000000710200000, 0x0000000710200000|100%| O|  |TAMS 0x0000000710200000| PB 0x0000000710200000| Untracked 
| 129|0x0000000710200000, 0x0000000710400000, 0x0000000710400000|100%| O|  |TAMS 0x0000000710400000| PB 0x0000000710400000| Untracked 
| 130|0x0000000710400000, 0x0000000710600000, 0x0000000710600000|100%| O|  |TAMS 0x0000000710600000| PB 0x0000000710600000| Untracked 
| 131|0x0000000710600000, 0x0000000710800000, 0x0000000710800000|100%|HS|  |TAMS 0x0000000710800000| PB 0x0000000710600000| Complete 
| 132|0x0000000710800000, 0x0000000710a00000, 0x0000000710a00000|100%| O|  |TAMS 0x0000000710a00000| PB 0x0000000710a00000| Untracked 
| 133|0x0000000710a00000, 0x0000000710c00000, 0x0000000710c00000|100%| O|  |TAMS 0x0000000710a00000| PB 0x0000000710a00000| Untracked 
| 134|0x0000000710c00000, 0x0000000710e00000, 0x0000000710e00000|100%| O|  |TAMS 0x0000000710e00000| PB 0x0000000710e00000| Updating 
| 135|0x0000000710e00000, 0x0000000711000000, 0x0000000711000000|100%| O|  |TAMS 0x0000000710e00000| PB 0x0000000710e00000| Untracked 
| 136|0x0000000711000000, 0x0000000711200000, 0x0000000711200000|100%| O|  |TAMS 0x0000000711000000| PB 0x0000000711000000| Untracked 
| 137|0x0000000711200000, 0x0000000711400000, 0x0000000711400000|100%| O|  |TAMS 0x0000000711400000| PB 0x0000000711400000| Updating 
| 138|0x0000000711400000, 0x0000000711600000, 0x0000000711600000|100%| O|  |TAMS 0x0000000711600000| PB 0x0000000711600000| Untracked 
| 139|0x0000000711600000, 0x0000000711800000, 0x0000000711800000|100%| O|  |TAMS 0x0000000711800000| PB 0x0000000711800000| Untracked 
| 140|0x0000000711800000, 0x0000000711a00000, 0x0000000711a00000|100%| O|  |TAMS 0x0000000711a00000| PB 0x0000000711a00000| Updating 
| 141|0x0000000711a00000, 0x0000000711c00000, 0x0000000711c00000|100%| O|  |TAMS 0x0000000711c00000| PB 0x0000000711c00000| Untracked 
| 142|0x0000000711c00000, 0x0000000711e00000, 0x0000000711e00000|100%| O|  |TAMS 0x0000000711e00000| PB 0x0000000711e00000| Untracked 
| 143|0x0000000711e00000, 0x0000000712000000, 0x0000000712000000|100%| O|  |TAMS 0x0000000712000000| PB 0x0000000712000000| Untracked 
| 144|0x0000000712000000, 0x0000000712200000, 0x0000000712200000|100%| O|  |TAMS 0x0000000712200000| PB 0x0000000712200000| Untracked 
| 145|0x0000000712200000, 0x0000000712400000, 0x0000000712400000|100%| O|  |TAMS 0x0000000712400000| PB 0x0000000712400000| Untracked 
| 146|0x0000000712400000, 0x0000000712600000, 0x0000000712600000|100%| O|  |TAMS 0x0000000712600000| PB 0x0000000712600000| Updating 
| 147|0x0000000712600000, 0x0000000712800000, 0x0000000712800000|100%| O|  |TAMS 0x0000000712600000| PB 0x0000000712600000| Untracked 
| 148|0x0000000712800000, 0x0000000712a00000, 0x0000000712a00000|100%| O|  |TAMS 0x0000000712a00000| PB 0x0000000712a00000| Untracked 
| 149|0x0000000712a00000, 0x0000000712c00000, 0x0000000712c00000|100%| O|  |TAMS 0x0000000712c00000| PB 0x0000000712c00000| Untracked 
| 150|0x0000000712c00000, 0x0000000712e00000, 0x0000000712e00000|100%| O|  |TAMS 0x0000000712e00000| PB 0x0000000712e00000| Untracked 
| 151|0x0000000712e00000, 0x0000000713000000, 0x0000000713000000|100%| O|  |TAMS 0x0000000713000000| PB 0x0000000713000000| Updating 
| 152|0x0000000713000000, 0x0000000713200000, 0x0000000713200000|100%| O|  |TAMS 0x0000000713200000| PB 0x0000000713200000| Untracked 
| 153|0x0000000713200000, 0x0000000713400000, 0x0000000713400000|100%| O|  |TAMS 0x0000000713400000| PB 0x0000000713400000| Untracked 
| 154|0x0000000713400000, 0x0000000713600000, 0x0000000713600000|100%| O|  |TAMS 0x0000000713600000| PB 0x0000000713600000| Untracked 
| 155|0x0000000713600000, 0x0000000713800000, 0x0000000713800000|100%| O|  |TAMS 0x0000000713800000| PB 0x0000000713800000| Updating 
| 156|0x0000000713800000, 0x0000000713a00000, 0x0000000713a00000|100%| O|  |TAMS 0x0000000713a00000| PB 0x0000000713a00000| Untracked 
| 157|0x0000000713a00000, 0x0000000713c00000, 0x0000000713c00000|100%| O|  |TAMS 0x0000000713c00000| PB 0x0000000713c00000| Updating 
| 158|0x0000000713c00000, 0x0000000713e00000, 0x0000000713e00000|100%| O|  |TAMS 0x0000000713e00000| PB 0x0000000713e00000| Untracked 
| 159|0x0000000713e00000, 0x0000000714000000, 0x0000000714000000|100%| O|  |TAMS 0x0000000714000000| PB 0x0000000714000000| Updating 
| 160|0x0000000714000000, 0x0000000714200000, 0x0000000714200000|100%| O|  |TAMS 0x0000000714200000| PB 0x0000000714200000| Updating 
| 161|0x0000000714200000, 0x0000000714400000, 0x0000000714400000|100%| O|  |TAMS 0x0000000714400000| PB 0x0000000714400000| Untracked 
| 162|0x0000000714400000, 0x0000000714600000, 0x0000000714600000|100%| O|  |TAMS 0x0000000714600000| PB 0x0000000714600000| Untracked 
| 163|0x0000000714600000, 0x0000000714800000, 0x0000000714800000|100%| O|  |TAMS 0x0000000714800000| PB 0x0000000714800000| Untracked 
| 164|0x0000000714800000, 0x0000000714a00000, 0x0000000714a00000|100%| O|  |TAMS 0x0000000714a00000| PB 0x0000000714a00000| Untracked 
| 165|0x0000000714a00000, 0x0000000714c00000, 0x0000000714c00000|100%| O|  |TAMS 0x0000000714c00000| PB 0x0000000714c00000| Untracked 
| 166|0x0000000714c00000, 0x0000000714e00000, 0x0000000714e00000|100%| O|  |TAMS 0x0000000714e00000| PB 0x0000000714e00000| Untracked 
| 167|0x0000000714e00000, 0x0000000715000000, 0x0000000715000000|100%| O|  |TAMS 0x0000000715000000| PB 0x0000000715000000| Updating 
| 168|0x0000000715000000, 0x0000000715200000, 0x0000000715200000|100%| O|  |TAMS 0x0000000715200000| PB 0x0000000715200000| Updating 
| 169|0x0000000715200000, 0x0000000715400000, 0x0000000715400000|100%| O|  |TAMS 0x0000000715400000| PB 0x0000000715400000| Untracked 
| 170|0x0000000715400000, 0x0000000715600000, 0x0000000715600000|100%| O|  |TAMS 0x0000000715600000| PB 0x0000000715600000| Untracked 
| 171|0x0000000715600000, 0x0000000715800000, 0x0000000715800000|100%| O|  |TAMS 0x0000000715800000| PB 0x0000000715800000| Untracked 
| 172|0x0000000715800000, 0x0000000715a00000, 0x0000000715a00000|100%| O|  |TAMS 0x0000000715a00000| PB 0x0000000715a00000| Untracked 
| 173|0x0000000715a00000, 0x0000000715c00000, 0x0000000715c00000|100%| O|  |TAMS 0x0000000715a00000| PB 0x0000000715a00000| Untracked 
| 174|0x0000000715c00000, 0x0000000715e00000, 0x0000000715e00000|100%| O|  |TAMS 0x0000000715e00000| PB 0x0000000715e00000| Untracked 
| 175|0x0000000715e00000, 0x0000000716000000, 0x0000000716000000|100%| O|  |TAMS 0x0000000716000000| PB 0x0000000716000000| Untracked 
| 176|0x0000000716000000, 0x0000000716200000, 0x0000000716200000|100%| O|  |TAMS 0x0000000716200000| PB 0x0000000716200000| Untracked 
| 177|0x0000000716200000, 0x0000000716400000, 0x0000000716400000|100%| O|  |TAMS 0x0000000716400000| PB 0x0000000716400000| Untracked 
| 178|0x0000000716400000, 0x0000000716600000, 0x0000000716600000|100%| O|  |TAMS 0x0000000716600000| PB 0x0000000716600000| Untracked 
| 179|0x0000000716600000, 0x0000000716800000, 0x0000000716800000|100%| O|  |TAMS 0x0000000716800000| PB 0x0000000716800000| Untracked 
| 180|0x0000000716800000, 0x0000000716a00000, 0x0000000716a00000|100%| O|  |TAMS 0x0000000716a00000| PB 0x0000000716a00000| Untracked 
| 181|0x0000000716a00000, 0x0000000716c00000, 0x0000000716c00000|100%| O|  |TAMS 0x0000000716c00000| PB 0x0000000716c00000| Untracked 
| 182|0x0000000716c00000, 0x0000000716e00000, 0x0000000716e00000|100%| O|  |TAMS 0x0000000716e00000| PB 0x0000000716e00000| Untracked 
| 183|0x0000000716e00000, 0x0000000717000000, 0x0000000717000000|100%| O|  |TAMS 0x0000000717000000| PB 0x0000000717000000| Untracked 
| 184|0x0000000717000000, 0x0000000717200000, 0x0000000717200000|100%| O|  |TAMS 0x0000000717200000| PB 0x0000000717200000| Untracked 
| 185|0x0000000717200000, 0x0000000717400000, 0x0000000717400000|100%| O|  |TAMS 0x0000000717400000| PB 0x0000000717400000| Untracked 
| 186|0x0000000717400000, 0x0000000717600000, 0x0000000717600000|100%| O|  |TAMS 0x0000000717600000| PB 0x0000000717600000| Untracked 
| 187|0x0000000717600000, 0x0000000717800000, 0x0000000717800000|100%| O|  |TAMS 0x0000000717800000| PB 0x0000000717800000| Untracked 
| 188|0x0000000717800000, 0x0000000717a00000, 0x0000000717a00000|100%| O|  |TAMS 0x0000000717a00000| PB 0x0000000717a00000| Untracked 
| 189|0x0000000717a00000, 0x0000000717c00000, 0x0000000717c00000|100%| O|  |TAMS 0x0000000717c00000| PB 0x0000000717c00000| Untracked 
| 190|0x0000000717c00000, 0x0000000717e00000, 0x0000000717e00000|100%| O|  |TAMS 0x0000000717e00000| PB 0x0000000717e00000| Untracked 
| 191|0x0000000717e00000, 0x0000000718000000, 0x0000000718000000|100%| O|  |TAMS 0x0000000718000000| PB 0x0000000718000000| Updating 
| 192|0x0000000718000000, 0x0000000718200000, 0x0000000718200000|100%| O|  |TAMS 0x0000000718200000| PB 0x0000000718200000| Untracked 
| 193|0x0000000718200000, 0x0000000718400000, 0x0000000718400000|100%| O|  |TAMS 0x0000000718400000| PB 0x0000000718400000| Updating 
| 194|0x0000000718400000, 0x0000000718600000, 0x0000000718600000|100%| O|  |TAMS 0x0000000718600000| PB 0x0000000718600000| Updating 
| 195|0x0000000718600000, 0x0000000718800000, 0x0000000718800000|100%| O|  |TAMS 0x0000000718800000| PB 0x0000000718800000| Untracked 
| 196|0x0000000718800000, 0x0000000718a00000, 0x0000000718a00000|100%| O|  |TAMS 0x0000000718a00000| PB 0x0000000718a00000| Untracked 
| 197|0x0000000718a00000, 0x0000000718c00000, 0x0000000718c00000|100%| O|  |TAMS 0x0000000718c00000| PB 0x0000000718c00000| Updating 
| 198|0x0000000718c00000, 0x0000000718e00000, 0x0000000718e00000|100%| O|  |TAMS 0x0000000718e00000| PB 0x0000000718e00000| Updating 
| 199|0x0000000718e00000, 0x0000000719000000, 0x0000000719000000|100%| O|  |TAMS 0x0000000719000000| PB 0x0000000719000000| Updating 
| 200|0x0000000719000000, 0x0000000719200000, 0x0000000719200000|100%| O|  |TAMS 0x0000000719200000| PB 0x0000000719200000| Updating 
| 201|0x0000000719200000, 0x0000000719400000, 0x0000000719400000|100%| O|  |TAMS 0x0000000719400000| PB 0x0000000719400000| Untracked 
| 202|0x0000000719400000, 0x0000000719600000, 0x0000000719600000|100%| O|  |TAMS 0x0000000719600000| PB 0x0000000719600000| Untracked 
| 203|0x0000000719600000, 0x0000000719800000, 0x0000000719800000|100%| O|  |TAMS 0x0000000719600000| PB 0x0000000719600000| Untracked 
| 204|0x0000000719800000, 0x0000000719a00000, 0x0000000719a00000|100%| O|  |TAMS 0x0000000719800000| PB 0x0000000719800000| Untracked 
| 205|0x0000000719a00000, 0x0000000719c00000, 0x0000000719c00000|100%| O|  |TAMS 0x0000000719a00000| PB 0x0000000719a00000| Untracked 
| 206|0x0000000719c00000, 0x0000000719e00000, 0x0000000719e00000|100%| O|  |TAMS 0x0000000719c00000| PB 0x0000000719c00000| Untracked 
| 207|0x0000000719e00000, 0x000000071a000000, 0x000000071a000000|100%| O|  |TAMS 0x0000000719e00000| PB 0x0000000719e00000| Untracked 
| 208|0x000000071a000000, 0x000000071a200000, 0x000000071a200000|100%| O|  |TAMS 0x000000071a000000| PB 0x000000071a000000| Untracked 
| 209|0x000000071a200000, 0x000000071a400000, 0x000000071a400000|100%| O|  |TAMS 0x000000071a200000| PB 0x000000071a200000| Untracked 
| 210|0x000000071a400000, 0x000000071a600000, 0x000000071a600000|100%| O|  |TAMS 0x000000071a400000| PB 0x000000071a400000| Untracked 
| 211|0x000000071a600000, 0x000000071a800000, 0x000000071a800000|100%| O|  |TAMS 0x000000071a600000| PB 0x000000071a600000| Untracked 
| 212|0x000000071a800000, 0x000000071aa00000, 0x000000071aa00000|100%| O|  |TAMS 0x000000071a800000| PB 0x000000071a800000| Untracked 
| 213|0x000000071aa00000, 0x000000071ac00000, 0x000000071ac00000|100%| O|  |TAMS 0x000000071aa00000| PB 0x000000071aa00000| Untracked 
| 214|0x000000071ac00000, 0x000000071ae00000, 0x000000071ae00000|100%| O|  |TAMS 0x000000071ac00000| PB 0x000000071ac00000| Untracked 
| 215|0x000000071ae00000, 0x000000071b000000, 0x000000071b000000|100%| O|  |TAMS 0x000000071ae00000| PB 0x000000071ae00000| Untracked 
| 216|0x000000071b000000, 0x000000071b200000, 0x000000071b200000|100%| O|  |TAMS 0x000000071b000000| PB 0x000000071b000000| Untracked 
| 217|0x000000071b200000, 0x000000071b400000, 0x000000071b400000|100%| O|  |TAMS 0x000000071b200000| PB 0x000000071b200000| Untracked 
| 218|0x000000071b400000, 0x000000071b600000, 0x000000071b600000|100%| O|  |TAMS 0x000000071b400000| PB 0x000000071b400000| Untracked 
| 219|0x000000071b600000, 0x000000071b800000, 0x000000071b800000|100%| O|  |TAMS 0x000000071b600000| PB 0x000000071b600000| Untracked 
| 220|0x000000071b800000, 0x000000071b800000, 0x000000071ba00000|  0%| F|  |TAMS 0x000000071b800000| PB 0x000000071b800000| Untracked 
| 221|0x000000071ba00000, 0x000000071ba00000, 0x000000071bc00000|  0%| F|  |TAMS 0x000000071ba00000| PB 0x000000071ba00000| Untracked 
| 222|0x000000071bc00000, 0x000000071bc00000, 0x000000071be00000|  0%| F|  |TAMS 0x000000071bc00000| PB 0x000000071bc00000| Untracked 
| 223|0x000000071be00000, 0x000000071be00000, 0x000000071c000000|  0%| F|  |TAMS 0x000000071be00000| PB 0x000000071be00000| Untracked 
| 224|0x000000071c000000, 0x000000071c000000, 0x000000071c200000|  0%| F|  |TAMS 0x000000071c000000| PB 0x000000071c000000| Untracked 
| 225|0x000000071c200000, 0x000000071c400000, 0x000000071c400000|100%| O|  |TAMS 0x000000071c400000| PB 0x000000071c400000| Untracked 
| 226|0x000000071c400000, 0x000000071c600000, 0x000000071c600000|100%| O|  |TAMS 0x000000071c600000| PB 0x000000071c600000| Untracked 
| 227|0x000000071c600000, 0x000000071c800000, 0x000000071c800000|100%| O|  |TAMS 0x000000071c800000| PB 0x000000071c800000| Untracked 
| 228|0x000000071c800000, 0x000000071ca00000, 0x000000071ca00000|100%| O|  |TAMS 0x000000071ca00000| PB 0x000000071ca00000| Updating 
| 229|0x000000071ca00000, 0x000000071cc00000, 0x000000071cc00000|100%| O|  |TAMS 0x000000071cc00000| PB 0x000000071cc00000| Updating 
| 230|0x000000071cc00000, 0x000000071ce00000, 0x000000071ce00000|100%| O|  |TAMS 0x000000071ce00000| PB 0x000000071ce00000| Untracked 
| 231|0x000000071ce00000, 0x000000071d000000, 0x000000071d000000|100%| O|  |TAMS 0x000000071d000000| PB 0x000000071d000000| Untracked 
| 232|0x000000071d000000, 0x000000071d200000, 0x000000071d200000|100%| O|  |TAMS 0x000000071d200000| PB 0x000000071d200000| Updating 
| 233|0x000000071d200000, 0x000000071d400000, 0x000000071d400000|100%| O|  |TAMS 0x000000071d400000| PB 0x000000071d400000| Updating 
| 234|0x000000071d400000, 0x000000071d600000, 0x000000071d600000|100%| O|  |TAMS 0x000000071d600000| PB 0x000000071d600000| Updating 
| 235|0x000000071d600000, 0x000000071d600000, 0x000000071d800000|  0%| F|  |TAMS 0x000000071d600000| PB 0x000000071d600000| Untracked 
| 236|0x000000071d800000, 0x000000071d800000, 0x000000071da00000|  0%| F|  |TAMS 0x000000071d800000| PB 0x000000071d800000| Untracked 
| 237|0x000000071da00000, 0x000000071da00000, 0x000000071dc00000|  0%| F|  |TAMS 0x000000071da00000| PB 0x000000071da00000| Untracked 
| 238|0x000000071dc00000, 0x000000071dc00000, 0x000000071de00000|  0%| F|  |TAMS 0x000000071dc00000| PB 0x000000071dc00000| Untracked 
| 239|0x000000071de00000, 0x000000071de00000, 0x000000071e000000|  0%| F|  |TAMS 0x000000071de00000| PB 0x000000071de00000| Untracked 
| 240|0x000000071e000000, 0x000000071e000000, 0x000000071e200000|  0%| F|  |TAMS 0x000000071e000000| PB 0x000000071e000000| Untracked 
| 241|0x000000071e200000, 0x000000071e200000, 0x000000071e400000|  0%| F|  |TAMS 0x000000071e200000| PB 0x000000071e200000| Untracked 
| 242|0x000000071e400000, 0x000000071e400000, 0x000000071e600000|  0%| F|  |TAMS 0x000000071e400000| PB 0x000000071e400000| Untracked 
| 243|0x000000071e600000, 0x000000071e600000, 0x000000071e800000|  0%| F|  |TAMS 0x000000071e600000| PB 0x000000071e600000| Untracked 
| 244|0x000000071e800000, 0x000000071e800000, 0x000000071ea00000|  0%| F|  |TAMS 0x000000071e800000| PB 0x000000071e800000| Untracked 
| 245|0x000000071ea00000, 0x000000071ea00000, 0x000000071ec00000|  0%| F|  |TAMS 0x000000071ea00000| PB 0x000000071ea00000| Untracked 
| 246|0x000000071ec00000, 0x000000071ec00000, 0x000000071ee00000|  0%| F|  |TAMS 0x000000071ec00000| PB 0x000000071ec00000| Untracked 
| 247|0x000000071ee00000, 0x000000071ee00000, 0x000000071f000000|  0%| F|  |TAMS 0x000000071ee00000| PB 0x000000071ee00000| Untracked 
| 248|0x000000071f000000, 0x000000071f000000, 0x000000071f200000|  0%| F|  |TAMS 0x000000071f000000| PB 0x000000071f000000| Untracked 
| 249|0x000000071f200000, 0x000000071f200000, 0x000000071f400000|  0%| F|  |TAMS 0x000000071f200000| PB 0x000000071f200000| Untracked 
| 250|0x000000071f400000, 0x000000071f400000, 0x000000071f600000|  0%| F|  |TAMS 0x000000071f400000| PB 0x000000071f400000| Untracked 
| 251|0x000000071f600000, 0x000000071f600000, 0x000000071f800000|  0%| F|  |TAMS 0x000000071f600000| PB 0x000000071f600000| Untracked 
| 252|0x000000071f800000, 0x000000071f800000, 0x000000071fa00000|  0%| F|  |TAMS 0x000000071f800000| PB 0x000000071f800000| Untracked 
| 253|0x000000071fa00000, 0x000000071fa00000, 0x000000071fc00000|  0%| F|  |TAMS 0x000000071fa00000| PB 0x000000071fa00000| Untracked 
| 254|0x000000071fc00000, 0x000000071fc00000, 0x000000071fe00000|  0%| F|  |TAMS 0x000000071fc00000| PB 0x000000071fc00000| Untracked 
| 255|0x000000071fe00000, 0x000000071fe00000, 0x0000000720000000|  0%| F|  |TAMS 0x000000071fe00000| PB 0x000000071fe00000| Untracked 
| 256|0x0000000720000000, 0x0000000720000000, 0x0000000720200000|  0%| F|  |TAMS 0x0000000720000000| PB 0x0000000720000000| Untracked 
| 257|0x0000000720200000, 0x0000000720200000, 0x0000000720400000|  0%| F|  |TAMS 0x0000000720200000| PB 0x0000000720200000| Untracked 
| 258|0x0000000720400000, 0x0000000720400000, 0x0000000720600000|  0%| F|  |TAMS 0x0000000720400000| PB 0x0000000720400000| Untracked 
| 259|0x0000000720600000, 0x0000000720600000, 0x0000000720800000|  0%| F|  |TAMS 0x0000000720600000| PB 0x0000000720600000| Untracked 
| 260|0x0000000720800000, 0x0000000720800000, 0x0000000720a00000|  0%| F|  |TAMS 0x0000000720800000| PB 0x0000000720800000| Untracked 
| 261|0x0000000720a00000, 0x0000000720a00000, 0x0000000720c00000|  0%| F|  |TAMS 0x0000000720a00000| PB 0x0000000720a00000| Untracked 
| 262|0x0000000720c00000, 0x0000000720c00000, 0x0000000720e00000|  0%| F|  |TAMS 0x0000000720c00000| PB 0x0000000720c00000| Untracked 
| 263|0x0000000720e00000, 0x0000000720e00000, 0x0000000721000000|  0%| F|  |TAMS 0x0000000720e00000| PB 0x0000000720e00000| Untracked 
| 264|0x0000000721000000, 0x0000000721000000, 0x0000000721200000|  0%| F|  |TAMS 0x0000000721000000| PB 0x0000000721000000| Untracked 
| 265|0x0000000721200000, 0x0000000721200000, 0x0000000721400000|  0%| F|  |TAMS 0x0000000721200000| PB 0x0000000721200000| Untracked 
| 266|0x0000000721400000, 0x0000000721400000, 0x0000000721600000|  0%| F|  |TAMS 0x0000000721400000| PB 0x0000000721400000| Untracked 
| 267|0x0000000721600000, 0x0000000721600000, 0x0000000721800000|  0%| F|  |TAMS 0x0000000721600000| PB 0x0000000721600000| Untracked 
| 268|0x0000000721800000, 0x0000000721800000, 0x0000000721a00000|  0%| F|  |TAMS 0x0000000721800000| PB 0x0000000721800000| Untracked 
| 269|0x0000000721a00000, 0x0000000721a00000, 0x0000000721c00000|  0%| F|  |TAMS 0x0000000721a00000| PB 0x0000000721a00000| Untracked 
| 270|0x0000000721c00000, 0x0000000721cbe470, 0x0000000721e00000| 37%| S|CS|TAMS 0x0000000721c00000| PB 0x0000000721c00000| Complete 
| 271|0x0000000721e00000, 0x0000000722000000, 0x0000000722000000|100%| S|CS|TAMS 0x0000000721e00000| PB 0x0000000721e00000| Complete 
| 272|0x0000000722000000, 0x0000000722200000, 0x0000000722200000|100%| S|CS|TAMS 0x0000000722000000| PB 0x0000000722000000| Complete 
| 273|0x0000000722200000, 0x0000000722400000, 0x0000000722400000|100%| S|CS|TAMS 0x0000000722200000| PB 0x0000000722200000| Complete 
| 274|0x0000000722400000, 0x0000000722600000, 0x0000000722600000|100%| S|CS|TAMS 0x0000000722400000| PB 0x0000000722400000| Complete 
| 275|0x0000000722600000, 0x0000000722800000, 0x0000000722800000|100%| S|CS|TAMS 0x0000000722600000| PB 0x0000000722600000| Complete 
| 276|0x0000000722800000, 0x0000000722a00000, 0x0000000722a00000|100%| S|CS|TAMS 0x0000000722800000| PB 0x0000000722800000| Complete 
| 277|0x0000000722a00000, 0x0000000722c00000, 0x0000000722c00000|100%| S|CS|TAMS 0x0000000722a00000| PB 0x0000000722a00000| Complete 
| 278|0x0000000722c00000, 0x0000000722e00000, 0x0000000722e00000|100%| S|CS|TAMS 0x0000000722c00000| PB 0x0000000722c00000| Complete 
| 279|0x0000000722e00000, 0x0000000723000000, 0x0000000723000000|100%| S|CS|TAMS 0x0000000722e00000| PB 0x0000000722e00000| Complete 
| 280|0x0000000723000000, 0x0000000723200000, 0x0000000723200000|100%| S|CS|TAMS 0x0000000723000000| PB 0x0000000723000000| Complete 
| 281|0x0000000723200000, 0x0000000723400000, 0x0000000723400000|100%| S|CS|TAMS 0x0000000723200000| PB 0x0000000723200000| Complete 
| 282|0x0000000723400000, 0x0000000723600000, 0x0000000723600000|100%| S|CS|TAMS 0x0000000723400000| PB 0x0000000723400000| Complete 
| 283|0x0000000723600000, 0x0000000723800000, 0x0000000723800000|100%| S|CS|TAMS 0x0000000723600000| PB 0x0000000723600000| Complete 
| 284|0x0000000723800000, 0x0000000723800000, 0x0000000723a00000|  0%| F|  |TAMS 0x0000000723800000| PB 0x0000000723800000| Untracked 
| 285|0x0000000723a00000, 0x0000000723a00000, 0x0000000723c00000|  0%| F|  |TAMS 0x0000000723a00000| PB 0x0000000723a00000| Untracked 
| 286|0x0000000723c00000, 0x0000000723c00000, 0x0000000723e00000|  0%| F|  |TAMS 0x0000000723c00000| PB 0x0000000723c00000| Untracked 
| 287|0x0000000723e00000, 0x0000000723e00000, 0x0000000724000000|  0%| F|  |TAMS 0x0000000723e00000| PB 0x0000000723e00000| Untracked 
| 288|0x0000000724000000, 0x0000000724000000, 0x0000000724200000|  0%| F|  |TAMS 0x0000000724000000| PB 0x0000000724000000| Untracked 
| 289|0x0000000724200000, 0x0000000724200000, 0x0000000724400000|  0%| F|  |TAMS 0x0000000724200000| PB 0x0000000724200000| Untracked 
| 290|0x0000000724400000, 0x0000000724400000, 0x0000000724600000|  0%| F|  |TAMS 0x0000000724400000| PB 0x0000000724400000| Untracked 
| 291|0x0000000724600000, 0x0000000724600000, 0x0000000724800000|  0%| F|  |TAMS 0x0000000724600000| PB 0x0000000724600000| Untracked 
| 292|0x0000000724800000, 0x0000000724800000, 0x0000000724a00000|  0%| F|  |TAMS 0x0000000724800000| PB 0x0000000724800000| Untracked 
| 293|0x0000000724a00000, 0x0000000724a00000, 0x0000000724c00000|  0%| F|  |TAMS 0x0000000724a00000| PB 0x0000000724a00000| Untracked 
| 294|0x0000000724c00000, 0x0000000724c00000, 0x0000000724e00000|  0%| F|  |TAMS 0x0000000724c00000| PB 0x0000000724c00000| Untracked 
| 295|0x0000000724e00000, 0x0000000724e00000, 0x0000000725000000|  0%| F|  |TAMS 0x0000000724e00000| PB 0x0000000724e00000| Untracked 
| 296|0x0000000725000000, 0x0000000725000000, 0x0000000725200000|  0%| F|  |TAMS 0x0000000725000000| PB 0x0000000725000000| Untracked 
| 297|0x0000000725200000, 0x0000000725200000, 0x0000000725400000|  0%| F|  |TAMS 0x0000000725200000| PB 0x0000000725200000| Untracked 
| 298|0x0000000725400000, 0x0000000725400000, 0x0000000725600000|  0%| F|  |TAMS 0x0000000725400000| PB 0x0000000725400000| Untracked 
| 299|0x0000000725600000, 0x0000000725600000, 0x0000000725800000|  0%| F|  |TAMS 0x0000000725600000| PB 0x0000000725600000| Untracked 
| 300|0x0000000725800000, 0x0000000725800000, 0x0000000725a00000|  0%| F|  |TAMS 0x0000000725800000| PB 0x0000000725800000| Untracked 
| 301|0x0000000725a00000, 0x0000000725a00000, 0x0000000725c00000|  0%| F|  |TAMS 0x0000000725a00000| PB 0x0000000725a00000| Untracked 
| 302|0x0000000725c00000, 0x0000000725c00000, 0x0000000725e00000|  0%| F|  |TAMS 0x0000000725c00000| PB 0x0000000725c00000| Untracked 
| 303|0x0000000725e00000, 0x0000000725e00000, 0x0000000726000000|  0%| F|  |TAMS 0x0000000725e00000| PB 0x0000000725e00000| Untracked 
| 304|0x0000000726000000, 0x0000000726000000, 0x0000000726200000|  0%| F|  |TAMS 0x0000000726000000| PB 0x0000000726000000| Untracked 
| 305|0x0000000726200000, 0x0000000726200000, 0x0000000726400000|  0%| F|  |TAMS 0x0000000726200000| PB 0x0000000726200000| Untracked 
| 306|0x0000000726400000, 0x0000000726400000, 0x0000000726600000|  0%| F|  |TAMS 0x0000000726400000| PB 0x0000000726400000| Untracked 
| 307|0x0000000726600000, 0x0000000726600000, 0x0000000726800000|  0%| F|  |TAMS 0x0000000726600000| PB 0x0000000726600000| Untracked 
| 308|0x0000000726800000, 0x0000000726800000, 0x0000000726a00000|  0%| F|  |TAMS 0x0000000726800000| PB 0x0000000726800000| Untracked 
| 309|0x0000000726a00000, 0x0000000726a00000, 0x0000000726c00000|  0%| F|  |TAMS 0x0000000726a00000| PB 0x0000000726a00000| Untracked 
| 310|0x0000000726c00000, 0x0000000726c00000, 0x0000000726e00000|  0%| F|  |TAMS 0x0000000726c00000| PB 0x0000000726c00000| Untracked 
| 311|0x0000000726e00000, 0x0000000726e00000, 0x0000000727000000|  0%| F|  |TAMS 0x0000000726e00000| PB 0x0000000726e00000| Untracked 
| 312|0x0000000727000000, 0x0000000727000000, 0x0000000727200000|  0%| F|  |TAMS 0x0000000727000000| PB 0x0000000727000000| Untracked 
| 313|0x0000000727200000, 0x0000000727200000, 0x0000000727400000|  0%| F|  |TAMS 0x0000000727200000| PB 0x0000000727200000| Untracked 
| 314|0x0000000727400000, 0x0000000727400000, 0x0000000727600000|  0%| F|  |TAMS 0x0000000727400000| PB 0x0000000727400000| Untracked 
| 315|0x0000000727600000, 0x0000000727600000, 0x0000000727800000|  0%| F|  |TAMS 0x0000000727600000| PB 0x0000000727600000| Untracked 
| 316|0x0000000727800000, 0x0000000727800000, 0x0000000727a00000|  0%| F|  |TAMS 0x0000000727800000| PB 0x0000000727800000| Untracked 
| 317|0x0000000727a00000, 0x0000000727a00000, 0x0000000727c00000|  0%| F|  |TAMS 0x0000000727a00000| PB 0x0000000727a00000| Untracked 
| 318|0x0000000727c00000, 0x0000000727c00000, 0x0000000727e00000|  0%| F|  |TAMS 0x0000000727c00000| PB 0x0000000727c00000| Untracked 
| 319|0x0000000727e00000, 0x0000000727e00000, 0x0000000728000000|  0%| F|  |TAMS 0x0000000727e00000| PB 0x0000000727e00000| Untracked 
| 320|0x0000000728000000, 0x0000000728000000, 0x0000000728200000|  0%| F|  |TAMS 0x0000000728000000| PB 0x0000000728000000| Untracked 
| 321|0x0000000728200000, 0x0000000728200000, 0x0000000728400000|  0%| F|  |TAMS 0x0000000728200000| PB 0x0000000728200000| Untracked 
| 322|0x0000000728400000, 0x0000000728400000, 0x0000000728600000|  0%| F|  |TAMS 0x0000000728400000| PB 0x0000000728400000| Untracked 
| 323|0x0000000728600000, 0x0000000728600000, 0x0000000728800000|  0%| F|  |TAMS 0x0000000728600000| PB 0x0000000728600000| Untracked 
| 324|0x0000000728800000, 0x0000000728800000, 0x0000000728a00000|  0%| F|  |TAMS 0x0000000728800000| PB 0x0000000728800000| Untracked 
| 325|0x0000000728a00000, 0x0000000728a00000, 0x0000000728c00000|  0%| F|  |TAMS 0x0000000728a00000| PB 0x0000000728a00000| Untracked 
| 326|0x0000000728c00000, 0x0000000728c00000, 0x0000000728e00000|  0%| F|  |TAMS 0x0000000728c00000| PB 0x0000000728c00000| Untracked 
| 327|0x0000000728e00000, 0x0000000728e00000, 0x0000000729000000|  0%| F|  |TAMS 0x0000000728e00000| PB 0x0000000728e00000| Untracked 
| 328|0x0000000729000000, 0x0000000729000000, 0x0000000729200000|  0%| F|  |TAMS 0x0000000729000000| PB 0x0000000729000000| Untracked 
| 329|0x0000000729200000, 0x0000000729200000, 0x0000000729400000|  0%| F|  |TAMS 0x0000000729200000| PB 0x0000000729200000| Untracked 
| 330|0x0000000729400000, 0x0000000729400000, 0x0000000729600000|  0%| F|  |TAMS 0x0000000729400000| PB 0x0000000729400000| Untracked 
| 331|0x0000000729600000, 0x0000000729600000, 0x0000000729800000|  0%| F|  |TAMS 0x0000000729600000| PB 0x0000000729600000| Untracked 
| 332|0x0000000729800000, 0x0000000729800000, 0x0000000729a00000|  0%| F|  |TAMS 0x0000000729800000| PB 0x0000000729800000| Untracked 
| 333|0x0000000729a00000, 0x0000000729a00000, 0x0000000729c00000|  0%| F|  |TAMS 0x0000000729a00000| PB 0x0000000729a00000| Untracked 
| 334|0x0000000729c00000, 0x0000000729c00000, 0x0000000729e00000|  0%| F|  |TAMS 0x0000000729c00000| PB 0x0000000729c00000| Untracked 
| 335|0x0000000729e00000, 0x0000000729e00000, 0x000000072a000000|  0%| F|  |TAMS 0x0000000729e00000| PB 0x0000000729e00000| Untracked 
| 336|0x000000072a000000, 0x000000072a000000, 0x000000072a200000|  0%| F|  |TAMS 0x000000072a000000| PB 0x000000072a000000| Untracked 
| 337|0x000000072a200000, 0x000000072a200000, 0x000000072a400000|  0%| F|  |TAMS 0x000000072a200000| PB 0x000000072a200000| Untracked 
| 338|0x000000072a400000, 0x000000072a400000, 0x000000072a600000|  0%| F|  |TAMS 0x000000072a400000| PB 0x000000072a400000| Untracked 
| 339|0x000000072a600000, 0x000000072a600000, 0x000000072a800000|  0%| F|  |TAMS 0x000000072a600000| PB 0x000000072a600000| Untracked 
| 340|0x000000072a800000, 0x000000072a800000, 0x000000072aa00000|  0%| F|  |TAMS 0x000000072a800000| PB 0x000000072a800000| Untracked 
| 341|0x000000072aa00000, 0x000000072aa00000, 0x000000072ac00000|  0%| F|  |TAMS 0x000000072aa00000| PB 0x000000072aa00000| Untracked 
| 342|0x000000072ac00000, 0x000000072ac00000, 0x000000072ae00000|  0%| F|  |TAMS 0x000000072ac00000| PB 0x000000072ac00000| Untracked 
| 343|0x000000072ae00000, 0x000000072ae00000, 0x000000072b000000|  0%| F|  |TAMS 0x000000072ae00000| PB 0x000000072ae00000| Untracked 
| 344|0x000000072b000000, 0x000000072b200000, 0x000000072b200000|100%| E|  |TAMS 0x000000072b000000| PB 0x000000072b000000| Complete 
| 345|0x000000072b200000, 0x000000072b400000, 0x000000072b400000|100%| E|CS|TAMS 0x000000072b200000| PB 0x000000072b200000| Complete 
| 346|0x000000072b400000, 0x000000072b600000, 0x000000072b600000|100%| E|CS|TAMS 0x000000072b400000| PB 0x000000072b400000| Complete 
| 347|0x000000072b600000, 0x000000072b800000, 0x000000072b800000|100%| E|CS|TAMS 0x000000072b600000| PB 0x000000072b600000| Complete 
| 348|0x000000072b800000, 0x000000072ba00000, 0x000000072ba00000|100%| E|CS|TAMS 0x000000072b800000| PB 0x000000072b800000| Complete 
| 349|0x000000072ba00000, 0x000000072bc00000, 0x000000072bc00000|100%| E|CS|TAMS 0x000000072ba00000| PB 0x000000072ba00000| Complete 
| 350|0x000000072bc00000, 0x000000072be00000, 0x000000072be00000|100%| E|CS|TAMS 0x000000072bc00000| PB 0x000000072bc00000| Complete 
| 351|0x000000072be00000, 0x000000072c000000, 0x000000072c000000|100%| E|CS|TAMS 0x000000072be00000| PB 0x000000072be00000| Complete 
| 352|0x000000072c000000, 0x000000072c200000, 0x000000072c200000|100%| E|CS|TAMS 0x000000072c000000| PB 0x000000072c000000| Complete 
| 353|0x000000072c200000, 0x000000072c400000, 0x000000072c400000|100%| E|CS|TAMS 0x000000072c200000| PB 0x000000072c200000| Complete 
| 354|0x000000072c400000, 0x000000072c600000, 0x000000072c600000|100%| E|CS|TAMS 0x000000072c400000| PB 0x000000072c400000| Complete 
| 355|0x000000072c600000, 0x000000072c800000, 0x000000072c800000|100%| E|CS|TAMS 0x000000072c600000| PB 0x000000072c600000| Complete 
| 356|0x000000072c800000, 0x000000072ca00000, 0x000000072ca00000|100%| E|CS|TAMS 0x000000072c800000| PB 0x000000072c800000| Complete 
| 357|0x000000072ca00000, 0x000000072cc00000, 0x000000072cc00000|100%| E|CS|TAMS 0x000000072ca00000| PB 0x000000072ca00000| Complete 
| 358|0x000000072cc00000, 0x000000072ce00000, 0x000000072ce00000|100%| E|CS|TAMS 0x000000072cc00000| PB 0x000000072cc00000| Complete 
| 359|0x000000072ce00000, 0x000000072d000000, 0x000000072d000000|100%| E|CS|TAMS 0x000000072ce00000| PB 0x000000072ce00000| Complete 
| 360|0x000000072d000000, 0x000000072d200000, 0x000000072d200000|100%| E|CS|TAMS 0x000000072d000000| PB 0x000000072d000000| Complete 
| 361|0x000000072d200000, 0x000000072d400000, 0x000000072d400000|100%| E|CS|TAMS 0x000000072d200000| PB 0x000000072d200000| Complete 
| 362|0x000000072d400000, 0x000000072d600000, 0x000000072d600000|100%| E|CS|TAMS 0x000000072d400000| PB 0x000000072d400000| Complete 
| 363|0x000000072d600000, 0x000000072d800000, 0x000000072d800000|100%| E|CS|TAMS 0x000000072d600000| PB 0x000000072d600000| Complete 
| 364|0x000000072d800000, 0x000000072da00000, 0x000000072da00000|100%| E|CS|TAMS 0x000000072d800000| PB 0x000000072d800000| Complete 
| 365|0x000000072da00000, 0x000000072dc00000, 0x000000072dc00000|100%| E|CS|TAMS 0x000000072da00000| PB 0x000000072da00000| Complete 
| 366|0x000000072dc00000, 0x000000072de00000, 0x000000072de00000|100%| E|CS|TAMS 0x000000072dc00000| PB 0x000000072dc00000| Complete 
| 367|0x000000072de00000, 0x000000072e000000, 0x000000072e000000|100%| E|CS|TAMS 0x000000072de00000| PB 0x000000072de00000| Complete 
| 368|0x000000072e000000, 0x000000072e200000, 0x000000072e200000|100%| E|CS|TAMS 0x000000072e000000| PB 0x000000072e000000| Complete 
| 369|0x000000072e200000, 0x000000072e400000, 0x000000072e400000|100%| E|CS|TAMS 0x000000072e200000| PB 0x000000072e200000| Complete 
| 370|0x000000072e400000, 0x000000072e600000, 0x000000072e600000|100%| E|  |TAMS 0x000000072e400000| PB 0x000000072e400000| Complete 
| 371|0x000000072e600000, 0x000000072e800000, 0x000000072e800000|100%| E|CS|TAMS 0x000000072e600000| PB 0x000000072e600000| Complete 
| 372|0x000000072e800000, 0x000000072ea00000, 0x000000072ea00000|100%| E|CS|TAMS 0x000000072e800000| PB 0x000000072e800000| Complete 
| 373|0x000000072ea00000, 0x000000072ec00000, 0x000000072ec00000|100%| E|CS|TAMS 0x000000072ea00000| PB 0x000000072ea00000| Complete 
| 374|0x000000072ec00000, 0x000000072ee00000, 0x000000072ee00000|100%| E|CS|TAMS 0x000000072ec00000| PB 0x000000072ec00000| Complete 
| 375|0x000000072ee00000, 0x000000072f000000, 0x000000072f000000|100%| E|CS|TAMS 0x000000072ee00000| PB 0x000000072ee00000| Complete 
| 376|0x000000072f000000, 0x000000072f200000, 0x000000072f200000|100%| E|CS|TAMS 0x000000072f000000| PB 0x000000072f000000| Complete 
| 377|0x000000072f200000, 0x000000072f400000, 0x000000072f400000|100%| E|CS|TAMS 0x000000072f200000| PB 0x000000072f200000| Complete 
| 378|0x000000072f400000, 0x000000072f600000, 0x000000072f600000|100%| E|CS|TAMS 0x000000072f400000| PB 0x000000072f400000| Complete 
| 379|0x000000072f600000, 0x000000072f800000, 0x000000072f800000|100%| E|CS|TAMS 0x000000072f600000| PB 0x000000072f600000| Complete 
| 380|0x000000072f800000, 0x000000072fa00000, 0x000000072fa00000|100%| E|CS|TAMS 0x000000072f800000| PB 0x000000072f800000| Complete 
| 381|0x000000072fa00000, 0x000000072fc00000, 0x000000072fc00000|100%| E|CS|TAMS 0x000000072fa00000| PB 0x000000072fa00000| Complete 
| 382|0x000000072fc00000, 0x000000072fe00000, 0x000000072fe00000|100%| E|CS|TAMS 0x000000072fc00000| PB 0x000000072fc00000| Complete 
| 383|0x000000072fe00000, 0x0000000730000000, 0x0000000730000000|100%| E|CS|TAMS 0x000000072fe00000| PB 0x000000072fe00000| Complete 
| 384|0x0000000730000000, 0x0000000730200000, 0x0000000730200000|100%| E|CS|TAMS 0x0000000730000000| PB 0x0000000730000000| Complete 
| 385|0x0000000730200000, 0x0000000730400000, 0x0000000730400000|100%| E|CS|TAMS 0x0000000730200000| PB 0x0000000730200000| Complete 
| 386|0x0000000730400000, 0x0000000730600000, 0x0000000730600000|100%| E|CS|TAMS 0x0000000730400000| PB 0x0000000730400000| Complete 
| 387|0x0000000730600000, 0x0000000730800000, 0x0000000730800000|100%| E|CS|TAMS 0x0000000730600000| PB 0x0000000730600000| Complete 
| 388|0x0000000730800000, 0x0000000730a00000, 0x0000000730a00000|100%| E|CS|TAMS 0x0000000730800000| PB 0x0000000730800000| Complete 
| 641|0x0000000750200000, 0x0000000750400000, 0x0000000750400000|100%| E|CS|TAMS 0x0000000750200000| PB 0x0000000750200000| Complete 
| 642|0x0000000750400000, 0x0000000750600000, 0x0000000750600000|100%| E|CS|TAMS 0x0000000750400000| PB 0x0000000750400000| Complete 
| 643|0x0000000750600000, 0x0000000750800000, 0x0000000750800000|100%| E|CS|TAMS 0x0000000750600000| PB 0x0000000750600000| Complete 
| 644|0x0000000750800000, 0x0000000750a00000, 0x0000000750a00000|100%| E|CS|TAMS 0x0000000750800000| PB 0x0000000750800000| Complete 
| 645|0x0000000750a00000, 0x0000000750c00000, 0x0000000750c00000|100%| E|CS|TAMS 0x0000000750a00000| PB 0x0000000750a00000| Complete 
| 646|0x0000000750c00000, 0x0000000750e00000, 0x0000000750e00000|100%| E|CS|TAMS 0x0000000750c00000| PB 0x0000000750c00000| Complete 
| 647|0x0000000750e00000, 0x0000000751000000, 0x0000000751000000|100%| E|CS|TAMS 0x0000000750e00000| PB 0x0000000750e00000| Complete 
| 648|0x0000000751000000, 0x0000000751200000, 0x0000000751200000|100%| E|CS|TAMS 0x0000000751000000| PB 0x0000000751000000| Complete 
| 649|0x0000000751200000, 0x0000000751400000, 0x0000000751400000|100%| E|CS|TAMS 0x0000000751200000| PB 0x0000000751200000| Complete 
| 650|0x0000000751400000, 0x0000000751600000, 0x0000000751600000|100%| E|CS|TAMS 0x0000000751400000| PB 0x0000000751400000| Complete 
| 651|0x0000000751600000, 0x0000000751800000, 0x0000000751800000|100%| E|CS|TAMS 0x0000000751600000| PB 0x0000000751600000| Complete 
|1973|0x00000007f6a00000, 0x00000007f6c00000, 0x00000007f6c00000|100%| O|  |TAMS 0x00000007f6b00000| PB 0x00000007f6b00000| Updating 
|1974|0x00000007f6c00000, 0x00000007f6e00000, 0x00000007f6e00000|100%| O|  |TAMS 0x00000007f6e00000| PB 0x00000007f6e00000| Updating 
|1975|0x00000007f6e00000, 0x00000007f7000000, 0x00000007f7000000|100%| O|  |TAMS 0x00000007f7000000| PB 0x00000007f7000000| Updating 
|1976|0x00000007f7000000, 0x00000007f7200000, 0x00000007f7200000|100%| O|  |TAMS 0x00000007f7200000| PB 0x00000007f7200000| Updating 
|1977|0x00000007f7200000, 0x00000007f7400000, 0x00000007f7400000|100%| O|  |TAMS 0x00000007f7400000| PB 0x00000007f7400000| Updating 
|1978|0x00000007f7400000, 0x00000007f7600000, 0x00000007f7600000|100%| O|  |TAMS 0x00000007f7600000| PB 0x00000007f7600000| Updating 
|1979|0x00000007f7600000, 0x00000007f7800000, 0x00000007f7800000|100%| O|  |TAMS 0x00000007f7800000| PB 0x00000007f7800000| Untracked 
|1980|0x00000007f7800000, 0x00000007f7a00000, 0x00000007f7a00000|100%| O|  |TAMS 0x00000007f7a00000| PB 0x00000007f7a00000| Untracked 
|1981|0x00000007f7a00000, 0x00000007f7c00000, 0x00000007f7c00000|100%| O|  |TAMS 0x00000007f7c00000| PB 0x00000007f7c00000| Untracked 
|1982|0x00000007f7c00000, 0x00000007f7e00000, 0x00000007f7e00000|100%| O|  |TAMS 0x00000007f7e00000| PB 0x00000007f7e00000| Untracked 
|1983|0x00000007f7e00000, 0x00000007f8000000, 0x00000007f8000000|100%| O|  |TAMS 0x00000007f8000000| PB 0x00000007f8000000| Updating 
|1984|0x00000007f8000000, 0x00000007f8200000, 0x00000007f8200000|100%| O|  |TAMS 0x00000007f8200000| PB 0x00000007f8200000| Updating 
|1985|0x00000007f8200000, 0x00000007f8400000, 0x00000007f8400000|100%| O|  |TAMS 0x00000007f8400000| PB 0x00000007f8400000| Updating 
|1986|0x00000007f8400000, 0x00000007f8600000, 0x00000007f8600000|100%| O|  |TAMS 0x00000007f8600000| PB 0x00000007f8600000| Untracked 
|1987|0x00000007f8600000, 0x00000007f8800000, 0x00000007f8800000|100%| O|  |TAMS 0x00000007f8800000| PB 0x00000007f8800000| Untracked 
|1988|0x00000007f8800000, 0x00000007f8a00000, 0x00000007f8a00000|100%| O|  |TAMS 0x00000007f8a00000| PB 0x00000007f8a00000| Untracked 
|1989|0x00000007f8a00000, 0x00000007f8c00000, 0x00000007f8c00000|100%| O|  |TAMS 0x00000007f8c00000| PB 0x00000007f8c00000| Updating 
|1990|0x00000007f8c00000, 0x00000007f8e00000, 0x00000007f8e00000|100%| O|  |TAMS 0x00000007f8e00000| PB 0x00000007f8e00000| Updating 
|1991|0x00000007f8e00000, 0x00000007f9000000, 0x00000007f9000000|100%| O|  |TAMS 0x00000007f9000000| PB 0x00000007f9000000| Untracked 
|1992|0x00000007f9000000, 0x00000007f9200000, 0x00000007f9200000|100%| O|  |TAMS 0x00000007f9200000| PB 0x00000007f9200000| Untracked 
|1993|0x00000007f9200000, 0x00000007f9400000, 0x00000007f9400000|100%| O|  |TAMS 0x00000007f9400000| PB 0x00000007f9400000| Untracked 
|1994|0x00000007f9400000, 0x00000007f9600000, 0x00000007f9600000|100%| O|  |TAMS 0x00000007f9600000| PB 0x00000007f9600000| Untracked 
|1995|0x00000007f9600000, 0x00000007f9800000, 0x00000007f9800000|100%| O|  |TAMS 0x00000007f9800000| PB 0x00000007f9800000| Untracked 
|1996|0x00000007f9800000, 0x00000007f9a00000, 0x00000007f9a00000|100%| O|  |TAMS 0x00000007f9a00000| PB 0x00000007f9a00000| Untracked 
|1997|0x00000007f9a00000, 0x00000007f9c00000, 0x00000007f9c00000|100%| O|  |TAMS 0x00000007f9c00000| PB 0x00000007f9c00000| Untracked 
|1998|0x00000007f9c00000, 0x00000007f9e00000, 0x00000007f9e00000|100%| O|  |TAMS 0x00000007f9e00000| PB 0x00000007f9e00000| Untracked 
|1999|0x00000007f9e00000, 0x00000007fa000000, 0x00000007fa000000|100%| O|  |TAMS 0x00000007fa000000| PB 0x00000007fa000000| Untracked 
|2000|0x00000007fa000000, 0x00000007fa200000, 0x00000007fa200000|100%| O|  |TAMS 0x00000007fa200000| PB 0x00000007fa200000| Untracked 
|2001|0x00000007fa200000, 0x00000007fa400000, 0x00000007fa400000|100%| O|  |TAMS 0x00000007fa400000| PB 0x00000007fa400000| Updating 
|2002|0x00000007fa400000, 0x00000007fa600000, 0x00000007fa600000|100%| O|  |TAMS 0x00000007fa600000| PB 0x00000007fa600000| Updating 
|2003|0x00000007fa600000, 0x00000007fa800000, 0x00000007fa800000|100%| O|  |TAMS 0x00000007fa800000| PB 0x00000007fa800000| Updating 
|2004|0x00000007fa800000, 0x00000007faa00000, 0x00000007faa00000|100%| O|  |TAMS 0x00000007faa00000| PB 0x00000007faa00000| Updating 
|2005|0x00000007faa00000, 0x00000007fac00000, 0x00000007fac00000|100%| O|  |TAMS 0x00000007fac00000| PB 0x00000007fac00000| Updating 
|2006|0x00000007fac00000, 0x00000007fae00000, 0x00000007fae00000|100%| O|  |TAMS 0x00000007fae00000| PB 0x00000007fae00000| Updating 
|2007|0x00000007fae00000, 0x00000007fb000000, 0x00000007fb000000|100%| O|  |TAMS 0x00000007fb000000| PB 0x00000007fb000000| Updating 
|2008|0x00000007fb000000, 0x00000007fb200000, 0x00000007fb200000|100%| O|  |TAMS 0x00000007fb200000| PB 0x00000007fb200000| Updating 
|2009|0x00000007fb200000, 0x00000007fb400000, 0x00000007fb400000|100%| O|  |TAMS 0x00000007fb400000| PB 0x00000007fb400000| Updating 
|2010|0x00000007fb400000, 0x00000007fb600000, 0x00000007fb600000|100%| E|CS|TAMS 0x00000007fb400000| PB 0x00000007fb400000| Complete 
|2011|0x00000007fb600000, 0x00000007fb800000, 0x00000007fb800000|100%| O|  |TAMS 0x00000007fb800000| PB 0x00000007fb800000| Updating 
|2012|0x00000007fb800000, 0x00000007fba00000, 0x00000007fba00000|100%| E|CS|TAMS 0x00000007fb800000| PB 0x00000007fb800000| Complete 
|2013|0x00000007fba00000, 0x00000007fbc00000, 0x00000007fbc00000|100%| E|CS|TAMS 0x00000007fba00000| PB 0x00000007fba00000| Complete 
|2014|0x00000007fbc00000, 0x00000007fbe00000, 0x00000007fbe00000|100%| E|CS|TAMS 0x00000007fbc00000| PB 0x00000007fbc00000| Complete 
|2015|0x00000007fbe00000, 0x00000007fc000000, 0x00000007fc000000|100%| E|CS|TAMS 0x00000007fbe00000| PB 0x00000007fbe00000| Complete 
|2016|0x00000007fc000000, 0x00000007fc200000, 0x00000007fc200000|100%| E|CS|TAMS 0x00000007fc000000| PB 0x00000007fc000000| Complete 
|2017|0x00000007fc200000, 0x00000007fc400000, 0x00000007fc400000|100%| E|CS|TAMS 0x00000007fc200000| PB 0x00000007fc200000| Complete 
|2018|0x00000007fc400000, 0x00000007fc600000, 0x00000007fc600000|100%| O|  |TAMS 0x00000007fc600000| PB 0x00000007fc600000| Untracked 
|2019|0x00000007fc600000, 0x00000007fc800000, 0x00000007fc800000|100%| E|CS|TAMS 0x00000007fc600000| PB 0x00000007fc600000| Complete 
|2020|0x00000007fc800000, 0x00000007fca00000, 0x00000007fca00000|100%| E|CS|TAMS 0x00000007fc800000| PB 0x00000007fc800000| Complete 
|2021|0x00000007fca00000, 0x00000007fcc00000, 0x00000007fcc00000|100%| E|CS|TAMS 0x00000007fca00000| PB 0x00000007fca00000| Complete 
|2022|0x00000007fcc00000, 0x00000007fce00000, 0x00000007fce00000|100%| E|CS|TAMS 0x00000007fcc00000| PB 0x00000007fcc00000| Complete 
|2023|0x00000007fce00000, 0x00000007fd000000, 0x00000007fd000000|100%| E|CS|TAMS 0x00000007fce00000| PB 0x00000007fce00000| Complete 
|2024|0x00000007fd000000, 0x00000007fd200000, 0x00000007fd200000|100%| E|CS|TAMS 0x00000007fd000000| PB 0x00000007fd000000| Complete 
|2025|0x00000007fd200000, 0x00000007fd400000, 0x00000007fd400000|100%| E|CS|TAMS 0x00000007fd200000| PB 0x00000007fd200000| Complete 
|2026|0x00000007fd400000, 0x00000007fd600000, 0x00000007fd600000|100%| O|  |TAMS 0x00000007fd600000| PB 0x00000007fd600000| Updating 
|2027|0x00000007fd600000, 0x00000007fd800000, 0x00000007fd800000|100%| O|  |TAMS 0x00000007fd800000| PB 0x00000007fd800000| Updating 
|2028|0x00000007fd800000, 0x00000007fda00000, 0x00000007fda00000|100%| E|CS|TAMS 0x00000007fd800000| PB 0x00000007fd800000| Complete 
|2029|0x00000007fda00000, 0x00000007fdc00000, 0x00000007fdc00000|100%| E|CS|TAMS 0x00000007fda00000| PB 0x00000007fda00000| Complete 
|2030|0x00000007fdc00000, 0x00000007fde00000, 0x00000007fde00000|100%| E|CS|TAMS 0x00000007fdc00000| PB 0x00000007fdc00000| Complete 
|2031|0x00000007fde00000, 0x00000007fe000000, 0x00000007fe000000|100%| E|CS|TAMS 0x00000007fde00000| PB 0x00000007fde00000| Complete 
|2032|0x00000007fe000000, 0x00000007fe200000, 0x00000007fe200000|100%| E|CS|TAMS 0x00000007fe000000| PB 0x00000007fe000000| Complete 
|2033|0x00000007fe200000, 0x00000007fe400000, 0x00000007fe400000|100%| E|CS|TAMS 0x00000007fe200000| PB 0x00000007fe200000| Complete 
|2034|0x00000007fe400000, 0x00000007fe600000, 0x00000007fe600000|100%| E|CS|TAMS 0x00000007fe400000| PB 0x00000007fe400000| Complete 
|2035|0x00000007fe600000, 0x00000007fe800000, 0x00000007fe800000|100%| E|CS|TAMS 0x00000007fe600000| PB 0x00000007fe600000| Complete 
|2036|0x00000007fe800000, 0x00000007fea00000, 0x00000007fea00000|100%| E|CS|TAMS 0x00000007fe800000| PB 0x00000007fe800000| Complete 
|2037|0x00000007fea00000, 0x00000007fec00000, 0x00000007fec00000|100%| E|CS|TAMS 0x00000007fea00000| PB 0x00000007fea00000| Complete 
|2038|0x00000007fec00000, 0x00000007fee00000, 0x00000007fee00000|100%| E|CS|TAMS 0x00000007fec00000| PB 0x00000007fec00000| Complete 
|2039|0x00000007fee00000, 0x00000007ff000000, 0x00000007ff000000|100%| E|CS|TAMS 0x00000007fee00000| PB 0x00000007fee00000| Complete 
|2040|0x00000007ff000000, 0x00000007ff200000, 0x00000007ff200000|100%| E|CS|TAMS 0x00000007ff000000| PB 0x00000007ff000000| Complete 
|2041|0x00000007ff200000, 0x00000007ff400000, 0x00000007ff400000|100%| E|CS|TAMS 0x00000007ff200000| PB 0x00000007ff200000| Complete 
|2042|0x00000007ff400000, 0x00000007ff600000, 0x00000007ff600000|100%| O|  |TAMS 0x00000007ff600000| PB 0x00000007ff600000| Updating 
|2043|0x00000007ff600000, 0x00000007ff800000, 0x00000007ff800000|100%| O|  |TAMS 0x00000007ff800000| PB 0x00000007ff800000| Untracked 
|2044|0x00000007ff800000, 0x00000007ffa00000, 0x00000007ffa00000|100%| O|  |TAMS 0x00000007ffa00000| PB 0x00000007ffa00000| Untracked 
|2045|0x00000007ffa00000, 0x00000007ffc00000, 0x00000007ffc00000|100%| O|  |TAMS 0x00000007ffc00000| PB 0x00000007ffc00000| Untracked 
|2046|0x00000007ffc00000, 0x00000007ffe00000, 0x00000007ffe00000|100%| O|  |TAMS 0x00000007ffe00000| PB 0x00000007ffe00000| Untracked 
|2047|0x00000007ffe00000, 0x0000000800000000, 0x0000000800000000|100%| O|  |TAMS 0x0000000800000000| PB 0x0000000800000000| Untracked 

Card table byte_map: [0x00000289c4bc0000,0x00000289c53c0000] _byte_map_base: 0x00000289c13c0000

Marking Bits: (CMBitMap*) 0x00000289b1a159a0
 Bits: [0x00000289c53c0000, 0x00000289c93c0000)

Polling page: 0x00000289af7c0000

Metaspace:

Usage:
  Non-class:    274.79 MB used.
      Class:     40.31 MB used.
       Both:    315.11 MB used.

Virtual space:
  Non-class space:      320.00 MB reserved,     276.50 MB ( 86%) committed,  5 nodes.
      Class space:        1.00 GB reserved,      42.00 MB (  4%) committed,  1 nodes.
             Both:        1.31 GB reserved,     318.50 MB ( 24%) committed. 

Chunk freelists:
   Non-Class:  10.77 MB
       Class:  5.96 MB
        Both:  16.73 MB

MaxMetaspaceSize: unlimited
CompressedClassSpaceSize: 1.00 GB
Initial GC threshold: 21.00 MB
Current GC threshold: 506.69 MB
CDS: off
 - commit_granule_bytes: 65536.
 - commit_granule_words: 8192.
 - virtual_space_node_default_size: 8388608.
 - enlarge_chunks_in_place: 1.
 - use_allocation_guard: 0.


Internal statistics:

num_allocs_failed_limit: 12.
num_arena_births: 7184.
num_arena_deaths: 28.
num_vsnodes_births: 6.
num_vsnodes_deaths: 0.
num_space_committed: 5091.
num_space_uncommitted: 0.
num_chunks_returned_to_freelist: 58.
num_chunks_taken_from_freelist: 20628.
num_chunk_merges: 14.
num_chunk_splits: 14314.
num_chunks_enlarged: 9985.
num_inconsistent_stats: 0.

CodeHeap 'non-profiled nmethods': size=119168Kb used=17112Kb max_used=25228Kb free=102055Kb
 bounds [0x00000289bc6b0000, 0x00000289bdf60000, 0x00000289c3b10000]
CodeHeap 'profiled nmethods': size=119104Kb used=28762Kb max_used=52176Kb free=90341Kb
 bounds [0x00000289b4b10000, 0x00000289b7e10000, 0x00000289bbf60000]
CodeHeap 'non-nmethods': size=7488Kb used=4286Kb max_used=4400Kb free=3201Kb
 bounds [0x00000289bbf60000, 0x00000289bc3c0000, 0x00000289bc6b0000]
CodeCache: size=245760Kb, used=50160Kb, max_used=81804Kb, free=195597Kb
 total_blobs=15366, nmethods=13979, adapters=1282, full_count=0
Compilation: enabled, stopped_count=0, restarted_count=0

Compilation events (20 events):
Event: 514.648 Thread 0x00000289ec71bba0 nmethod 69512 0x00000289bdf4e910 code [0x00000289bdf4eaa0, 0x00000289bdf4eb88]
Event: 514.648 Thread 0x00000289ec71bba0 69527       4       com.android.tools.r8.internal.a6::h (51 bytes)
Event: 514.649 Thread 0x00000289ec71bba0 nmethod 69527 0x00000289bdf4ec90 code [0x00000289bdf4ee20, 0x00000289bdf4eeb0]
Event: 514.649 Thread 0x00000289ec71bba0 69513       4       com.android.tools.r8.internal.po0$$Lambda/0x0000000802969628::test (12 bytes)
Event: 514.670 Thread 0x00000289ec71bba0 nmethod 69513 0x00000289bdf4ef90 code [0x00000289bdf4f1e0, 0x00000289bdf4fae0]
Event: 514.670 Thread 0x00000289ec71bba0 69530       4       com.android.tools.r8.internal.NE::a (31 bytes)
Event: 514.671 Thread 0x00000289dcad6280 nmethod 68981 0x00000289bdf50110 code [0x00000289bdf50300, 0x00000289bdf511e0]
Event: 514.671 Thread 0x00000289dcad6280 69552       4       com.android.tools.r8.internal.Sn::a (224 bytes)
Event: 514.672 Thread 0x00000289ec71bba0 nmethod 69530 0x00000289bdf51610 code [0x00000289bdf517a0, 0x00000289bdf51898]
Event: 514.672 Thread 0x00000289ec71bba0 69551       4       com.android.tools.r8.internal.Nn::<init> (41 bytes)
Event: 514.674 Thread 0x00000289ec71bba0 nmethod 69551 0x00000289bdf51990 code [0x00000289bdf51b20, 0x00000289bdf51c90]
Event: 514.674 Thread 0x00000289ec71bba0 69634       4       com.android.tools.r8.internal.rb::a (49 bytes)
Event: 514.678 Thread 0x00000289dcad6280 nmethod 69552 0x00000289bdf51d10 code [0x00000289bdf51ee0, 0x00000289bdf523e0]
Event: 514.678 Thread 0x00000289dcad6280 69596       4       com.android.tools.r8.internal.oB::b (192 bytes)
Event: 514.678 Thread 0x00000289ec71bba0 nmethod 69634 0x00000289bdf52610 code [0x00000289bdf527c0, 0x00000289bdf52a08]
Event: 514.678 Thread 0x00000289ec71bba0 69517       4       com.android.tools.r8.internal.NE::a (5 bytes)
Event: 514.679 Thread 0x00000289ec71bba0 nmethod 69517 0x00000289bdf52b90 code [0x00000289bdf52d20, 0x00000289bdf52dd0]
Event: 514.679 Thread 0x00000289ec71bba0 69518       4       com.android.tools.r8.internal.Be::c (78 bytes)
Event: 514.681 Thread 0x00000289ec71bba0 nmethod 69518 0x00000289bdf52e90 code [0x00000289bdf53020, 0x00000289bdf53130]
Event: 514.681 Thread 0x00000289ec71bba0 69598       4       com.android.tools.r8.internal.lb::d (82 bytes)

GC Heap History (20 events):
Event: 504.567 GC heap before
{Heap before GC invocations=187 (full 0):
 garbage-first heap   total 729088K, used 679073K [0x0000000700000000, 0x0000000800000000)
  region size 2048K, 179 young (366592K), 19 survivors (38912K)
 Metaspace       used 299797K, committed 303168K, reserved 1376256K
  class space    used 38352K, committed 40000K, reserved 1048576K
}
Event: 504.590 GC heap after
{Heap after GC invocations=188 (full 0):
 garbage-first heap   total 729088K, used 358582K [0x0000000700000000, 0x0000000800000000)
  region size 2048K, 5 young (10240K), 5 survivors (10240K)
 Metaspace       used 299797K, committed 303168K, reserved 1376256K
  class space    used 38352K, committed 40000K, reserved 1048576K
}
Event: 505.199 GC heap before
{Heap before GC invocations=189 (full 0):
 garbage-first heap   total 729088K, used 684214K [0x0000000700000000, 0x0000000800000000)
  region size 2048K, 165 young (337920K), 5 survivors (10240K)
 Metaspace       used 300413K, committed 303872K, reserved 1376256K
  class space    used 38437K, committed 40192K, reserved 1048576K
}
Event: 505.207 GC heap after
{Heap after GC invocations=190 (full 0):
 garbage-first heap   total 729088K, used 357769K [0x0000000700000000, 0x0000000800000000)
  region size 2048K, 4 young (8192K), 4 survivors (8192K)
 Metaspace       used 300413K, committed 303872K, reserved 1376256K
  class space    used 38437K, committed 40192K, reserved 1048576K
}
Event: 505.643 GC heap before
{Heap before GC invocations=190 (full 0):
 garbage-first heap   total 729088K, used 689545K [0x0000000700000000, 0x0000000800000000)
  region size 2048K, 166 young (339968K), 4 survivors (8192K)
 Metaspace       used 300470K, committed 304000K, reserved 1376256K
  class space    used 38441K, committed 40192K, reserved 1048576K
}
Event: 505.655 GC heap after
{Heap after GC invocations=191 (full 0):
 garbage-first heap   total 729088K, used 353421K [0x0000000700000000, 0x0000000800000000)
  region size 2048K, 5 young (10240K), 5 survivors (10240K)
 Metaspace       used 300470K, committed 304000K, reserved 1376256K
  class space    used 38441K, committed 40192K, reserved 1048576K
}
Event: 506.284 GC heap before
{Heap before GC invocations=191 (full 0):
 garbage-first heap   total 729088K, used 685197K [0x0000000700000000, 0x0000000800000000)
  region size 2048K, 168 young (344064K), 5 survivors (10240K)
 Metaspace       used 300484K, committed 304000K, reserved 1376256K
  class space    used 38442K, committed 40192K, reserved 1048576K
}
Event: 506.295 GC heap after
{Heap after GC invocations=192 (full 0):
 garbage-first heap   total 868352K, used 354962K [0x0000000700000000, 0x0000000800000000)
  region size 2048K, 6 young (12288K), 6 survivors (12288K)
 Metaspace       used 300484K, committed 304000K, reserved 1376256K
  class space    used 38442K, committed 40192K, reserved 1048576K
}
Event: 506.970 GC heap before
{Heap before GC invocations=193 (full 0):
 garbage-first heap   total 868352K, used 809618K [0x0000000700000000, 0x0000000800000000)
  region size 2048K, 230 young (471040K), 6 survivors (12288K)
 Metaspace       used 300500K, committed 304000K, reserved 1376256K
  class space    used 38442K, committed 40192K, reserved 1048576K
}
Event: 506.979 GC heap after
{Heap after GC invocations=194 (full 0):
 garbage-first heap   total 868352K, used 354325K [0x0000000700000000, 0x0000000800000000)
  region size 2048K, 6 young (12288K), 6 survivors (12288K)
 Metaspace       used 300500K, committed 304000K, reserved 1376256K
  class space    used 38442K, committed 40192K, reserved 1048576K
}
Event: 507.795 GC heap before
{Heap before GC invocations=194 (full 0):
 garbage-first heap   total 868352K, used 819221K [0x0000000700000000, 0x0000000800000000)
  region size 2048K, 234 young (479232K), 6 survivors (12288K)
 Metaspace       used 302619K, committed 306112K, reserved 1376256K
  class space    used 38687K, committed 40448K, reserved 1048576K
}
Event: 507.808 GC heap after
{Heap after GC invocations=195 (full 0):
 garbage-first heap   total 868352K, used 348037K [0x0000000700000000, 0x0000000800000000)
  region size 2048K, 9 young (18432K), 9 survivors (18432K)
 Metaspace       used 302619K, committed 306112K, reserved 1376256K
  class space    used 38687K, committed 40448K, reserved 1048576K
}
Event: 509.672 GC heap before
{Heap before GC invocations=195 (full 0):
 garbage-first heap   total 868352K, used 819077K [0x0000000700000000, 0x0000000800000000)
  region size 2048K, 240 young (491520K), 9 survivors (18432K)
 Metaspace       used 307665K, committed 311104K, reserved 1376256K
  class space    used 39382K, committed 41088K, reserved 1048576K
}
Event: 509.733 GC heap after
{Heap after GC invocations=196 (full 0):
 garbage-first heap   total 927744K, used 435728K [0x0000000700000000, 0x0000000800000000)
  region size 2048K, 30 young (61440K), 30 survivors (61440K)
 Metaspace       used 307665K, committed 311104K, reserved 1376256K
  class space    used 39382K, committed 41088K, reserved 1048576K
}
Event: 511.704 GC heap before
{Heap before GC invocations=197 (full 0):
 garbage-first heap   total 927744K, used 826896K [0x0000000700000000, 0x0000000800000000)
  region size 2048K, 219 young (448512K), 30 survivors (61440K)
 Metaspace       used 313917K, committed 317376K, reserved 1376256K
  class space    used 40080K, committed 41792K, reserved 1048576K
}
Event: 511.785 GC heap after
{Heap after GC invocations=198 (full 0):
 garbage-first heap   total 968704K, used 513812K [0x0000000700000000, 0x0000000800000000)
  region size 2048K, 28 young (57344K), 28 survivors (57344K)
 Metaspace       used 313917K, committed 317376K, reserved 1376256K
  class space    used 40080K, committed 41792K, reserved 1048576K
}
Event: 513.169 GC heap before
{Heap before GC invocations=198 (full 0):
 garbage-first heap   total 968704K, used 845588K [0x0000000700000000, 0x0000000800000000)
  region size 2048K, 191 young (391168K), 28 survivors (57344K)
 Metaspace       used 320289K, committed 323840K, reserved 1376256K
  class space    used 40990K, committed 42752K, reserved 1048576K
}
Event: 513.241 GC heap after
{Heap after GC invocations=199 (full 0):
 garbage-first heap   total 972800K, used 564224K [0x0000000700000000, 0x0000000800000000)
  region size 2048K, 24 young (49152K), 24 survivors (49152K)
 Metaspace       used 320289K, committed 323840K, reserved 1376256K
  class space    used 40990K, committed 42752K, reserved 1048576K
}
Event: 513.999 GC heap before
{Heap before GC invocations=199 (full 0):
 garbage-first heap   total 972800K, used 857088K [0x0000000700000000, 0x0000000800000000)
  region size 2048K, 168 young (344064K), 24 survivors (49152K)
 Metaspace       used 322316K, committed 325760K, reserved 1376256K
  class space    used 41232K, committed 42944K, reserved 1048576K
}
Event: 514.042 GC heap after
{Heap after GC invocations=200 (full 0):
 garbage-first heap   total 972800K, used 594681K [0x0000000700000000, 0x0000000800000000)
  region size 2048K, 14 young (28672K), 14 survivors (28672K)
 Metaspace       used 322316K, committed 325760K, reserved 1376256K
  class space    used 41232K, committed 42944K, reserved 1048576K
}

Dll operation events (3 events):
Event: 0.012 Loaded shared library D:\Kotlin And Android Dev\Android Studio 1\jbr\bin\java.dll
Event: 0.016 Loaded shared library D:\Kotlin And Android Dev\Android Studio 1\jbr\bin\zip.dll
Event: 0.586 Loaded shared library D:\Kotlin And Android Dev\Android Studio 1\jbr\bin\verify.dll

Deoptimization events (20 events):
Event: 514.508 Thread 0x00000289da7a3660 Uncommon trap: trap_request=0xffffffc6 fr.pc=0x00000289bd98ab7c relative=0x00000000000002dc
Event: 514.508 Thread 0x00000289da7a3660 Uncommon trap: reason=bimorphic_or_optimized_type_check action=maybe_recompile pc=0x00000289bd98ab7c method=com.android.tools.r8.internal.Gr0.a(Lcom/android/tools/r8/internal/Gr0;Lcom/android/tools/r8/internal/yf;)I @ 2 c2
Event: 514.508 Thread 0x00000289da7a3660 DEOPT PACKING pc=0x00000289bd98ab7c sp=0x000000ec02fface0
Event: 514.508 Thread 0x00000289da7a3660 DEOPT UNPACKING pc=0x00000289bbfb4422 sp=0x000000ec02ffac80 mode 2
Event: 514.510 Thread 0x00000289da7a3660 Uncommon trap: trap_request=0xffffffc6 fr.pc=0x00000289bd98ab7c relative=0x00000000000002dc
Event: 514.510 Thread 0x00000289da7a3660 Uncommon trap: reason=bimorphic_or_optimized_type_check action=maybe_recompile pc=0x00000289bd98ab7c method=com.android.tools.r8.internal.Gr0.a(Lcom/android/tools/r8/internal/Gr0;Lcom/android/tools/r8/internal/yf;)I @ 2 c2
Event: 514.510 Thread 0x00000289da7a3660 DEOPT PACKING pc=0x00000289bd98ab7c sp=0x000000ec02fface0
Event: 514.510 Thread 0x00000289da7a3660 DEOPT UNPACKING pc=0x00000289bbfb4422 sp=0x000000ec02ffac80 mode 2
Event: 514.525 Thread 0x00000289da7a3660 Uncommon trap: trap_request=0xffffffc6 fr.pc=0x00000289bdf36aa8 relative=0x0000000000000708
Event: 514.525 Thread 0x00000289da7a3660 Uncommon trap: reason=bimorphic_or_optimized_type_check action=maybe_recompile pc=0x00000289bdf36aa8 method=com.android.tools.r8.graph.Q4.b(Ljava/util/function/Predicate;Ljava/util/function/Consumer;Lcom/android/tools/r8/graph/j1;)V @ 12 c2
Event: 514.525 Thread 0x00000289da7a3660 DEOPT PACKING pc=0x00000289bdf36aa8 sp=0x000000ec02ffaf00
Event: 514.525 Thread 0x00000289da7a3660 DEOPT UNPACKING pc=0x00000289bbfb4422 sp=0x000000ec02ffad80 mode 2
Event: 514.527 Thread 0x00000289da7a3660 Uncommon trap: trap_request=0xffffffc6 fr.pc=0x00000289bdf36aa8 relative=0x0000000000000708
Event: 514.527 Thread 0x00000289da7a3660 Uncommon trap: reason=bimorphic_or_optimized_type_check action=maybe_recompile pc=0x00000289bdf36aa8 method=com.android.tools.r8.graph.Q4.b(Ljava/util/function/Predicate;Ljava/util/function/Consumer;Lcom/android/tools/r8/graph/j1;)V @ 12 c2
Event: 514.527 Thread 0x00000289da7a3660 DEOPT PACKING pc=0x00000289bdf36aa8 sp=0x000000ec02ffaf00
Event: 514.527 Thread 0x00000289da7a3660 DEOPT UNPACKING pc=0x00000289bbfb4422 sp=0x000000ec02ffad80 mode 2
Event: 514.527 Thread 0x00000289da7a3660 Uncommon trap: trap_request=0xffffffc6 fr.pc=0x00000289bdf04728 relative=0x0000000000000568
Event: 514.527 Thread 0x00000289da7a3660 Uncommon trap: reason=bimorphic_or_optimized_type_check action=maybe_recompile pc=0x00000289bdf04728 method=com.android.tools.r8.graph.Q4.b(Ljava/util/function/Predicate;Ljava/util/function/Consumer;Lcom/android/tools/r8/graph/j1;)V @ 12 c2
Event: 514.527 Thread 0x00000289da7a3660 DEOPT PACKING pc=0x00000289bdf04728 sp=0x000000ec02ffae10
Event: 514.527 Thread 0x00000289da7a3660 DEOPT UNPACKING pc=0x00000289bbfb4422 sp=0x000000ec02ffad78 mode 2

Classes loaded (20 events):
Event: 508.339 Loading class java/util/TreeMap$NavigableSubMap$DescendingSubMapEntryIterator
Event: 508.339 Loading class java/util/TreeMap$NavigableSubMap$DescendingSubMapEntryIterator done
Event: 508.358 Loading class com/sun/org/apache/xerces/internal/dom/DeepNodeListImpl
Event: 508.358 Loading class com/sun/org/apache/xerces/internal/dom/DeepNodeListImpl done
Event: 510.613 Loading class java/util/Spliterators$2Adapter
Event: 510.613 Loading class java/util/Spliterators$2Adapter done
Event: 510.742 Loading class com/sun/xml/internal/stream/events/CommentEvent
Event: 510.742 Loading class javax/xml/stream/events/Comment
Event: 510.742 Loading class javax/xml/stream/events/Comment done
Event: 510.742 Loading class com/sun/xml/internal/stream/events/CommentEvent done
Event: 510.756 Loading class java/lang/StringUTF16$CodePointsSpliterator
Event: 510.757 Loading class java/lang/StringUTF16$CodePointsSpliterator done
Event: 512.218 Loading class com/sun/xml/internal/stream/util/ReadOnlyIterator
Event: 512.218 Loading class com/sun/xml/internal/stream/util/ReadOnlyIterator done
Event: 512.346 Loading class java/util/IdentityHashMap$EntrySpliterator
Event: 512.346 Loading class java/util/IdentityHashMap$IdentityHashMapSpliterator
Event: 512.346 Loading class java/util/IdentityHashMap$IdentityHashMapSpliterator done
Event: 512.346 Loading class java/util/IdentityHashMap$EntrySpliterator done
Event: 512.419 Loading class java/util/SortedSet$1
Event: 512.419 Loading class java/util/SortedSet$1 done

Classes unloaded (20 events):
Event: 465.030 Thread 0x00000289cc5990e0 Unloading class 0x00000008024b8c10 '_BuildScript_$_run_closure1'
Event: 465.030 Thread 0x00000289cc5990e0 Unloading class 0x00000008024b86e8 '_BuildScript_'
Event: 465.030 Thread 0x00000289cc5990e0 Unloading class 0x00000008024b82c8 'KotlinCoroutineJvmDebugArgumentsProvider$_asArguments_closure1'
Event: 465.030 Thread 0x00000289cc5990e0 Unloading class 0x00000008024b8000 'KotlinCoroutineJvmDebugArgumentsProvider'
Event: 465.030 Thread 0x00000289cc5990e0 Unloading class 0x00000008024b4c00 'Properties'
Event: 465.030 Thread 0x00000289cc5990e0 Unloading class 0x00000008024b5948 '_BuildScript_$_run_closure1$_closure2'
Event: 465.030 Thread 0x00000289cc5990e0 Unloading class 0x00000008024b5528 '_BuildScript_$_run_closure1'
Event: 465.030 Thread 0x00000289cc5990e0 Unloading class 0x00000008024b5000 '_BuildScript_'
Event: 465.030 Thread 0x00000289cc5990e0 Unloading class 0x00000008024ac420 '_BuildScript_$_run_closure1$_closure2$_closure4'
Event: 465.030 Thread 0x00000289cc5990e0 Unloading class 0x00000008024ac000 '_BuildScript_$_run_closure1$_closure2$_closure3'
Event: 465.030 Thread 0x00000289cc5990e0 Unloading class 0x00000008024ab948 '_BuildScript_$_run_closure1$_closure2'
Event: 465.030 Thread 0x00000289cc5990e0 Unloading class 0x00000008024ab528 '_BuildScript_$_run_closure1'
Event: 465.030 Thread 0x00000289cc5990e0 Unloading class 0x00000008024ab000 '_BuildScript_'
Event: 465.030 Thread 0x00000289cc5990e0 Unloading class 0x00000008024a9948 '_BuildScript_$_run_closure1$_closure2'
Event: 465.030 Thread 0x00000289cc5990e0 Unloading class 0x00000008024a9528 '_BuildScript_$_run_closure1'
Event: 465.030 Thread 0x00000289cc5990e0 Unloading class 0x00000008024a9000 '_BuildScript_'
Event: 514.691 Thread 0x00000289cc5990e0 Unloading class 0x00000008027c9000 'java/lang/invoke/LambdaForm$DMH+0x00000008027c9000'
Event: 514.691 Thread 0x00000289cc5990e0 Unloading class 0x00000008027c8c00 'java/lang/invoke/LambdaForm$DMH+0x00000008027c8c00'
Event: 514.691 Thread 0x00000289cc5990e0 Unloading class 0x00000008027c8800 'java/lang/invoke/LambdaForm$DMH+0x00000008027c8800'
Event: 514.691 Thread 0x00000289cc5990e0 Unloading class 0x00000008027c8400 'java/lang/invoke/LambdaForm$DMH+0x00000008027c8400'

Classes redefined (0 events):
No events

Internal exceptions (20 events):
Event: 514.428 Thread 0x00000289da7a5730 Exception <a 'sun/nio/fs/WindowsException'{0x000000072db88cb8}> (0x000000072db88cb8) 
thrown [s\src\hotspot\share\prims\jni.cpp, line 537]
Event: 514.494 Thread 0x00000289da7a3660 Exception <a 'sun/nio/fs/WindowsException'{0x00000007fbea4450}> (0x00000007fbea4450) 
thrown [s\src\hotspot\share\prims\jni.cpp, line 537]
Event: 514.494 Thread 0x00000289da7a3660 Exception <a 'sun/nio/fs/WindowsException'{0x00000007fbea5f08}> (0x00000007fbea5f08) 
thrown [s\src\hotspot\share\prims\jni.cpp, line 537]
Event: 514.501 Thread 0x00000289da7a3660 Exception <a 'sun/nio/fs/WindowsException'{0x000000072c2c78c0}> (0x000000072c2c78c0) 
thrown [s\src\hotspot\share\prims\jni.cpp, line 537]
Event: 514.501 Thread 0x00000289da7a3660 Exception <a 'sun/nio/fs/WindowsException'{0x000000072c2c90c8}> (0x000000072c2c90c8) 
thrown [s\src\hotspot\share\prims\jni.cpp, line 537]
Event: 514.504 Thread 0x00000289da7a3660 Exception <a 'sun/nio/fs/WindowsException'{0x000000072c2dcdb8}> (0x000000072c2dcdb8) 
thrown [s\src\hotspot\share\prims\jni.cpp, line 537]
Event: 514.505 Thread 0x00000289da7a3660 Exception <a 'sun/nio/fs/WindowsException'{0x000000072c2de5c0}> (0x000000072c2de5c0) 
thrown [s\src\hotspot\share\prims\jni.cpp, line 537]
Event: 514.511 Thread 0x00000289da7a3660 Exception <a 'sun/nio/fs/WindowsException'{0x000000072c160410}> (0x000000072c160410) 
thrown [s\src\hotspot\share\prims\jni.cpp, line 537]
Event: 514.511 Thread 0x00000289da7a3660 Exception <a 'sun/nio/fs/WindowsException'{0x000000072c161bc8}> (0x000000072c161bc8) 
thrown [s\src\hotspot\share\prims\jni.cpp, line 537]
Event: 514.513 Thread 0x00000289da7a3660 Exception <a 'sun/nio/fs/WindowsException'{0x000000072c171438}> (0x000000072c171438) 
thrown [s\src\hotspot\share\prims\jni.cpp, line 537]
Event: 514.513 Thread 0x00000289da7a3660 Exception <a 'sun/nio/fs/WindowsException'{0x000000072c172c40}> (0x000000072c172c40) 
thrown [s\src\hotspot\share\prims\jni.cpp, line 537]
Event: 514.516 Thread 0x00000289da7a3660 Exception <a 'sun/nio/fs/WindowsException'{0x000000072bc2bc18}> (0x000000072bc2bc18) 
thrown [s\src\hotspot\share\prims\jni.cpp, line 537]
Event: 514.516 Thread 0x00000289da7a3660 Exception <a 'sun/nio/fs/WindowsException'{0x000000072bc2d420}> (0x000000072bc2d420) 
thrown [s\src\hotspot\share\prims\jni.cpp, line 537]
Event: 514.519 Thread 0x00000289da7a3660 Exception <a 'sun/nio/fs/WindowsException'{0x000000072bc38e48}> (0x000000072bc38e48) 
thrown [s\src\hotspot\share\prims\jni.cpp, line 537]
Event: 514.519 Thread 0x00000289da7a3660 Exception <a 'sun/nio/fs/WindowsException'{0x000000072bc3a650}> (0x000000072bc3a650) 
thrown [s\src\hotspot\share\prims\jni.cpp, line 537]
Event: 514.521 Thread 0x00000289da7a3660 Exception <a 'sun/nio/fs/WindowsException'{0x000000072bc4ade0}> (0x000000072bc4ade0) 
thrown [s\src\hotspot\share\prims\jni.cpp, line 537]
Event: 514.522 Thread 0x00000289da7a3660 Exception <a 'sun/nio/fs/WindowsException'{0x000000072bc4c898}> (0x000000072bc4c898) 
thrown [s\src\hotspot\share\prims\jni.cpp, line 537]
Event: 514.523 Thread 0x00000289da7a3660 Exception <a 'sun/nio/fs/WindowsException'{0x000000072baf25c8}> (0x000000072baf25c8) 
thrown [s\src\hotspot\share\prims\jni.cpp, line 537]
Event: 514.523 Thread 0x00000289da7a3660 Exception <a 'sun/nio/fs/WindowsException'{0x000000072baf4080}> (0x000000072baf4080) 
thrown [s\src\hotspot\share\prims\jni.cpp, line 537]
Event: 514.534 Thread 0x00000289da7a3660 Exception <a 'java/lang/IncompatibleClassChangeError'{0x000000072bb10e48}: Found class java.lang.Object, but interface was expected> (0x000000072bb10e48) 
thrown [s\src\hotspot\share\interpreter\linkResolver.cpp, line 851]

ZGC Phase Switch (0 events):
No events

VM Operations (20 events):
Event: 513.750 Executing safepoint VM operation: ICBufferFull done
Event: 513.750 Executing safepoint VM operation: ICBufferFull
Event: 513.750 Executing safepoint VM operation: ICBufferFull done
Event: 513.772 Executing non-safepoint VM operation: HandshakeAllThreads (Deoptimize)
Event: 513.860 Executing non-safepoint VM operation: HandshakeAllThreads (Deoptimize) done
Event: 513.860 Executing safepoint VM operation: ICBufferFull
Event: 513.863 Executing safepoint VM operation: ICBufferFull done
Event: 513.863 Executing safepoint VM operation: ICBufferFull
Event: 513.864 Executing safepoint VM operation: ICBufferFull done
Event: 513.996 Executing safepoint VM operation: G1CollectForAllocation (G1 Evacuation Pause)
Event: 514.042 Executing safepoint VM operation: G1CollectForAllocation (G1 Evacuation Pause) done
Event: 514.094 Executing safepoint VM operation: ICBufferFull
Event: 514.099 Executing safepoint VM operation: ICBufferFull done
Event: 514.193 Executing non-safepoint VM operation: HandshakeAllThreads (Deoptimize)
Event: 514.492 Executing non-safepoint VM operation: HandshakeAllThreads (Deoptimize) done
Event: 514.542 Executing non-safepoint VM operation: HandshakeAllThreads (Deoptimize)
Event: 514.683 Executing non-safepoint VM operation: HandshakeAllThreads (Deoptimize) done
Event: 514.683 Executing safepoint VM operation: ICBufferFull
Event: 514.683 Executing safepoint VM operation: ICBufferFull done
Event: 514.686 Executing safepoint VM operation: G1PauseRemark

Memory protections (0 events):
No events

Nmethod flushes (20 events):
Event: 514.736 Thread 0x00000289cc5990e0 flushing  nmethod 0x00000289b7ceca10
Event: 514.736 Thread 0x00000289cc5990e0 flushing  nmethod 0x00000289b7ceeb10
Event: 514.736 Thread 0x00000289cc5990e0 flushing  nmethod 0x00000289b7cf0190
Event: 514.736 Thread 0x00000289cc5990e0 flushing  nmethod 0x00000289b7cf1c10
Event: 514.736 Thread 0x00000289cc5990e0 flushing  nmethod 0x00000289b7cf2690
Event: 514.736 Thread 0x00000289cc5990e0 flushing  nmethod 0x00000289b7d5c990
Event: 514.736 Thread 0x00000289cc5990e0 flushing  nmethod 0x00000289b7d5d910
Event: 514.736 Thread 0x00000289cc5990e0 flushing  nmethod 0x00000289b7d5dd90
Event: 514.736 Thread 0x00000289cc5990e0 flushing  nmethod 0x00000289b7d5e210
Event: 514.736 Thread 0x00000289cc5990e0 flushing  nmethod 0x00000289b7d5e610
Event: 514.736 Thread 0x00000289cc5990e0 flushing  nmethod 0x00000289b7d60010
Event: 514.736 Thread 0x00000289cc5990e0 flushing  nmethod 0x00000289b7d61090
Event: 514.736 Thread 0x00000289cc5990e0 flushing  nmethod 0x00000289b7d61490
Event: 514.736 Thread 0x00000289cc5990e0 flushing  nmethod 0x00000289b7d61890
Event: 514.736 Thread 0x00000289cc5990e0 flushing  nmethod 0x00000289b7d63490
Event: 514.736 Thread 0x00000289cc5990e0 flushing  nmethod 0x00000289b7d65090
Event: 514.736 Thread 0x00000289cc5990e0 flushing  nmethod 0x00000289b7d65910
Event: 514.736 Thread 0x00000289cc5990e0 flushing  nmethod 0x00000289b7d66190
Event: 514.736 Thread 0x00000289cc5990e0 flushing  nmethod 0x00000289b7d66a10
Event: 514.736 Thread 0x00000289cc5990e0 flushing  nmethod 0x00000289b7e00490

Events (20 events):
Event: 507.225 Thread 0x00000289dd443380 Thread added: 0x00000289eeed9b30
Event: 507.397 Thread 0x00000289cc66f320 Thread added: 0x00000289dcad39a0
Event: 507.398 Thread 0x00000289dcad39a0 Thread added: 0x00000289f30f2060
Event: 507.506 Thread 0x00000289ed622010 Thread added: 0x00000289d5ebee50
Event: 507.544 Thread 0x00000289f30f2060 Thread added: 0x00000289d8f8f8c0
Event: 507.652 Thread 0x00000289dd443380 Thread added: 0x00000289d8ccfe60
Event: 507.716 Thread 0x00000289ed61eb90 Thread added: 0x00000289daa11a40
Event: 507.723 Thread 0x00000289d32713d0 Thread added: 0x00000289df310fa0
Event: 507.724 Thread 0x00000289d66680d0 Thread added: 0x00000289de9acc20
Event: 507.730 Thread 0x00000289d32713d0 Thread added: 0x00000289df311630
Event: 507.731 Thread 0x00000289d32713d0 Thread added: 0x00000289df311cc0
Event: 507.732 Thread 0x00000289d32713d0 Thread added: 0x00000289eda0c0c0
Event: 508.531 Thread 0x00000289cc66f320 Thread added: 0x00000289f30f2730
Event: 508.549 Thread 0x00000289dcad39a0 Thread added: 0x00000289d11b0530
Event: 508.557 Thread 0x00000289d8f8f1f0 Thread added: 0x00000289d8f8ff90
Event: 509.912 Thread 0x00000289eda0c0c0 Thread exited: 0x00000289eda0c0c0
Event: 510.175 Thread 0x00000289d8f8ff90 Thread exited: 0x00000289d8f8ff90
Event: 510.299 Thread 0x00000289dcad39a0 Thread added: 0x00000289d11b0c00
Event: 510.969 Thread 0x00000289d11b0c00 Thread exited: 0x00000289d11b0c00
Event: 511.298 Thread 0x00000289dcad4e10 Thread added: 0x00000289ec71bba0


Dynamic libraries:
0x00007ff7e6160000 - 0x00007ff7e616a000 	D:\Kotlin And Android Dev\Android Studio 1\jbr\bin\java.exe
0x00007ffeb0820000 - 0x00007ffeb0a87000 	C:\WINDOWS\SYSTEM32\ntdll.dll
0x00007ffeaf750000 - 0x00007ffeaf819000 	C:\WINDOWS\System32\KERNEL32.DLL
0x00007ffead3b0000 - 0x00007ffead7a7000 	C:\WINDOWS\System32\KERNELBASE.dll
0x00007ffead900000 - 0x00007ffeada4b000 	C:\WINDOWS\System32\ucrtbase.dll
0x00007ffe384f0000 - 0x00007ffe38508000 	D:\Kotlin And Android Dev\Android Studio 1\jbr\bin\jli.dll
0x00007ffe47480000 - 0x00007ffe4749b000 	D:\Kotlin And Android Dev\Android Studio 1\jbr\bin\VCRUNTIME140.dll
0x00007ffeaf4f0000 - 0x00007ffeaf6b6000 	C:\WINDOWS\System32\USER32.dll
0x00007ffeadbd0000 - 0x00007ffeadbf7000 	C:\WINDOWS\System32\win32u.dll
0x00007ffe91960000 - 0x00007ffe91bf2000 	C:\WINDOWS\WinSxS\amd64_microsoft.windows.common-controls_6595b64144ccf1df_6.0.26100.8328_none_3e08182ce334b678\COMCTL32.dll
0x00007ffeae710000 - 0x00007ffeae7b9000 	C:\WINDOWS\System32\msvcrt.dll
0x00007ffeaef40000 - 0x00007ffeaef6b000 	C:\WINDOWS\System32\GDI32.dll
0x00007ffeadc00000 - 0x00007ffeadd2c000 	C:\WINDOWS\System32\gdi32full.dll
0x00007ffead250000 - 0x00007ffead2f3000 	C:\WINDOWS\System32\msvcp_win.dll
0x00007ffeafda0000 - 0x00007ffeafdd2000 	C:\WINDOWS\System32\IMM32.DLL
0x00007ffe95420000 - 0x00007ffe9542c000 	D:\Kotlin And Android Dev\Android Studio 1\jbr\bin\vcruntime140_1.dll
0x00007ffdecbc0000 - 0x00007ffdecc4d000 	D:\Kotlin And Android Dev\Android Studio 1\jbr\bin\msvcp140.dll
0x00007ffdf0b00000 - 0x00007ffdf1796000 	D:\Kotlin And Android Dev\Android Studio 1\jbr\bin\server\jvm.dll
0x00007ffeb03a0000 - 0x00007ffeb0456000 	C:\WINDOWS\System32\ADVAPI32.dll
0x00007ffeb02f0000 - 0x00007ffeb0397000 	C:\WINDOWS\System32\sechost.dll
0x00007ffeaef70000 - 0x00007ffeaf088000 	C:\WINDOWS\System32\RPCRT4.dll
0x00007ffeb0560000 - 0x00007ffeb05e0000 	C:\WINDOWS\System32\WS2_32.dll
0x00007ffead0b0000 - 0x00007ffead10e000 	C:\WINDOWS\SYSTEM32\POWRPROF.dll
0x00007ffea5d50000 - 0x00007ffea5d5b000 	C:\WINDOWS\SYSTEM32\VERSION.dll
0x00007ffea5730000 - 0x00007ffea5766000 	C:\WINDOWS\SYSTEM32\WINMM.dll
0x00007ffead090000 - 0x00007ffead0a4000 	C:\WINDOWS\SYSTEM32\UMPDC.dll
0x00007ffeabfe0000 - 0x00007ffeabffb000 	C:\WINDOWS\SYSTEM32\kernel.appcore.dll
0x00007ffe91890000 - 0x00007ffe9189a000 	D:\Kotlin And Android Dev\Android Studio 1\jbr\bin\jimage.dll
0x00007ffea0160000 - 0x00007ffea03a2000 	C:\WINDOWS\SYSTEM32\DBGHELP.DLL
0x00007ffeaf820000 - 0x00007ffeafba3000 	C:\WINDOWS\System32\combase.dll
0x00007ffeb0700000 - 0x00007ffeb07d9000 	C:\WINDOWS\System32\OLEAUT32.dll
0x00007ffe94230000 - 0x00007ffe9426b000 	C:\WINDOWS\SYSTEM32\dbgcore.DLL
0x00007ffead300000 - 0x00007ffead3a8000 	C:\WINDOWS\System32\bcryptPrimitives.dll
0x00007ffe5aee0000 - 0x00007ffe5aeee000 	D:\Kotlin And Android Dev\Android Studio 1\jbr\bin\instrument.dll
0x00007ffe47440000 - 0x00007ffe47460000 	D:\Kotlin And Android Dev\Android Studio 1\jbr\bin\java.dll
0x00007ffe47210000 - 0x00007ffe47228000 	D:\Kotlin And Android Dev\Android Studio 1\jbr\bin\zip.dll
0x00007ffeae7c0000 - 0x00007ffeaef2e000 	C:\WINDOWS\System32\SHELL32.dll
0x00007ffeadd30000 - 0x00007ffeae59c000 	C:\WINDOWS\System32\windows.storage.dll
0x00007ffeaf250000 - 0x00007ffeaf346000 	C:\WINDOWS\System32\SHCORE.dll
0x00007ffeaf3b0000 - 0x00007ffeaf416000 	C:\WINDOWS\System32\shlwapi.dll
0x00007ffead170000 - 0x00007ffead199000 	C:\WINDOWS\SYSTEM32\profapi.dll
0x00007ffe8e9a0000 - 0x00007ffe8e9b0000 	D:\Kotlin And Android Dev\Android Studio 1\jbr\bin\net.dll
0x00007ffea7280000 - 0x00007ffea73a9000 	C:\WINDOWS\SYSTEM32\WINHTTP.dll
0x00007ffeac550000 - 0x00007ffeac5bc000 	C:\WINDOWS\system32\mswsock.dll
0x00007ffe38d60000 - 0x00007ffe38d76000 	D:\Kotlin And Android Dev\Android Studio 1\jbr\bin\nio.dll
0x00007ffe8e950000 - 0x00007ffe8e960000 	D:\Kotlin And Android Dev\Android Studio 1\jbr\bin\verify.dll
0x00007ffe82db0000 - 0x00007ffe82dd7000 	D:\Kotlin And Android Dev\Android Studio\.gradle\native\1def1411415f61bf3af743bc5b6707747c0891f09f0c88961ee8f79bc544acac\windows-amd64\native-platform.dll
0x00007ffe8e2a0000 - 0x00007ffe8e317000 	D:\Kotlin And Android Dev\Android Studio\.gradle\native\0.2.8\x86_64-windows-gnu\gradle-fileevents.dll
0x00007ffe83b90000 - 0x00007ffe83b99000 	D:\Kotlin And Android Dev\Android Studio 1\jbr\bin\management.dll
0x00007ffe82bf0000 - 0x00007ffe82bfb000 	D:\Kotlin And Android Dev\Android Studio 1\jbr\bin\management_ext.dll
0x00007ffeae5a0000 - 0x00007ffeae5a8000 	C:\WINDOWS\System32\PSAPI.DLL
0x00007ffeab9d0000 - 0x00007ffeaba02000 	C:\WINDOWS\SYSTEM32\IPHLPAPI.DLL
0x00007ffeaf090000 - 0x00007ffeaf09a000 	C:\WINDOWS\System32\NSI.dll
0x00007ffe8b5c0000 - 0x00007ffe8b5c9000 	D:\Kotlin And Android Dev\Android Studio 1\jbr\bin\extnet.dll
0x00007ffeac830000 - 0x00007ffeac84b000 	C:\WINDOWS\SYSTEM32\CRYPTSP.dll
0x00007ffeabf40000 - 0x00007ffeabf79000 	C:\WINDOWS\system32\rsaenh.dll
0x00007ffeac600000 - 0x00007ffeac633000 	C:\WINDOWS\SYSTEM32\USERENV.dll
0x00007ffead140000 - 0x00007ffead16a000 	C:\WINDOWS\SYSTEM32\bcrypt.dll
0x00007ffeac850000 - 0x00007ffeac85c000 	C:\WINDOWS\SYSTEM32\CRYPTBASE.dll
0x00007ffe931b0000 - 0x00007ffe931b8000 	C:\WINDOWS\system32\wshunix.dll
0x00007ffeac100000 - 0x00007ffeac136000 	C:\WINDOWS\SYSTEM32\ntmarta.dll
0x00007ffeaba60000 - 0x00007ffeabb92000 	C:\WINDOWS\SYSTEM32\DNSAPI.dll
0x00007ffea7240000 - 0x00007ffea724b000 	C:\Windows\System32\rasadhlp.dll
0x00007ffea7910000 - 0x00007ffea7996000 	C:\WINDOWS\System32\fwpuclnt.dll
0x00007ffe93000000 - 0x00007ffe93018000 	C:\WINDOWS\system32\napinsp.dll
0x00007ffe93020000 - 0x00007ffe93033000 	C:\WINDOWS\System32\winrnr.dll
0x00007ffe93040000 - 0x00007ffe93062000 	C:\WINDOWS\system32\nlansp_c.dll
0x00007ffea33a0000 - 0x00007ffea33b6000 	C:\WINDOWS\system32\wshbth.dll
0x00007ffea8b60000 - 0x00007ffea8b67000 	D:\Kotlin And Android Dev\Android Studio 1\jbr\bin\rmi.dll

JVMTI agents:
C:\Users\ssahu\.gradle\wrapper\dists\gradle-9.1.0-bin\9agqghryom9wkf8r80qlhnts3\gradle-9.1.0\lib\agents\gradle-instrumentation-agent-9.1.0.jar path:D:\Kotlin And Android Dev\Android Studio 1\jbr\bin\instrument.dll, loaded, initialized, instrumentlib options:none

dbghelp: loaded successfully - version: 4.0.5 - missing functions: none
symbol engine: initialized successfully - sym options: 0x614 - pdb path: .;D:\Kotlin And Android Dev\Android Studio 1\jbr\bin;C:\WINDOWS\SYSTEM32;C:\WINDOWS\WinSxS\amd64_microsoft.windows.common-controls_6595b64144ccf1df_6.0.26100.8328_none_3e08182ce334b678;D:\Kotlin And Android Dev\Android Studio 1\jbr\bin\server;D:\Kotlin And Android Dev\Android Studio\.gradle\native\1def1411415f61bf3af743bc5b6707747c0891f09f0c88961ee8f79bc544acac\windows-amd64;D:\Kotlin And Android Dev\Android Studio\.gradle\native\0.2.8\x86_64-windows-gnu

VM Arguments:
jvm_args: --add-opens=java.base/java.lang=ALL-UNNAMED --add-opens=java.base/java.lang.invoke=ALL-UNNAMED --add-opens=java.base/java.util=ALL-UNNAMED --add-opens=java.prefs/java.util.prefs=ALL-UNNAMED --add-exports=jdk.compiler/com.sun.tools.javac.api=ALL-UNNAMED --add-exports=jdk.compiler/com.sun.tools.javac.util=ALL-UNNAMED --add-opens=java.base/java.util=ALL-UNNAMED --add-opens=java.prefs/java.util.prefs=ALL-UNNAMED --add-opens=java.base/java.nio.charset=ALL-UNNAMED --add-opens=java.base/java.net=ALL-UNNAMED --add-opens=java.base/java.util.concurrent=ALL-UNNAMED --add-opens=java.base/java.util.concurrent.atomic=ALL-UNNAMED --add-opens=java.xml/javax.xml.namespace=ALL-UNNAMED --add-opens=java.base/java.time=ALL-UNNAMED -Xmx4096M -Dfile.encoding=UTF-8 -Duser.country=US -Duser.language=en -Duser.variant -javaagent:C:\Users\ssahu\.gradle\wrapper\dists\gradle-9.1.0-bin\9agqghryom9wkf8r80qlhnts3\gradle-9.1.0\lib\agents\gradle-instrumentation-agent-9.1.0.jar 
java_command: org.gradle.launcher.daemon.bootstrap.GradleDaemon 9.1.0
java_class_path (initial): C:\Users\ssahu\.gradle\wrapper\dists\gradle-9.1.0-bin\9agqghryom9wkf8r80qlhnts3\gradle-9.1.0\lib\gradle-daemon-main-9.1.0.jar
Launcher Type: SUN_STANDARD

[Global flags]
     intx CICompilerCount                          = 12                                        {product} {ergonomic}
     uint ConcGCThreads                            = 3                                         {product} {ergonomic}
     uint G1ConcRefinementThreads                  = 13                                        {product} {ergonomic}
   size_t G1HeapRegionSize                         = 2097152                                   {product} {ergonomic}
    uintx GCDrainStackTargetSize                   = 64                                        {product} {ergonomic}
   size_t InitialHeapSize                          = 257949696                                 {product} {ergonomic}
   size_t MarkStackSize                            = 4194304                                   {product} {ergonomic}
   size_t MaxHeapSize                              = 4294967296                                {product} {command line}
   size_t MaxNewSize                               = 2575302656                                {product} {ergonomic}
   size_t MinHeapDeltaBytes                        = 2097152                                   {product} {ergonomic}
   size_t MinHeapSize                              = 8388608                                   {product} {ergonomic}
    uintx NonNMethodCodeHeapSize                   = 7602480                                {pd product} {ergonomic}
    uintx NonProfiledCodeHeapSize                  = 122027880                              {pd product} {ergonomic}
    uintx ProfiledCodeHeapSize                     = 122027880                              {pd product} {ergonomic}
    uintx ReservedCodeCacheSize                    = 251658240                              {pd product} {ergonomic}
     bool SegmentedCodeCache                       = true                                      {product} {ergonomic}
   size_t SoftMaxHeapSize                          = 4294967296                             {manageable} {ergonomic}
     bool UseCompressedOops                        = true                           {product lp64_product} {ergonomic}
     bool UseG1GC                                  = true                                      {product} {ergonomic}
     bool UseLargePagesIndividualAllocation        = false                                  {pd product} {ergonomic}

Logging:
Log output configuration:
 #0: stdout all=warning uptime,level,tags foldmultilines=false
 #1: stderr all=off uptime,level,tags foldmultilines=false

Release file:
JAVA_VERSION="21.0.10" 
MODULES="java.base java.compiler java.datatransfer java.xml java.prefs java.desktop java.instrument java.logging java.management java.security.sasl java.naming java.rmi java.management.rmi java.net.http java.scripting java.security.jgss java.transaction.xa java.sql java.sql.rowset java.xml.crypto java.se java.smartcardio jdk.accessibility jdk.internal.jvmstat jdk.attach jdk.charsets jdk.internal.opt jdk.zipfs jdk.compiler jdk.crypto.ec jdk.crypto.cryptoki jdk.dynalink jdk.hotspot.agent jdk.httpserver jdk.internal.ed jdk.internal.le jdk.internal.vm.ci jdk.jartool jdk.javadoc jdk.jcmd jdk.jdeps jdk.jdwp.agent jdk.jdi jdk.jfr jdk.jlink jdk.jsobject jdk.localedata jdk.management jdk.management.agent jdk.management.jfr jdk.naming.dns jdk.naming.rmi jdk.net jdk.sctp jdk.security.auth jdk.security.jgss jdk.unsupported jdk.unsupported.desktop jdk.xml.dom" 
IMPLEMENTOR="JetBrains s.r.o." 
JAVA_RUNTIME_VERSION="21.0.10+-14961533-b1163.108" 
LIBC="default" 
OS_ARCH="x86_64" 
OS_NAME="Windows" 
SOURCE=".:git:1351622c2ff2" 

Environment Variables:
PATH=C:\Python314\Scripts\;C:\Python314\;C:\Program Files\Python313;C:\Program Files\Python313\Scripts;C:\Program Files\Common Files\Oracle\Java\javapath;C:\WINDOWS\system32;C:\WINDOWS;C:\WINDOWS\System32\Wbem;C:\WINDOWS\System32\WindowsPowerShell\v1.0\;C:\WINDOWS\System32\OpenSSH\;C:\MinGW\bin;C:\Program Files\Java\jdk-22\bin;C:\Program Files\MySQL\MySQL Server 8.0\bin;C:\Program Files\kotlinc\bin;C:\Program Files\Git\cmd;C:\Program Files\dotnet\;C:\Users\ssahu\AppData\Local\Programs\Microsoft VS Code\bin;C:\Program Files\Graphviz\bin;C:\Program Files\Docker\Docker\resources\bin;C:\Program Files\nodejs\;C:\ProgramData\chocolatey\bin;D:\Databases\Redis\;C:\Users\ssahu\AppData\Local\Android\Android\Sdk\platform-tools;C:\Users\ssahu\.local\bin;C:\Program Files\Python313;C:\Users\ssahu\AppData\Local\Microsoft\WindowsApps;C:\MinGW\bin;C:\Program Files\Java\jdk-22\bin;C:\Program Files\kotlinc\bin;C:\Program Files\JetBrains\PyCharm 2024.3.4\bin;;D:\PyCharm Community Edition 2024.3.4\bin;;C:\Program Files\Python313\Scripts;C:\Program Files\PostgreSQL\17\bin;C:\Users\ssahu\AppData\Local\Programs\Microsoft VS Code\bin;C:\Users\ssahu\AppData\Local\Programs\Ollama;C:\Users\ssahu\AppData\Roaming\npm;C:\Users\ssahu\AppData\Local\Programs\mongosh\;C:\Users\ssahu\AppData\Local\Android\Android\Sdk\platform-tools;
USERNAME=ssahu
OS=Windows_NT
PROCESSOR_IDENTIFIER=AMD64 Family 23 Model 104 Stepping 1, AuthenticAMD
TMP=C:\Users\ssahu\AppData\Local\Temp
TEMP=C:\Users\ssahu\AppData\Local\Temp




Periodic native trim disabled

JNI global refs:
JNI global refs: 44, weak refs: 57

JNI global refs memory usage: 835, weak refs: 1465

Process memory usage:
Resident Set Size: 1691316K (10% of 16070132K total physical memory with 1672448K free physical memory)

OOME stack traces (most recent first):
Classloader memory used:
Loader org.gradle.internal.classloader.VisitableURLClassLoader                         : 134M
Loader org.gradle.internal.classloader.VisitableURLClassLoader$InstrumentingVisitableURLClassLoader: 99242K
Loader bootstrap                                                                       : 39699K
Loader org.gradle.initialization.MixInLegacyTypesClassLoader                           : 20048K
Loader org.gradle.internal.classloader.VisitableURLClassLoader                         : 8827K
Loader jdk.internal.loader.ClassLoaders$AppClassLoader                                 : 8246K
Loader java.net.URLClassLoader                                                         : 5545K
Loader jdk.internal.reflect.DelegatingClassLoader                                      : 2167K
Loader jdk.internal.loader.ClassLoaders$PlatformClassLoader                            : 912K
Loader jdk.internal.jrtfs.JrtFileSystemProvider$JrtFsLoader                            : 344K
Loader org.gradle.groovy.scripts.internal.DefaultScriptCompilationHandler$ScriptClassLoader: 225K
Loader sun.reflect.misc.MethodUtil                                                     : 2984B

Classes loaded by more than one classloader:
Class Program                                                                         : loaded 5 times (x 72B)
Class com.google.common.collect.Iterators                                             : loaded 4 times (x 71B)
Class com.google.common.collect.Iterators$MergingIterator                             : loaded 4 times (x 81B)
Class com.google.common.collect.Lists$StringAsImmutableList                           : loaded 4 times (x 207B)
Class com.google.common.collect.AbstractIterator                                      : loaded 4 times (x 82B)
Class com.google.common.collect.AbstractIndexedListIterator                           : loaded 4 times (x 96B)
Class com.google.common.collect.Iterators$SingletonIterator                           : loaded 4 times (x 81B)
Class com.google.common.collect.Iterators$ArrayItr                                    : loaded 4 times (x 97B)
Class com.google.common.collect.Iterators$1                                           : loaded 4 times (x 81B)
Class com.google.common.collect.Iterators$4                                           : loaded 4 times (x 82B)
Class com.google.common.collect.Iterators$5                                           : loaded 4 times (x 82B)
Class com.google.common.collect.ImmutableList                                         : loaded 4 times (x 206B)
Class com.google.common.collect.ImmutableCollection                                   : loaded 4 times (x 125B)
Class com.google.common.collect.Lists                                                 : loaded 4 times (x 71B)
Class com.google.common.collect.Iterators$9                                           : loaded 4 times (x 81B)
Class com.google.common.base.Function                                                 : loaded 4 times (x 70B)
Class com.google.common.collect.UnmodifiableIterator                                  : loaded 4 times (x 80B)
Class com.google.common.collect.ImmutableSet                                          : loaded 4 times (x 145B)
Class com.google.common.collect.UnmodifiableListIterator                              : loaded 4 times (x 95B)
Class com.google.common.base.Preconditions                                            : loaded 4 times (x 71B)
Class com.google.common.collect.PeekingIterator                                       : loaded 4 times (x 70B)
Class kotlin.jvm.internal.CollectionToArray                                           : loaded 3 times (x 71B)
Class kotlin.text.StringsKt__StringBuilderKt                                          : loaded 3 times (x 71B)
Class kotlin.jvm.internal.CallableReference$NoReceiver                                : loaded 3 times (x 71B)
Class com.google.common.base.CharMatcher$NamedFastMatcher                             : loaded 3 times (x 112B)
Class kotlin.io.FilesKt__FileTreeWalkKt                                               : loaded 3 times (x 71B)
Class kotlin.sequences.FilteringSequence$iterator$1                                   : loaded 3 times (x 79B)
Class kotlin.sequences.SequencesKt__SequenceBuilderKt                                 : loaded 3 times (x 71B)
Class kotlin.collections.CollectionsKt__ReversedViewsKt                               : loaded 3 times (x 71B)
Class com.google.common.base.CharMatcher$1                                            : loaded 3 times (x 113B)
Class com.google.common.base.Joiner$2                                                 : loaded 3 times (x 79B)
Class com.google.common.collect.RangeGwtSerializationDependencies                     : loaded 3 times (x 71B)
Class kotlin.collections.ArraysKt__ArraysJVMKt                                        : loaded 3 times (x 71B)
Class com.google.common.collect.RangeSet                                              : loaded 3 times (x 70B)
Class com.google.common.base.CharMatcher$IsEither                                     : loaded 3 times (x 111B)
Class com.google.gson.stream.JsonReader                                               : loaded 3 times (x 97B)
Class com.google.common.base.CharMatcher                                              : loaded 3 times (x 111B)
Class com.google.common.base.Joiner$1                                                 : loaded 3 times (x 80B)
Class com.google.common.collect.ByFunctionOrdering                                    : loaded 3 times (x 115B)
Class kotlin.collections.SetsKt__SetsKt                                               : loaded 3 times (x 71B)
Class kotlin.NoWhenBranchMatchedException                                             : loaded 3 times (x 82B)
Class kotlin.collections.ArraysKt                                                     : loaded 3 times (x 71B)
Class com.google.common.base.CharMatcher$Is                                           : loaded 3 times (x 111B)
Class com.google.common.base.CharMatcher$Negated                                      : loaded 3 times (x 113B)
Class kotlin.ranges.RangesKt___RangesKt                                               : loaded 3 times (x 71B)
Class com.google.common.collect.AbstractMapBasedMultimap$WrappedCollection            : loaded 3 times (x 124B)
Class kotlin.KotlinNullPointerException                                               : loaded 3 times (x 83B)
Class com.google.common.collect.ImmutableEnumSet                                      : loaded 3 times (x 146B)
Class kotlin.collections.CollectionsKt__IterablesKt                                   : loaded 3 times (x 71B)
Class kotlin.collections.MapsKt                                                       : loaded 3 times (x 71B)
Class com.google.common.collect.ImmutableList$1                                       : loaded 3 times (x 97B)
Class kotlin.jvm.internal.Intrinsics                                                  : loaded 3 times (x 71B)
Class kotlin.reflect.KAnnotatedElement                                                : loaded 3 times (x 70B)
Class com.google.common.collect.ImmutableSet$RegularSetBuilderImpl                    : loaded 3 times (x 77B)
Class com.google.common.collect.ImmutableRangeSet$ComplementRanges                    : loaded 3 times (x 207B)
Class org.gradle.internal.IoActions                                                   : loaded 3 times (x 71B)
Class org.jetbrains.kotlin.tooling.core.HasMutableExtras                              : loaded 3 times (x 70B)
Class com.google.common.collect.NullsLastOrdering                                     : loaded 3 times (x 115B)
Class kotlin.text.StringsKt___StringsKt                                               : loaded 3 times (x 71B)
Class kotlin.enums.EnumEntriesKt                                                      : loaded 3 times (x 71B)
Class kotlin.collections.CollectionsKt__MutableCollectionsJVMKt                       : loaded 3 times (x 71B)
Class kotlin.collections.MapsKt__MapWithDefaultKt                                     : loaded 3 times (x 71B)
Class com.google.common.collect.SortedMapDifference                                   : loaded 3 times (x 70B)
Class kotlin.collections.ArraysKt___ArraysKt                                          : loaded 3 times (x 71B)
Class kotlin.io.FilesKt                                                               : loaded 3 times (x 71B)
Class kotlin.collections.MapsKt___MapsKt                                              : loaded 3 times (x 71B)
Class com.google.common.collect.CollectPreconditions                                  : loaded 3 times (x 71B)
Class kotlin.text.StringsKt___StringsJvmKt                                            : loaded 3 times (x 71B)
Class com.google.gson.stream.MalformedJsonException                                   : loaded 3 times (x 82B)
Class kotlin.reflect.KDeclarationContainer                                            : loaded 3 times (x 70B)
Class org.gradle.api.GradleException                                                  : loaded 3 times (x 82B)
Class kotlin.collections.CollectionsKt___CollectionsKt                                : loaded 3 times (x 71B)
Class kotlin.collections.EmptySet                                                     : loaded 3 times (x 122B)
Class com.google.common.base.CharMatcher$NegatedFastMatcher                           : loaded 3 times (x 113B)
Class com.google.common.collect.AbstractRangeSet                                      : loaded 3 times (x 114B)
Class kotlin.collections.MapsKt___MapsJvmKt                                           : loaded 3 times (x 71B)
Class com.google.common.collect.ImmutableMap                                          : loaded 3 times (x 120B)
Class com.google.common.base.Predicate                                                : loaded 3 times (x 70B)
Class kotlin.jvm.functions.Function2                                                  : loaded 3 times (x 70B)
Class com.google.common.base.CharMatcher$FastMatcher                                  : loaded 3 times (x 111B)
Class com.google.common.collect.Sets                                                  : loaded 3 times (x 71B)
Class kotlin.jvm.functions.Function1                                                  : loaded 3 times (x 70B)
Class org.gradle.api.Action                                                           : loaded 3 times (x 70B)
Class org.gradle.internal.Cast                                                        : loaded 3 times (x 71B)
Class kotlin.jvm.functions.Function0                                                  : loaded 3 times (x 70B)
Class kotlin.collections.ArraysUtilJVM                                                : loaded 3 times (x 71B)
Class kotlin.ranges.RangesKt                                                          : loaded 3 times (x 71B)
Class com.google.common.base.CharMatcher$Or                                           : loaded 3 times (x 112B)
Class kotlin.sequences.SequencesKt___SequencesJvmKt                                   : loaded 3 times (x 71B)
Class kotlin.Unit                                                                     : loaded 3 times (x 71B)
Class com.google.common.collect.Maps$BiMapConverter                                   : loaded 3 times (x 90B)
Class kotlin.TuplesKt                                                                 : loaded 3 times (x 71B)
Class kotlin.collections.CollectionsKt___CollectionsJvmKt                             : loaded 3 times (x 71B)
Class kotlin.jvm.internal.FunctionReferenceImpl                                       : loaded 3 times (x 122B)
Class com.google.common.collect.SetMultimap                                           : loaded 3 times (x 70B)
Class [Lcom.google.gson.Strictness;                                                   : loaded 3 times (x 69B)
Class com.google.common.base.CharMatcher$BitSetMatcher                                : loaded 3 times (x 112B)
Class [Lorg.jetbrains.kotlin.build.report.metrics.GradleBuildTime;                    : loaded 3 times (x 69B)
Class kotlin.sequences.FilteringSequence                                              : loaded 3 times (x 75B)
Class kotlin.comparisons.ComparisonsKt___ComparisonsKt                                : loaded 3 times (x 71B)
Class kotlin.comparisons.ComparisonsKt                                                : loaded 3 times (x 71B)
Class kotlin.sequences.SequencesKt__SequencesKt                                       : loaded 3 times (x 71B)
Class kotlin.collections.SetsKt___SetsKt                                              : loaded 3 times (x 71B)
Class kotlin.ranges.RangesKt__RangesKt                                                : loaded 3 times (x 71B)
Class kotlin.comparisons.ComparisonsKt__ComparisonsKt                                 : loaded 3 times (x 71B)
Class org.jetbrains.kotlin.tooling.core.Extras                                        : loaded 3 times (x 70B)
Class com.google.common.collect.Sets$SetView                                          : loaded 3 times (x 138B)
Class com.google.common.collect.ImmutableRangeSet$Builder                             : loaded 3 times (x 77B)
Class com.google.common.base.CharMatcher$InRange                                      : loaded 3 times (x 111B)
Class org.jetbrains.kotlin.tooling.core.Extras$Key                                    : loaded 3 times (x 72B)
Class com.google.common.collect.Maps$8                                                : loaded 3 times (x 82B)
Class com.google.common.collect.CompoundOrdering                                      : loaded 3 times (x 115B)
Class kotlin.collections.AbstractCollection                                           : loaded 3 times (x 117B)
Class kotlin.collections.AbstractList                                                 : loaded 3 times (x 197B)
Class kotlin.sequences.SequencesKt__SequencesJVMKt                                    : loaded 3 times (x 71B)
Class kotlin.sequences.SequencesKt___SequencesKt                                      : loaded 3 times (x 71B)
Class kotlin.collections.AbstractList$Companion                                       : loaded 3 times (x 71B)
Class kotlin.text.StringsKt__RegexExtensionsKt                                        : loaded 3 times (x 71B)
Class kotlin.collections.EmptyIterator                                                : loaded 3 times (x 89B)
Class com.google.common.collect.Maps                                                  : loaded 3 times (x 71B)
Class kotlin.jvm.internal.DefaultConstructorMarker                                    : loaded 3 times (x 71B)
Class com.google.common.collect.ReverseNaturalOrdering                                : loaded 3 times (x 114B)
Class org.jetbrains.kotlin.tooling.core.HasExtras                                     : loaded 3 times (x 70B)
Class kotlin.io.FileSystemException                                                   : loaded 3 times (x 82B)
Class com.google.common.collect.RegularImmutableList                                  : loaded 3 times (x 213B)
Class com.google.common.collect.ReverseOrdering                                       : loaded 3 times (x 115B)
Class org.jetbrains.kotlin.build.report.metrics.DoNothingBuildMetricsReporter         : loaded 3 times (x 86B)
Class kotlin.enums.EnumEntries                                                        : loaded 3 times (x 70B)
Class org.jetbrains.kotlin.tooling.core.MutableExtras                                 : loaded 3 times (x 70B)
Class org.jetbrains.kotlin.build.report.metrics.BuildTime                             : loaded 3 times (x 70B)
Class com.google.common.collect.RegularImmutableSortedSet                             : loaded 3 times (x 300B)
Class kotlin.jvm.internal.CallableReference                                           : loaded 3 times (x 106B)
Class com.google.common.base.CharMatcher$IsNot                                        : loaded 3 times (x 111B)
Class com.google.common.collect.Ordering                                              : loaded 3 times (x 114B)
Class com.google.common.collect.ImmutableSortedSet                                    : loaded 3 times (x 300B)
Class com.google.common.collect.LexicographicalOrdering                               : loaded 3 times (x 115B)
Class com.google.common.collect.UsingToStringOrdering                                 : loaded 3 times (x 114B)
Class kotlin.text.StringsKt__StringNumberConversionsKt                                : loaded 3 times (x 71B)
Class kotlin.io.FilesKt__FileReadWriteKt                                              : loaded 3 times (x 71B)
Class com.google.common.collect.ImmutableAsList                                       : loaded 3 times (x 209B)
Class kotlin.jvm.internal.markers.KMappedMarker                                       : loaded 3 times (x 70B)
Class com.google.gson.Strictness                                                      : loaded 3 times (x 79B)
Class com.google.common.collect.AbstractMapBasedMultimap                              : loaded 3 times (x 139B)
Class kotlin.text.StringsKt                                                           : loaded 3 times (x 71B)
Class com.google.common.collect.ImmutableSet$CachingAsList                            : loaded 3 times (x 148B)
Class com.google.common.base.Converter                                                : loaded 3 times (x 90B)
Class Build_gradle                                                                    : loaded 3 times (x 126B)
Class org.jetbrains.kotlin.build.report.metrics.GradleBuildTime$Companion             : loaded 3 times (x 71B)
Class kotlin.text.StringsKt__AppendableKt                                             : loaded 3 times (x 71B)
Class kotlin.collections.CollectionsKt__IteratorsKt                                   : loaded 3 times (x 71B)
Class kotlin.sequences.SequencesKt                                                    : loaded 3 times (x 71B)
Class com.google.common.collect.HashMultimap                                          : loaded 3 times (x 174B)
Class com.google.common.base.CharMatcher$AnyOf                                        : loaded 3 times (x 112B)
Class kotlin.collections.CollectionsKt__CollectionsJVMKt                              : loaded 3 times (x 71B)
Class kotlin.io.FilesKt__UtilsKt                                                      : loaded 3 times (x 71B)
Class com.google.common.collect.ImmutableRangeSet                                     : loaded 3 times (x 115B)
Class com.google.common.base.CharMatcher$ForPredicate                                 : loaded 3 times (x 112B)
Class com.google.common.collect.ImmutableEnumMap                                      : loaded 3 times (x 126B)
Class com.google.common.collect.ImmutableSet$SetBuilderImpl                           : loaded 3 times (x 76B)
Class com.google.common.collect.ForwardingObject                                      : loaded 3 times (x 72B)
Class com.google.common.collect.SortedIterable                                        : loaded 3 times (x 70B)
Class com.google.common.collect.ImmutableMap$IteratorBasedImmutableMap                : loaded 3 times (x 126B)
Class com.google.common.collect.SingletonImmutableSet                                 : loaded 3 times (x 146B)
Class kotlin.UninitializedPropertyAccessException                                     : loaded 3 times (x 82B)
Class com.google.common.collect.ImmutableList$SubList                                 : loaded 3 times (x 209B)
Class kotlin.collections.MapsKt__MapsKt                                               : loaded 3 times (x 71B)
Class com.google.common.collect.ImmutableList$ReverseImmutableList                    : loaded 3 times (x 209B)
Class kotlin.reflect.KFunction                                                        : loaded 3 times (x 70B)
Class com.google.common.collect.SingletonImmutableList                                : loaded 3 times (x 207B)
Class kotlin.io.NoSuchFileException                                                   : loaded 3 times (x 82B)
Class kotlin.text.StringsKt__IndentKt                                                 : loaded 3 times (x 71B)
Class kotlin.collections.SetsKt                                                       : loaded 3 times (x 71B)
Class com.google.common.base.ExtraObjectsMethodsForWeb                                : loaded 3 times (x 71B)
Class com.google.common.collect.ComparatorOrdering                                    : loaded 3 times (x 115B)
Class kotlin.text.StringsKt__StringsJVMKt                                             : loaded 3 times (x 71B)
Class com.google.common.collect.Multimap                                              : loaded 3 times (x 70B)
Class com.google.common.collect.Sets$1                                                : loaded 3 times (x 139B)
Class com.google.common.collect.AbstractMapBasedMultimap$WrappedCollection$WrappedIterator: loaded 3 times (x 84B)
Class org.jetbrains.kotlin.build.report.metrics.BuildMetricsReporter                  : loaded 3 times (x 70B)
Class kotlin.io.FileAlreadyExistsException                                            : loaded 3 times (x 82B)
Class kotlin.internal.ProgressionUtilKt                                               : loaded 3 times (x 71B)
Class org.jetbrains.kotlin.tooling.core.Extras$Entry                                  : loaded 3 times (x 72B)
Class kotlin.Function                                                                 : loaded 3 times (x 70B)
Class kotlin.collections.SetsKt__SetsJVMKt                                            : loaded 3 times (x 71B)
Class kotlin.collections.CollectionsKt                                                : loaded 3 times (x 71B)
Class com.google.common.collect.Multiset                                              : loaded 3 times (x 70B)
Class kotlin.collections.ArraysKt__ArraysKt                                           : loaded 3 times (x 71B)
Class kotlin.text.StringsKt__StringsKt                                                : loaded 3 times (x 71B)
Class com.google.common.collect.NullsFirstOrdering                                    : loaded 3 times (x 115B)
Class com.google.common.collect.BiMap                                                 : loaded 3 times (x 70B)
Class com.google.common.base.Objects                                                  : loaded 3 times (x 71B)
Class kotlin.sequences.Sequence                                                       : loaded 3 times (x 70B)
Class kotlin.text.StringsKt__StringNumberConversionsJVMKt                             : loaded 3 times (x 71B)
Class com.google.common.base.CharMatcher$And                                          : loaded 3 times (x 112B)
Class com.google.common.collect.HashMultimapGwtSerializationDependencies              : loaded 3 times (x 174B)
Class kotlin.collections.EmptyList                                                    : loaded 3 times (x 174B)
Class kotlin.collections.MapsKt__MapsJVMKt                                            : loaded 3 times (x 71B)
Class com.google.common.collect.NaturalOrdering                                       : loaded 3 times (x 115B)
Class kotlin.NotImplementedError                                                      : loaded 3 times (x 82B)
Class com.google.common.collect.Sets$2                                                : loaded 3 times (x 139B)
Class com.google.common.collect.ExplicitOrdering                                      : loaded 3 times (x 115B)
Class [Lorg.jetbrains.kotlin.build.report.metrics.BuildTime;                          : loaded 3 times (x 69B)
Class com.google.common.collect.RegularImmutableSet                                   : loaded 3 times (x 149B)
Class com.google.common.collect.Range                                                 : loaded 3 times (x 87B)
Class com.google.common.collect.RegularImmutableAsList                                : loaded 3 times (x 217B)
Class com.google.common.collect.ImmutableRangeSet$1                                   : loaded 3 times (x 210B)
Class kotlin.io.FilesKt__FilePathComponentsKt                                         : loaded 3 times (x 71B)
Class kotlin.io.TerminateException                                                    : loaded 3 times (x 82B)
Class kotlin.reflect.KCallable                                                        : loaded 3 times (x 70B)
Class com.google.common.collect.AbstractMultimap                                      : loaded 3 times (x 123B)
Class com.google.common.collect.ImmutableList$Builder                                 : loaded 3 times (x 77B)
Class com.google.common.collect.AbstractSetMultimap                                   : loaded 3 times (x 174B)
Class kotlin.collections.CollectionsKt__MutableCollectionsKt                          : loaded 3 times (x 71B)
Class com.google.common.collect.ForwardingCollection                                  : loaded 3 times (x 130B)
Class com.intellij.gradle.toolingExtension.util.GradleVersionUtil                     : loaded 3 times (x 71B)
Class kotlin.Pair                                                                     : loaded 3 times (x 72B)
Class kotlin.text.StringsKt__StringBuilderJVMKt                                       : loaded 3 times (x 71B)
Class com.google.common.collect.Platform                                              : loaded 3 times (x 71B)
Class org.jetbrains.kotlin.build.report.metrics.GradleBuildTime                       : loaded 3 times (x 86B)
Class com.google.common.base.Joiner                                                   : loaded 3 times (x 79B)
Class kotlin.collections.CollectionsKt__IteratorsJVMKt                                : loaded 3 times (x 71B)
Class kotlin.comparisons.ComparisonsKt___ComparisonsJvmKt                             : loaded 3 times (x 71B)
Class com.google.common.collect.Sets$3                                                : loaded 3 times (x 139B)
Class com.google.common.collect.ImmutableCollection$Builder                           : loaded 3 times (x 76B)
Class kotlin.jvm.KotlinReflectionNotSupportedError                                    : loaded 3 times (x 82B)
Class com.google.common.collect.ImmutableRangeSet$AsSet                               : loaded 3 times (x 300B)
Class kotlin.enums.EnumEntriesList                                                    : loaded 3 times (x 223B)
Class kotlin.jvm.internal.FunctionBase                                                : loaded 3 times (x 70B)
Class kotlin.jvm.internal.FunctionReference                                           : loaded 3 times (x 122B)
Class com.google.common.collect.MapDifference                                         : loaded 3 times (x 70B)
Class com.google.common.collect.AllEqualOrdering                                      : loaded 3 times (x 114B)
Class kotlin.text.StringsKt__RegexExtensionsJVMKt                                     : loaded 3 times (x 71B)
Class kotlin.collections.CollectionsKt__CollectionsKt                                 : loaded 3 times (x 71B)
Class kotlin.collections.ArraysKt___ArraysJvmKt                                       : loaded 3 times (x 71B)
Class com.google.common.collect.Sets$4                                                : loaded 3 times (x 139B)
Class com.google.common.reflect.TypeResolver                                          : loaded 2 times (x 72B)
Class com.google.common.io.ByteArrayDataInput                                         : loaded 2 times (x 70B)
Class com.google.common.hash.Hasher                                                   : loaded 2 times (x 70B)
Class com.google.common.reflect.Types$ClassOwnership$2                                : loaded 2 times (x 80B)
Class org.objectweb.asm.ModuleVisitor                                                 : loaded 2 times (x 81B)
Class com.google.common.cache.LocalCache$Strength$1                                   : loaded 2 times (x 81B)
Class org.jetbrains.kotlin.idea.gradleTooling.model.kapt.KaptGradleModel              : loaded 2 times (x 70B)
Class org.jetbrains.kotlin.idea.gradleTooling.KotlinDslScriptAdditionalTask           : loaded 2 times (x 70B)
Class org.jetbrains.plugins.gradle.model.ClasspathEntryModel                          : loaded 2 times (x 70B)
Class org.jetbrains.kotlin.descriptors.DescriptorVisibilities$5                       : loaded 2 times (x 79B)
Class org.jetbrains.kotlin.metadata.jvm.JvmProtoBuf$JvmPropertySignatureOrBuilder     : loaded 2 times (x 70B)
Class org.jetbrains.kotlin.protobuf.GeneratedMessageLite$ExtendableMessage            : loaded 2 times (x 113B)
Class org.jetbrains.kotlin.incremental.classpathDiff.MultifileClassKotlinClassSnapshot: loaded 2 times (x 76B)
Class org.jetbrains.kotlin.incremental.storage.ExternalizersKt                        : loaded 2 times (x 71B)
Class org.apache.commons.io.output.QueueOutputStream                                  : loaded 2 times (x 87B)
Class com.google.common.reflect.Types$ClassOwnership$3                                : loaded 2 times (x 71B)
Class org.jetbrains.kotlin.cli.common.messages.CompilerMessageSeverity                : loaded 2 times (x 79B)
Class com.google.common.util.concurrent.SettableFuture                                : loaded 2 times (x 114B)
Class com.google.common.cache.LocalCache$Strength$2                                   : loaded 2 times (x 81B)
Class org.jetbrains.kotlin.idea.gradleTooling.IdeaKotlinDependenciesContainer         : loaded 2 times (x 70B)
Class com.amazon.ion.IonTimestamp                                                     : loaded 2 times (x 70B)
Class com.amazon.ion.impl.bin.PooledBlockAllocatorProvider$PooledBlockAllocator       : loaded 2 times (x 81B)
Class org.jetbrains.plugins.gradle.tooling.serialization.GradleExtensionsSerializationService: loaded 2 times (x 77B)
Class org.gradle.api.JavaVersion                                                      : loaded 2 times (x 79B)
Class org.gradle.tooling.model.Dependency                                             : loaded 2 times (x 70B)
Class org.jetbrains.kotlin.descriptors.DescriptorVisibilities$6                       : loaded 2 times (x 79B)
Class org.jetbrains.kotlin.protobuf.CodedOutputStream$OutOfSpaceException             : loaded 2 times (x 82B)
Class org.jetbrains.kotlin.metadata.ProtoBuf$Annotation$Argument$Value                : loaded 2 times (x 127B)
Class com.google.common.collect.MapMakerInternalMap$StrongValueEntry                  : loaded 2 times (x 70B)
Class [Lorg.jetbrains.org.objectweb.asm.Attribute;                                    : loaded 2 times (x 69B)
Class [Lorg.jetbrains.kotlin.protobuf.WireFormat$JavaType;                            : loaded 2 times (x 69B)
Class com.google.common.collect.Interners$InternerImpl                                : loaded 2 times (x 75B)
Class com.google.common.collect.Interner                                              : loaded 2 times (x 70B)
Class com.google.common.collect.TransformedIterator                                   : loaded 2 times (x 80B)
Class com.google.common.base.Splitter$1                                               : loaded 2 times (x 77B)
Class com.google.common.io.ByteStreams                                                : loaded 2 times (x 71B)
Class com.android.builder.model.v2.ide.AbstractArtifact                               : loaded 2 times (x 70B)
Class com.google.common.collect.ComparisonChain$1                                     : loaded 2 times (x 81B)
Class org.jetbrains.kotlin.descriptors.DescriptorVisibilities$4                       : loaded 2 times (x 79B)
Class com.google.common.cache.LocalCache$Strength$3                                   : loaded 2 times (x 81B)
Class org.jetbrains.org.objectweb.asm.tree.TableSwitchInsnNode                        : loaded 2 times (x 79B)
Class com.amazon.ion.IonDatagram                                                      : loaded 2 times (x 70B)
Class com.amazon.ion.impl._Private_RecyclingStack$ElementFactory                      : loaded 2 times (x 70B)
Class com.amazon.ion.impl.bin.IonManagedBinaryWriter$ImportedSymbolResolverMode$1$1   : loaded 2 times (x 78B)
Class com.amazon.ion.impl._Private_ByteTransferSink                                   : loaded 2 times (x 70B)
Class com.intellij.openapi.externalSystem.model.project.dependencies.ResolutionState  : loaded 2 times (x 79B)
Class org.jetbrains.kotlin.descriptors.DescriptorVisibilities$7                       : loaded 2 times (x 79B)
Class kotlin._Assertions                                                              : loaded 2 times (x 71B)
Class com.google.common.collect.MapMaker$Dummy                                        : loaded 2 times (x 79B)
Class com.google.common.reflect.Invokable                                             : loaded 2 times (x 103B)
Class org.objectweb.asm.tree.LdcInsnNode                                              : loaded 2 times (x 78B)
Class org.objectweb.asm.FieldWriter                                                   : loaded 2 times (x 78B)
Class com.google.common.cache.CacheBuilder$NullListener                               : loaded 2 times (x 82B)
Class com.google.gson.LongSerializationPolicy                                         : loaded 2 times (x 80B)
Class org.jetbrains.kotlin.tooling.core.Extras$Type                                   : loaded 2 times (x 72B)
Class jdk.internal.jimage.ImageReader$LinkNode                                        : loaded 2 times (x 84B)
Class org.jetbrains.plugins.gradle.model.ExternalLibraryDependency                    : loaded 2 times (x 70B)
Class org.apache.commons.lang3.StringUtils                                            : loaded 2 times (x 71B)
Class kotlin.text.Regex$Companion                                                     : loaded 2 times (x 71B)
Class org.gradle.internal.classpath.TransformedClassPath                              : loaded 2 times (x 96B)
Class org.gradle.internal.classloader.InstrumentingClassLoader                        : loaded 2 times (x 70B)
Class org.gradle.internal.service.UnknownServiceException                             : loaded 2 times (x 83B)
Class kotlin.collections.CollectionsKt___CollectionsKt$asSequence$$inlined$Sequence$1 : loaded 2 times (x 75B)
Class org.jetbrains.kotlin.incremental.storage.DoubleExternalizer                     : loaded 2 times (x 75B)
Class [Lorg.jetbrains.org.objectweb.asm.SymbolTable$Entry;                            : loaded 2 times (x 69B)
Class org.jetbrains.kotlin.descriptors.DescriptorVisibilities$8                       : loaded 2 times (x 79B)
Class org.jetbrains.kotlin.metadata.ProtoBuf$MemberKind$1                             : loaded 2 times (x 74B)
Class org.jetbrains.kotlin.metadata.jvm.JvmProtoBuf$StringTableTypes$RecordOrBuilder  : loaded 2 times (x 70B)
Class org.jetbrains.kotlin.resolve.jvm.JvmClassName                                   : loaded 2 times (x 76B)
Class com.amazon.ion.impl.lite.IonBoolLite                                            : loaded 2 times (x 178B)
Class org.apache.commons.io.output.UnsynchronizedByteArrayOutputStream                : loaded 2 times (x 102B)
Class com.google.common.reflect.Types$ParameterizedTypeImpl                           : loaded 2 times (x 81B)
Class org.jetbrains.kotlin.buildtools.api.jvm.ClasspathEntrySnapshot                  : loaded 2 times (x 70B)
Class org.jetbrains.kotlin.com.google.common.base.Preconditions                       : loaded 2 times (x 71B)
Class com.google.common.collect.ImmutableListMultimap                                 : loaded 2 times (x 176B)
Class com.google.common.collect.Maps$IteratorBasedAbstractMap$1                       : loaded 2 times (x 138B)
Class org.jetbrains.plugins.gradle.model.ExternalSourceDirectorySet                   : loaded 2 times (x 70B)
Class com.google.common.cache.CacheLoader$FunctionToCacheLoader                       : loaded 2 times (x 75B)
Class jdk.internal.jrtfs.SystemImage                                                  : loaded 2 times (x 74B)
Class com.google.common.cache.LocalCache$LocalLoadingCache                            : loaded 2 times (x 134B)
Class jdk.internal.jrtfs.SystemImage$1                                                : loaded 2 times (x 78B)
Class com.amazon.ion.IonValue                                                         : loaded 2 times (x 70B)
Class [Lkotlin.coroutines.intrinsics.CoroutineSingletons;                             : loaded 2 times (x 69B)
Class org.jetbrains.kotlin.protobuf.GeneratedMessageLite$ExtendableBuilder            : loaded 2 times (x 138B)
Class org.jetbrains.kotlin.descriptors.DescriptorVisibilities$9                       : loaded 2 times (x 79B)
Class [Lorg.objectweb.asm.AnnotationVisitor;                                          : loaded 2 times (x 69B)
Class org.jetbrains.kotlin.metadata.jvm.JvmProtoBuf$StringTableTypes                  : loaded 2 times (x 110B)
Class org.jetbrains.kotlin.cli.common.CompilerSystemProperties                        : loaded 2 times (x 80B)
Class org.apache.commons.io.output.ByteArrayOutputStream                              : loaded 2 times (x 102B)
Class com.google.common.reflect.TypeResolver$TypeVariableKey                          : loaded 2 times (x 72B)
Class com.google.common.collect.EmptyImmutableListMultimap                            : loaded 2 times (x 176B)
Class com.google.common.collect.BaseImmutableMultimap                                 : loaded 2 times (x 123B)
Class com.google.common.reflect.Types$ClassOwnership$1                                : loaded 2 times (x 80B)
Class com.google.common.base.MoreObjects                                              : loaded 2 times (x 71B)
Class com.google.gson.internal.bind.DefaultDateTypeAdapter                            : loaded 2 times (x 74B)
Class com.google.gson.GsonBuilder                                                     : loaded 2 times (x 72B)
Class jdk.internal.jrtfs.SystemImage$2                                                : loaded 2 times (x 76B)
Class com.amazon.ion.impl.bin.IonRawBinaryWriter$ContainerType                        : loaded 2 times (x 79B)
Class com.amazon.ion.impl._Private_IonTextWriterBuilder$Mutable                       : loaded 2 times (x 102B)
Class org.jetbrains.org.objectweb.asm.tree.LabelNode                                  : loaded 2 times (x 80B)
Class [Lorg.jetbrains.kotlin.com.intellij.openapi.diagnostic.LogLevel;                : loaded 2 times (x 69B)
Class org.jetbrains.kotlin.utils.CollectionsKt                                        : loaded 2 times (x 71B)
Class org.jetbrains.kotlin.metadata.jvm.JvmProtoBuf$StringTableTypes$1                : loaded 2 times (x 144B)
Class org.jetbrains.kotlin.metadata.ProtoBuf$PropertyOrBuilder                        : loaded 2 times (x 70B)
Class org.jetbrains.kotlin.metadata.ProtoBuf$Constructor$1                            : loaded 2 times (x 144B)
Class com.google.common.base.AbstractIterator$State                                   : loaded 2 times (x 79B)
Class ijJvmDebugger2_bu4x282i0fy6sisrgurndp4i3                                        : loaded 2 times (x 171B)
Class com.google.common.base.Splitter$5                                               : loaded 2 times (x 80B)
Class [Lorg.objectweb.asm.Attribute;                                                  : loaded 2 times (x 69B)
Class com.android.builder.model.v2.ide.TestInfo$Execution                             : loaded 2 times (x 79B)
Class com.google.gson.internal.Primitives                                             : loaded 2 times (x 71B)
Class com.google.common.collect.MapMakerInternalMap$Strength$2                        : loaded 2 times (x 80B)
Class [Lorg.objectweb.asm.Type;                                                       : loaded 2 times (x 69B)
Class com.google.gson.stream.JsonWriter                                               : loaded 2 times (x 98B)
Class org.jetbrains.kotlin.load.java.JvmAnnotationNames                               : loaded 2 times (x 71B)
Class org.jetbrains.kotlin.idea.gradleTooling.KotlinSourceSetContainer                : loaded 2 times (x 70B)
Class org.jetbrains.plugins.gradle.model.IntelliJSettings                             : loaded 2 times (x 70B)
Class kotlin.Result                                                                   : loaded 2 times (x 72B)
Class org.gradle.internal.service.ServiceLocator                                      : loaded 2 times (x 70B)
Class org.jetbrains.kotlin.incremental.storage.FloatExternalizer                      : loaded 2 times (x 75B)
Class org.jetbrains.kotlin.incremental.impl.UtilsKt                                   : loaded 2 times (x 71B)
Class [Lkotlin.Function;                                                              : loaded 2 times (x 69B)
Class org.jetbrains.kotlin.metadata.jvm.deserialization.JvmNameResolverBase$Companion : loaded 2 times (x 71B)
Class org.jetbrains.kotlin.load.kotlin.header.ReadKotlinClassHeaderAnnotationVisitor$CollectStringArrayAnnotationVisitor: loaded 2 times (x 85B)
Class org.jetbrains.kotlin.incremental.classpathDiff.impl.KotlinClassHeaderClassVisitor: loaded 2 times (x 88B)
Class org.jetbrains.kotlin.metadata.ProtoBuf$MemberKind                               : loaded 2 times (x 82B)
Class ijJvmDebugger2_bu4x282i0fy6sisrgurndp4i3$_run_closure1                          : loaded 2 times (x 139B)
Class org.apache.commons.io.FileExistsException                                       : loaded 2 times (x 82B)
Class org.objectweb.asm.tree.AnnotationNode                                           : loaded 2 times (x 80B)
Class com.google.common.collect.HashBiMap$BiEntry                                     : loaded 2 times (x 83B)
Class com.google.common.base.Ascii                                                    : loaded 2 times (x 71B)
Class com.google.common.collect.SingletonImmutableBiMap                               : loaded 2 times (x 143B)
Class com.google.common.cache.LocalCache$1                                            : loaded 2 times (x 89B)
Class com.google.gson.internal.bind.TypeAdapterRuntimeTypeWrapper                     : loaded 2 times (x 74B)
Class org.jetbrains.kotlin.descriptors.DescriptorVisibilities$3                       : loaded 2 times (x 79B)
Class com.google.common.collect.AbstractMapEntry                                      : loaded 2 times (x 81B)
Class Settings_gradle$1$1$1$1                                                         : loaded 2 times (x 74B)
Class jdk.internal.jrtfs.JrtFileSystemProvider                                        : loaded 2 times (x 101B)
Class com.amazon.ion.impl.IonWriterSystem                                             : loaded 2 times (x 171B)
Class com.amazon.ion.impl.bin.Symbols$2                                               : loaded 2 times (x 107B)
Class com.amazon.ion.impl.bin._Private_IonManagedWriter                               : loaded 2 times (x 70B)
Class com.android.ide.gradle.model.GradlePropertiesModel                              : loaded 2 times (x 70B)
Class kotlin.sequences.TransformingSequence$iterator$1                                : loaded 2 times (x 79B)
Class org.gradle.tooling.internal.adapter.ProtocolToModelAdapter$SupportedPropertyInvoker: loaded 2 times (x 76B)
Class org.gradle.tooling.model.UnsupportedMethodException                             : loaded 2 times (x 82B)
Class [Lorg.jetbrains.org.objectweb.asm.tree.AbstractInsnNode;                        : loaded 2 times (x 69B)
Class org.jetbrains.kotlin.incremental.classpathDiff.ExtraInfoExternalizer            : loaded 2 times (x 75B)
Class kotlin.io.CloseableKt                                                           : loaded 2 times (x 71B)
Class org.jetbrains.kotlin.incremental.classpathDiff.ClasspathEntrySnapshot           : loaded 2 times (x 72B)
Class org.jetbrains.kotlin.metadata.jvm.deserialization.ClassMapperLite               : loaded 2 times (x 71B)
Class com.google.common.collect.MapMakerInternalMap$AbstractStrongKeyEntry            : loaded 2 times (x 80B)
Class com.google.common.io.CharSource$StringCharSource                                : loaded 2 times (x 86B)
Class com.google.common.io.ByteSource$ByteArrayByteSource                             : loaded 2 times (x 85B)
Class com.google.common.reflect.TypeToken$SimpleTypeToken                             : loaded 2 times (x 73B)
Class org.jetbrains.kotlin.buildtools.api.SharedApiClassesClassLoader                 : loaded 2 times (x 71B)
Class com.android.builder.model.v2.ide.BytecodeTransformation                         : loaded 2 times (x 79B)
Class org.gradle.api.internal.ClassPathProvider                                       : loaded 2 times (x 70B)
Class com.google.common.collect.Sets$ImprovedAbstractSet                              : loaded 2 times (x 135B)
Class [Lorg.gradle.api.internal.ClassPathProvider;                                    : loaded 2 times (x 69B)
Class org.gradle.tooling.ToolingModelContract                                         : loaded 2 times (x 70B)
Class com.google.common.cache.LocalCache$2                                            : loaded 2 times (x 142B)
Class com.amazon.ion.impl.lite.IonContainerLite                                       : loaded 2 times (x 248B)
Class com.amazon.ion.IonBufferConfiguration$OversizedSymbolTableHandler               : loaded 2 times (x 70B)
Class com.amazon.ion.system.IonWriterBuilder                                          : loaded 2 times (x 74B)
Class org.jetbrains.plugins.gradle.tooling.serialization.ToolingStreamApiUtils        : loaded 2 times (x 71B)
Class com.amazon.ion.facet.Faceted                                                    : loaded 2 times (x 70B)
Class kotlin.sequences.SequenceScope                                                  : loaded 2 times (x 73B)
Class org.jetbrains.kotlin.metadata.deserialization.ProtoBufUtilKt                    : loaded 2 times (x 71B)
Class kotlin.text.MatchResult                                                         : loaded 2 times (x 70B)
Class com.amazon.ion.SymbolToken                                                      : loaded 2 times (x 70B)
Class com.android.builder.model.v2.ide.CodeShrinker                                   : loaded 2 times (x 79B)
Class com.google.common.hash.AbstractHashFunction                                     : loaded 2 times (x 95B)
Class com.amazon.ion.impl.bin.IonRawBinaryWriter                                      : loaded 2 times (x 169B)
Class com.google.gson.internal.bind.MapTypeAdapterFactory$Adapter                     : loaded 2 times (x 74B)
Class com.google.gson.internal.sql.SqlTimeTypeAdapter$1                               : loaded 2 times (x 75B)
Class com.amazon.ion.impl.SharedSymbolTable                                           : loaded 2 times (x 93B)
Class org.jetbrains.kotlin.idea.projectModel.KotlinAndroidSourceSetInfo               : loaded 2 times (x 70B)
Class com.amazon.ion.impl.bin.utf8.Poolable                                           : loaded 2 times (x 79B)
Class com.amazon.ion.IonSymbol                                                        : loaded 2 times (x 70B)
Class org.jetbrains.plugins.gradle.tooling.serialization.AnnotationProcessingModelSerializationService$WriteContext: loaded 2 times (x 72B)
Class org.jetbrains.org.objectweb.asm.tree.InsnList                                   : loaded 2 times (x 103B)
Class org.jetbrains.org.objectweb.asm.tree.ModuleNode                                 : loaded 2 times (x 83B)
Class org.jetbrains.kotlin.protobuf.AbstractMessageLite$Builder                       : loaded 2 times (x 122B)
Class org.jetbrains.kotlin.protobuf.Internal$EnumLiteMap                              : loaded 2 times (x 70B)
Class org.jetbrains.kotlin.protobuf.GeneratedMessageLite                              : loaded 2 times (x 101B)
Class org.jetbrains.kotlin.metadata.deserialization.MetadataVersion                   : loaded 2 times (x 74B)
Class com.google.common.base.Optional                                                 : loaded 2 times (x 80B)
Class org.jetbrains.kotlin.cli.common.messages.MessageCollector$Companion             : loaded 2 times (x 71B)
Class com.amazon.ion.impl._Private_RecyclingStack$$Iterator                           : loaded 2 times (x 99B)
Class com.google.common.util.concurrent.AbstractFuture$Trusted                        : loaded 2 times (x 70B)
Class [Lorg.jetbrains.kotlin.idea.projectModel.KotlinPlatform;                        : loaded 2 times (x 69B)
Class com.intellij.compose.ide.plugin.gradleTooling.rt.ComposeResourcesModel          : loaded 2 times (x 70B)
Class org.jetbrains.kotlin.idea.gradleTooling.KotlinGradlePluginVersion               : loaded 2 times (x 70B)
Class com.intellij.gradle.toolingExtension.impl.util.collectionUtil.GradleCollections : loaded 2 times (x 71B)
Class com.amazon.ion.impl.lite.IonStructLite                                          : loaded 2 times (x 298B)
Class com.amazon.ion.impl._Private_ReaderWriter                                       : loaded 2 times (x 70B)
Class com.amazon.ion.impl.bin.AbstractSymbolTable                                     : loaded 2 times (x 107B)
Class com.amazon.ion.Decimal                                                          : loaded 2 times (x 133B)
Class com.amazon.ion.impl.bin._Private_IonManagedBinaryWriterBuilder$AllocatorMode$1  : loaded 2 times (x 80B)
Class org.jetbrains.plugins.gradle.tooling.serialization.ProjectDependenciesSerializationService$WriteContext: loaded 2 times (x 72B)
Class org.jetbrains.plugins.gradle.tooling.serialization.ProjectDependenciesSerializationService: loaded 2 times (x 77B)
Class kotlin.text.CharsKt                                                             : loaded 2 times (x 71B)
Class org.gradle.tooling.model.kotlin.dsl.KotlinDslScriptModel                        : loaded 2 times (x 70B)
Class org.gradle.tooling.internal.adapter.CollectionMapper                            : loaded 2 times (x 73B)
Class org.jetbrains.org.objectweb.asm.tree.MethodInsnNode                             : loaded 2 times (x 79B)
Class org.jetbrains.kotlin.descriptors.Visibilities$Unknown                           : loaded 2 times (x 79B)
Class org.jetbrains.kotlin.descriptors.Visibilities$Inherited                         : loaded 2 times (x 79B)
Class org.jetbrains.org.objectweb.asm.tree.MethodNode                                 : loaded 2 times (x 110B)
Class org.jetbrains.kotlin.protobuf.Parser                                            : loaded 2 times (x 70B)
Class org.jetbrains.kotlin.load.kotlin.KotlinJvmBinaryClass                           : loaded 2 times (x 70B)
Class com.google.gson.FieldNamingStrategy                                             : loaded 2 times (x 70B)
Class org.jetbrains.kotlin.config.KotlinCompilerVersion                               : loaded 2 times (x 71B)
Class [Lcom.android.builder.model.v2.ide.LibraryType;                                 : loaded 2 times (x 69B)
Class com.android.builder.model.v2.ide.LibraryType                                    : loaded 2 times (x 79B)
Class com.google.common.io.ByteSink$AsCharSink                                        : loaded 2 times (x 80B)
Class com.google.gson.JsonArray                                                       : loaded 2 times (x 100B)
Class org.jetbrains.kotlin.tooling.core.KotlinToolingVersion                          : loaded 2 times (x 75B)
Class com.android.builder.model.v2.models.BasicAndroidProject                         : loaded 2 times (x 70B)
Class com.google.common.util.concurrent.UncheckedExecutionException                   : loaded 2 times (x 82B)
Class com.google.gson.internal.bind.DefaultDateTypeAdapter$DateType                   : loaded 2 times (x 73B)
Class org.gradle.kotlin.dsl.VersionCatalogAccessorsKt                                 : loaded 2 times (x 71B)
Class jdk.internal.jimage.ImageLocation                                               : loaded 2 times (x 90B)
Class jdk.internal.jrtfs.JrtDirectoryStream$1                                         : loaded 2 times (x 83B)
Class com.amazon.ion.impl.lite.IonFloatLite                                           : loaded 2 times (x 186B)
Class com.amazon.ion.impl._Private_IonTextWriterBuilder                               : loaded 2 times (x 102B)
Class com.amazon.ion.impl.bin._Private_IonManagedBinaryWriterBuilder$AllocatorMode$2  : loaded 2 times (x 80B)
Class org.jetbrains.org.objectweb.asm.ClassTooLargeException                          : loaded 2 times (x 83B)
Class org.jetbrains.kotlin.metadata.jvm.deserialization.JvmMemberSignature$Method     : loaded 2 times (x 75B)
Class [Lorg.jetbrains.kotlin.metadata.ProtoBuf$VersionRequirement$Level;              : loaded 2 times (x 69B)
Class org.jetbrains.kotlin.protobuf.WireFormat$JavaType                               : loaded 2 times (x 79B)
Class org.jetbrains.kotlin.incremental.classpathDiff.KotlinClassSnapshot              : loaded 2 times (x 74B)
Class com.google.gson.internal.bind.ReflectiveTypeAdapterFactory$1                    : loaded 2 times (x 74B)
Class org.jetbrains.plugins.gradle.ExternalDependencyId                               : loaded 2 times (x 70B)
Class com.amazon.ion.impl._Private_RecyclingStack                                     : loaded 2 times (x 79B)
Class com.amazon.ion.impl._Private_IonReaderBuilder                                   : loaded 2 times (x 97B)
Class com.amazon.ion.IonMutableCatalog                                                : loaded 2 times (x 70B)
Class gnu.trove.THash                                                                 : loaded 2 times (x 81B)
Class com.intellij.gradle.toolingExtension.impl.model.buildScriptClasspathModel.GradleBuildScriptClasspathSerializationService$WriteContext: loaded 2 times (x 72B)
Class org.gradle.tooling.internal.adapter.ProtocolToModelAdapter                      : loaded 2 times (x 80B)
Class org.gradle.internal.InternalTransformer                                         : loaded 2 times (x 70B)
Class org.jetbrains.kotlin.metadata.ProtoBuf$Property$Builder                         : loaded 2 times (x 197B)
Class org.jetbrains.org.objectweb.asm.tree.IntInsnNode                                : loaded 2 times (x 78B)
Class org.jetbrains.kotlin.descriptors.Visibilities$PrivateToThis                     : loaded 2 times (x 79B)
Class org.jetbrains.kotlin.protobuf.SmallSortedMap$1                                  : loaded 2 times (x 130B)
Class com.google.common.hash.HashCode$BytesHashCode                                   : loaded 2 times (x 81B)
Class com.google.common.io.CharSource$ConcatenatedCharSource                          : loaded 2 times (x 86B)
Class com.android.builder.model.v2.ide.AndroidGradlePluginProjectFlags$BooleanFlag    : loaded 2 times (x 79B)
Class com.google.common.collect.Maps$ViewCachingAbstractMap                           : loaded 2 times (x 125B)
Class com.google.common.collect.AbstractMapBasedMultimap$KeySet$1                     : loaded 2 times (x 82B)
Class com.android.ide.common.gradle.Separator                                         : loaded 2 times (x 79B)
Class org.objectweb.asm.ClassWriter                                                   : loaded 2 times (x 106B)
Class com.google.common.collect.MapMakerInternalMap$Strength$1                        : loaded 2 times (x 80B)
Class com.google.common.cache.CacheLoader$UnsupportedLoadingOperationException        : loaded 2 times (x 82B)
Class com.google.gson.internal.bind.ReflectiveTypeAdapterFactory$2                    : loaded 2 times (x 79B)
Class jdk.internal.jimage.ImageBufferCache$1                                          : loaded 2 times (x 83B)
Class org.jetbrains.kotlin.idea.projectModel.KonanRunConfigurationModel               : loaded 2 times (x 70B)
Class org.gradle.internal.time.DefaultTimer                                           : loaded 2 times (x 80B)
Class org.gradle.internal.classloader.ClasspathUtil$1                                 : loaded 2 times (x 76B)
Class org.jetbrains.kotlin.metadata.ProtoBuf$Effect$EffectType$1                      : loaded 2 times (x 74B)
Class org.jetbrains.kotlin.metadata.ProtoBuf$EffectOrBuilder                          : loaded 2 times (x 70B)
Class org.jetbrains.kotlin.protobuf.BoundedByteString                                 : loaded 2 times (x 112B)
Class org.jetbrains.kotlin.incremental.KotlinClassInfo$Companion                      : loaded 2 times (x 71B)
Class org.jetbrains.kotlin.incremental.storage.DelegateDataExternalizer               : loaded 2 times (x 76B)
Class org.objectweb.asm.tree.LookupSwitchInsnNode                                     : loaded 2 times (x 78B)
Class org.jetbrains.kotlin.incremental.classpathDiff.impl.ClassListSnapshotter        : loaded 2 times (x 70B)
Class org.objectweb.asm.FieldVisitor                                                  : loaded 2 times (x 77B)
Class com.google.gson.ToNumberStrategy                                                : loaded 2 times (x 70B)
Class com.google.gson.TypeAdapter                                                     : loaded 2 times (x 73B)
Class com.google.common.collect.IndexedImmutableSet                                   : loaded 2 times (x 152B)
Class com.google.common.collect.ImmutableMap$1                                        : loaded 2 times (x 81B)
Class org.jetbrains.kotlin.protobuf.ExtensionRegistryLite                             : loaded 2 times (x 74B)
Class jdk.internal.jimage.ImageBufferCache$2                                          : loaded 2 times (x 91B)
Class com.amazon.ion.impl.bin.PooledBlockAllocatorProvider$PooledBlockAllocator$1     : loaded 2 times (x 79B)
Class com.amazon.ion.impl.lite.IonStringLite                                          : loaded 2 times (x 212B)
Class org.gradle.tooling.internal.adapter.ProtocolToModelAdapter$ViewKey              : loaded 2 times (x 72B)
Class org.gradle.api.internal.classpath.DefaultModuleRegistry$DefaultModule           : loaded 2 times (x 86B)
Class org.jetbrains.org.objectweb.asm.tree.TryCatchBlockNode                          : loaded 2 times (x 74B)
Class org.jetbrains.kotlin.descriptors.Visibilities$InvisibleFake                     : loaded 2 times (x 79B)
Class org.jetbrains.kotlin.incremental.impl.SelectiveClassVisitor                     : loaded 2 times (x 88B)
Class org.jetbrains.kotlin.protobuf.UninitializedMessageException                     : loaded 2 times (x 84B)
Class org.jetbrains.kotlin.metadata.jvm.deserialization.JvmNameResolverKt             : loaded 2 times (x 71B)
Class org.jetbrains.kotlin.metadata.ProtoBuf$TypeParameter$Variance                   : loaded 2 times (x 82B)
Class org.jetbrains.kotlin.metadata.ProtoBuf$Annotation$Argument$Value$1              : loaded 2 times (x 144B)
Class org.jetbrains.kotlin.name.ClassId                                               : loaded 2 times (x 72B)
Class com.google.common.base.Absent                                                   : loaded 2 times (x 80B)
Class com.google.common.reflect.Reflection                                            : loaded 2 times (x 71B)
Class org.jetbrains.kotlin.metadata.jvm.JvmProtoBuf$JvmFieldSignature                 : loaded 2 times (x 108B)
Class com.android.builder.model.v2.CustomSourceDirectory                              : loaded 2 times (x 70B)
Class com.google.common.primitives.Ints                                               : loaded 2 times (x 71B)
Class com.android.ide.common.repository.AgpVersion                                    : loaded 2 times (x 75B)
Class org.jetbrains.kotlin.metadata.ProtoBuf$Modality                                 : loaded 2 times (x 82B)
Class org.jetbrains.kotlin.tooling.core.ExtrasUtilsKt                                 : loaded 2 times (x 71B)
Class com.amazon.ion.impl.bin.Block                                                   : loaded 2 times (x 79B)
Class kotlin.ResultKt                                                                 : loaded 2 times (x 71B)
Class org.gradle.tooling.internal.adapter.ProtocolToModelAdapter$PropertyCachingMethodInvoker: loaded 2 times (x 76B)
Class [Lorg.jetbrains.kotlin.metadata.ProtoBuf$Effect$InvocationKind;                 : loaded 2 times (x 69B)
Class org.jetbrains.org.objectweb.asm.tree.JumpInsnNode                               : loaded 2 times (x 78B)
Class org.jetbrains.kotlin.descriptors.Named                                          : loaded 2 times (x 70B)
Class org.jetbrains.kotlin.serialization.deserialization.ProtoEnumFlagsUtilsKt        : loaded 2 times (x 71B)
Class org.jetbrains.kotlin.metadata.ProtoBuf$VersionRequirement$VersionKind           : loaded 2 times (x 82B)
Class org.jetbrains.kotlin.metadata.ProtoBuf$Visibility$1                             : loaded 2 times (x 74B)
Class org.jetbrains.org.objectweb.asm.FieldVisitor                                    : loaded 2 times (x 77B)
Class org.jetbrains.kotlin.metadata.jvm.JvmProtoBuf$StringTableTypes$Record$Operation$1: loaded 2 times (x 74B)
Class kotlin.collections.IndexingIterable                                             : loaded 2 times (x 79B)
Class org.jetbrains.kotlin.metadata.deserialization.NameResolver                      : loaded 2 times (x 70B)
Class org.jetbrains.kotlin.protobuf.GeneratedMessageLite$ExtensionDescriptor          : loaded 2 times (x 84B)
Class org.jetbrains.kotlin.protobuf.InvalidProtocolBufferException                    : loaded 2 times (x 84B)
Class org.jetbrains.kotlin.descriptors.DescriptorVisibilities$2                       : loaded 2 times (x 79B)
Class org.jetbrains.kotlin.buildtools.api.CompilationService$Companion                : loaded 2 times (x 71B)
Class com.android.builder.model.v2.models.ProjectSyncIssues                           : loaded 2 times (x 70B)
Class com.google.common.collect.ObjectArrays                                          : loaded 2 times (x 71B)
Class org.gradle.api.internal.DefaultClassPathProvider                                : loaded 2 times (x 76B)
Class com.google.common.collect.ArrayListMultimapGwtSerializationDependencies         : loaded 2 times (x 172B)
Class com.google.common.collect.Iterators$PeekingImpl                                 : loaded 2 times (x 89B)
Class com.google.common.math.MathPreconditions                                        : loaded 2 times (x 71B)
Class org.jetbrains.kotlin.idea.projectModel.KotlinTarget                             : loaded 2 times (x 70B)
Class com.intellij.openapi.externalSystem.model.ExternalSystemException               : loaded 2 times (x 86B)
Class org.jetbrains.plugins.gradle.model.ExternalTask                                 : loaded 2 times (x 70B)
Class com.amazon.ion.impl.bin.utf8.Utf8StringEncoderPool$1                            : loaded 2 times (x 76B)
Class com.amazon.ion.impl.lite.IonLoaderLite                                          : loaded 2 times (x 82B)
Class com.amazon.ion.impl.lite.IonContext                                             : loaded 2 times (x 70B)
Class com.amazon.ion.impl.IonWriterSystemText                                         : loaded 2 times (x 190B)
Class [Lcom.amazon.ion.impl.bin.IonManagedBinaryWriter$ImportedSymbolResolverMode;    : loaded 2 times (x 69B)
Class com.amazon.ion.ValueFactory                                                     : loaded 2 times (x 70B)
Class kotlin.Result$Failure                                                           : loaded 2 times (x 72B)
Class org.gradle.internal.time.DefaultCountdownTimer                                  : loaded 2 times (x 88B)
Class org.jetbrains.kotlin.protobuf.ByteString$ByteIterator                           : loaded 2 times (x 70B)
Class org.jetbrains.kotlin.incremental.classpathDiff.impl.ClassFileWithContents       : loaded 2 times (x 72B)
Class com.intellij.gradle.toolingExtension.impl.model.buildScriptClasspathModel.GradleBuildScriptClasspathSerializationService$ReadContext: loaded 2 times (x 72B)
Class com.amazon.ion.impl._Private_IonContainer                                       : loaded 2 times (x 70B)
Class org.apache.commons.io.output.NullOutputStream                                   : loaded 2 times (x 85B)
Class com.google.gson.internal.ObjectConstructor                                      : loaded 2 times (x 70B)
Class com.google.common.collect.ImmutableMapEntrySet                                  : loaded 2 times (x 152B)
Class com.amazon.ion.impl._Private_RecyclingQueue$ElementFactory                      : loaded 2 times (x 70B)
Class org.jetbrains.kotlin.idea.projectModel.KotlinCompilationOutput                  : loaded 2 times (x 70B)
Class com.amazon.ion.impl.bin.IonManagedBinaryWriter$SymbolResolver                   : loaded 2 times (x 70B)
Class com.amazon.ion.impl._Private_SymbolToken                                        : loaded 2 times (x 70B)
Class com.amazon.ion.impl.bin._Private_IonManagedBinaryWriterBuilder$AllocatorMode    : loaded 2 times (x 80B)
Class org.jetbrains.plugins.gradle.model.GradleTaskModel                              : loaded 2 times (x 70B)
Class org.jetbrains.plugins.gradle.tooling.util.ObjectCollector                       : loaded 2 times (x 72B)
Class org.gradle.tooling.internal.adapter.ProtocolToModelAdapter$AdaptingMethodInvoker: loaded 2 times (x 76B)
Class org.gradle.tooling.internal.gradle.DefaultBuildIdentifier                       : loaded 2 times (x 79B)
Class org.gradle.api.internal.classpath.Module                                        : loaded 2 times (x 70B)
Class com.google.gson.FieldNamingPolicy                                               : loaded 2 times (x 83B)
Class org.jetbrains.kotlin.metadata.deserialization.Flags$FlagField                   : loaded 2 times (x 73B)
Class com.google.gson.FormattingStyle                                                 : loaded 2 times (x 78B)
Class com.intellij.gradle.toolingExtension.impl.util.GradleObjectUtil                 : loaded 2 times (x 71B)
Class com.google.common.cache.Weigher                                                 : loaded 2 times (x 70B)
Class com.intellij.openapi.externalSystem.model.project.IExternalSystemSourceType     : loaded 2 times (x 70B)
Class [Lcom.amazon.ion.util.GzipStreamInterceptor;                                    : loaded 2 times (x 69B)
Class com.amazon.ion.impl._Private_IonReaderBuilder$Mutable                           : loaded 2 times (x 97B)
Class org.gradle.api.internal.classpath.UnknownModuleException                        : loaded 2 times (x 82B)
Class org.jetbrains.kotlin.incremental.storage.LongExternalizer                       : loaded 2 times (x 75B)
Class org.jetbrains.kotlin.incremental.classpathDiff.KotlinClassInfoExternalizer      : loaded 2 times (x 75B)
Class [Lorg.jetbrains.kotlin.metadata.ProtoBuf$Class$Kind;                            : loaded 2 times (x 69B)
Class org.jetbrains.kotlin.metadata.ProtoBuf$TypeAliasOrBuilder                       : loaded 2 times (x 70B)
Class org.jetbrains.kotlin.incremental.classpathDiff.AccessibleClassSnapshot          : loaded 2 times (x 73B)
Class org.apache.commons.io.Charsets                                                  : loaded 2 times (x 71B)
Class com.google.common.collect.AbstractMapBasedMultimap$WrappedNavigableSet          : loaded 2 times (x 280B)
Class com.google.common.base.Stopwatch                                                : loaded 2 times (x 72B)
Class com.google.common.cache.LocalCache$Strength                                     : loaded 2 times (x 81B)
Class com.google.common.cache.Cache                                                   : loaded 2 times (x 70B)
Class com.google.gson.stream.JsonReader$1                                             : loaded 2 times (x 72B)
Class jdk.internal.jimage.ImageHeader                                                 : loaded 2 times (x 71B)
Class com.intellij.openapi.externalSystem.model.project.dependencies.ProjectDependencies: loaded 2 times (x 70B)
Class org.jetbrains.plugins.gradle.tooling.serialization.ProjectDependenciesSerializationService$ReadContext: loaded 2 times (x 72B)
Class sync_studio_tooling11_2afhvsms9i59esdfckeft6t5l$_run_closure1                   : loaded 2 times (x 139B)
Class kotlin.collections.IndexingIterator                                             : loaded 2 times (x 79B)
Class org.jetbrains.kotlin.protobuf.LiteralByteString                                 : loaded 2 times (x 112B)
Class org.jetbrains.kotlin.protobuf.LazyFieldLite                                     : loaded 2 times (x 82B)
Class com.google.gson.internal.bind.TypeAdapters                                      : loaded 2 times (x 71B)
Class com.google.common.io.AppendableWriter                                           : loaded 2 times (x 100B)
Class org.apache.commons.io.filefilter.IOFileFilter                                   : loaded 2 times (x 70B)
Class com.google.common.base.NullnessCasts                                            : loaded 2 times (x 71B)
Class com.google.common.util.concurrent.AbstractFuture$Cancellation                   : loaded 2 times (x 72B)
Class com.google.common.collect.ImmutableMap$Builder                                  : loaded 2 times (x 82B)
Class ijInit2_56wyv14s51oez2ljyldj6jije                                               : loaded 2 times (x 171B)
Class org.jetbrains.kotlin.incremental.storage.JvmMethodSignatureExternalizer         : loaded 2 times (x 75B)
Class [Lkotlin.reflect.KAnnotatedElement;                                             : loaded 2 times (x 69B)
Class org.jetbrains.org.objectweb.asm.tree.VarInsnNode                                : loaded 2 times (x 78B)
Class org.jetbrains.org.objectweb.asm.FieldWriter                                     : loaded 2 times (x 78B)
Class org.jetbrains.org.objectweb.asm.MethodVisitor                                   : loaded 2 times (x 105B)
Class kotlin.io.ByteStreamsKt                                                         : loaded 2 times (x 71B)
Class com.google.common.collect.AbstractMapBasedMultimap$AsMap$AsMapIterator          : loaded 2 times (x 83B)
Class com.google.common.base.Present                                                  : loaded 2 times (x 81B)
Class org.objectweb.asm.tree.FrameNode                                                : loaded 2 times (x 79B)
Class org.objectweb.asm.tree.LineNumberNode                                           : loaded 2 times (x 79B)
Class org.objectweb.asm.AnnotationVisitor                                             : loaded 2 times (x 78B)
Class com.google.common.cache.RemovalListener                                         : loaded 2 times (x 70B)
Class [Lcom.google.gson.ToNumberPolicy;                                               : loaded 2 times (x 69B)
Class com.google.gson.ToNumberPolicy                                                  : loaded 2 times (x 83B)
Class org.jetbrains.kotlin.idea.projectModel.KotlinNativeCompilationExtensions        : loaded 2 times (x 70B)
Class com.amazon.ion.IonBufferConfiguration                                           : loaded 2 times (x 73B)
Class com.amazon.ion.impl.bin.Symbols                                                 : loaded 2 times (x 71B)
Class org.jetbrains.plugins.gradle.tooling.serialization.RepositoriesModelSerializationService: loaded 2 times (x 82B)
Class com.android.ide.gradle.model.artifacts.AdditionalClassifierArtifactsModel       : loaded 2 times (x 70B)
Class org.gradle.tooling.internal.gradle.GradleProjectIdentity                        : loaded 2 times (x 70B)
Class org.gradle.api.internal.DefaultClassPathRegistry                                : loaded 2 times (x 76B)
Class org.jetbrains.kotlin.metadata.ProtoBuf$Type$Argument$Projection$1               : loaded 2 times (x 74B)
Class org.jetbrains.kotlin.protobuf.SmallSortedMap$EmptySet$1                         : loaded 2 times (x 78B)
Class org.jetbrains.kotlin.protobuf.AbstractMessageLite$Builder$LimitedInputStream    : loaded 2 times (x 92B)
Class org.apache.commons.io.file.DeleteOption                                         : loaded 2 times (x 70B)
Class com.google.common.reflect.Invokable$ConstructorInvokable                        : loaded 2 times (x 107B)
Class org.jetbrains.kotlin.cli.common.messages.MessageCollector                       : loaded 2 times (x 70B)
Class com.google.common.collect.ImmutableMultimap$Keys                                : loaded 2 times (x 166B)
Class com.android.builder.model.v2.ide.JavaArtifact                                   : loaded 2 times (x 70B)
Class com.google.common.primitives.IntsMethodsForWeb                                  : loaded 2 times (x 71B)
Class org.jetbrains.kotlin.buildtools.api.jvm.ClassSnapshotGranularity                : loaded 2 times (x 79B)
Class [Lcom.amazon.ion.impl.bin.AbstractIonWriter$WriteValueOptimization;             : loaded 2 times (x 69B)
Class org.jetbrains.plugins.gradle.tooling.serialization.RepositoriesModelSerializationService$ReadContext: loaded 2 times (x 72B)
Class kotlin.ranges.ClosedRange                                                       : loaded 2 times (x 70B)
Class org.gradle.api.internal.ClassPathRegistry                                       : loaded 2 times (x 70B)
Class org.gradle.internal.classpath.DefaultClassPath$ImmutableUniqueList              : loaded 2 times (x 199B)
Class org.jetbrains.org.objectweb.asm.ByteVector                                      : loaded 2 times (x 78B)
Class org.jetbrains.kotlin.descriptors.Visibilities$Protected                         : loaded 2 times (x 79B)
Class org.jetbrains.kotlin.metadata.ProtoBuf$PackageOrBuilder                         : loaded 2 times (x 70B)
Class org.jetbrains.kotlin.metadata.jvm.JvmProtoBuf$JvmPropertySignature              : loaded 2 times (x 114B)
Class org.jetbrains.kotlin.metadata.ProtoBuf$ValueParameterOrBuilder                  : loaded 2 times (x 70B)
Class org.jetbrains.kotlin.protobuf.SmallSortedMap$EmptySet$2                         : loaded 2 times (x 78B)
Class com.android.ide.common.gradle.Numeric                                           : loaded 2 times (x 77B)
Class com.google.common.collect.MapMakerInternalMap$Segment                           : loaded 2 times (x 142B)
Class org.apache.commons.io.IOUtils                                                   : loaded 2 times (x 71B)
Class com.google.common.reflect.TypeToken                                             : loaded 2 times (x 73B)
Class org.jetbrains.kotlin.buildtools.api.KotlinBuildToolsException                   : loaded 2 times (x 82B)
Class com.google.common.collect.ImmutableSet$SerializedForm                           : loaded 2 times (x 73B)
Class jdk.internal.jimage.decompressor.ResourceDecompressor                           : loaded 2 times (x 70B)
Class com.amazon.ion.impl.bin.IonManagedBinaryWriter$UserState                        : loaded 2 times (x 85B)
Class com.amazon.ion.impl._Private_IonWriter                                          : loaded 2 times (x 70B)
Class com.amazon.ion.impl.bin._Private_IonManagedBinaryWriterBuilder                  : loaded 2 times (x 72B)
Class com.intellij.gradle.toolingExtension.impl.model.projectModel.GradleExternalProjectSerializationService$WriteContext: loaded 2 times (x 73B)
Class kotlin.collections.IntIterator                                                  : loaded 2 times (x 82B)
Class com.google.common.collect.NullnessCasts                                         : loaded 2 times (x 71B)
Class [Lorg.jetbrains.org.objectweb.asm.tree.LabelNode;                               : loaded 2 times (x 69B)
Class [Lorg.jetbrains.org.objectweb.asm.AnnotationWriter;                             : loaded 2 times (x 69B)
Class org.jetbrains.kotlin.incremental.storage.InlinePropertyAccessorExternalizer     : loaded 2 times (x 75B)
Class org.jetbrains.org.objectweb.asm.tree.LookupSwitchInsnNode                       : loaded 2 times (x 78B)
Class org.jetbrains.kotlin.descriptors.DeclarationDescriptor                          : loaded 2 times (x 70B)
Class org.jetbrains.kotlin.descriptors.DescriptorVisibilities                         : loaded 2 times (x 71B)
Class org.jetbrains.org.objectweb.asm.tree.FieldNode                                  : loaded 2 times (x 80B)
Class org.jetbrains.kotlin.load.kotlin.KotlinJvmBinaryClass$AnnotationArrayArgumentVisitor: loaded 2 times (x 70B)
Class org.jetbrains.kotlin.name.FqNameUnsafe$Companion                                : loaded 2 times (x 71B)
Class com.google.common.base.Splitter                                                 : loaded 2 times (x 72B)
Class com.google.common.collect.Iterators$EmptyModifiableIterator                     : loaded 2 times (x 86B)
Class org.jetbrains.kotlin.incremental.classpathDiff.impl.ClassFile                   : loaded 2 times (x 72B)
Class com.google.common.io.ByteSink                                                   : loaded 2 times (x 76B)
Class com.android.builder.model.v2.dsl.SigningConfig                                  : loaded 2 times (x 70B)
Class org.objectweb.asm.tree.UnsupportedClassVersionException                         : loaded 2 times (x 82B)
Class org.jetbrains.kotlin.cli.common.arguments.K2JVMCompilerArgumentsConfigurator    : loaded 2 times (x 74B)
Class com.android.builder.model.v2.models.AndroidProject                              : loaded 2 times (x 70B)
Class com.android.builder.model.v2.AndroidModel                                       : loaded 2 times (x 70B)
Class com.google.common.cache.CacheBuilder                                            : loaded 2 times (x 72B)
Class com.google.gson.internal.bind.ArrayTypeAdapter$1                                : loaded 2 times (x 75B)
Class com.google.gson.internal.bind.JsonTreeWriter                                    : loaded 2 times (x 98B)
Class org.jetbrains.kotlin.protobuf.CodedOutputStream$ByteBufferOutputStream          : loaded 2 times (x 86B)
Class Settings_gradle$1                                                               : loaded 2 times (x 74B)
Class org.jetbrains.kotlin.idea.projectModel.KotlinCompilation                        : loaded 2 times (x 70B)
Class [Lcom.amazon.ion.SymbolToken;                                                   : loaded 2 times (x 69B)
Class org.gradle.internal.classpath.ClassPath                                         : loaded 2 times (x 70B)
Class org.jetbrains.kotlin.descriptors.DescriptorVisibilities$1                       : loaded 2 times (x 79B)
Class org.jetbrains.kotlin.metadata.deserialization.TypeTable                         : loaded 2 times (x 72B)
Class org.jetbrains.kotlin.load.kotlin.FileBasedKotlinClass$1                         : loaded 2 times (x 88B)
Class org.jetbrains.kotlin.incremental.classpathDiff.impl.InnerClassesClassVisitor    : loaded 2 times (x 88B)
Class kotlin.sequences.SequencesKt__SequencesKt$asSequence$$inlined$Sequence$1        : loaded 2 times (x 75B)
Class com.google.common.collect.Interners$InternerBuilder                             : loaded 2 times (x 76B)
Class [Lcom.google.common.reflect.Types$JavaVersion;                                  : loaded 2 times (x 69B)
Class org.jetbrains.kotlin.buildtools.api.internal.KotlinCompilerVersion              : loaded 2 times (x 75B)
Class com.google.common.io.Files$FileByteSource                                       : loaded 2 times (x 85B)
Class org.objectweb.asm.tree.IincInsnNode                                             : loaded 2 times (x 78B)
Class com.google.common.collect.AbstractMapBasedMultimap$WrappedSortedSet             : loaded 2 times (x 228B)
Class com.google.common.base.JdkPattern                                               : loaded 2 times (x 75B)
Class org.jetbrains.kotlin.util.ModuleVisibilityHelper                                : loaded 2 times (x 70B)
Class org.jetbrains.plugins.gradle.model.ExternalProjectDependency                    : loaded 2 times (x 70B)
Class org.jetbrains.plugins.gradle.tooling.serialization.KotlinDslScriptsModelSerializationService: loaded 2 times (x 81B)
Class kotlin.collections.ArrayDeque                                                   : loaded 2 times (x 207B)
Class org.jetbrains.kotlin.com.intellij.openapi.diagnostic.Logger                     : loaded 2 times (x 99B)
Class org.jetbrains.kotlin.metadata.ProtoBuf$Type$ArgumentOrBuilder                   : loaded 2 times (x 70B)
Class org.jetbrains.kotlin.protobuf.GeneratedMessageLite$GeneratedExtension           : loaded 2 times (x 79B)
Class org.jetbrains.kotlin.load.kotlin.FileBasedKotlinClass$2                         : loaded 2 times (x 88B)
Class [Lkotlin.reflect.KCallable;                                                     : loaded 2 times (x 69B)
Class org.jetbrains.kotlin.incremental.classpathDiff.ClasspathEntrySnapshotter$Settings: loaded 2 times (x 72B)
Class com.google.common.io.CharStreams$NullWriter                                     : loaded 2 times (x 99B)
Class com.google.common.io.CharSource$CharSequenceCharSource                          : loaded 2 times (x 86B)
Class com.google.errorprone.annotations.DoNotMock                                     : loaded 2 times (x 70B)
Class org.objectweb.asm.tree.InnerClassNode                                           : loaded 2 times (x 73B)
Class org.objectweb.asm.tree.TypeInsnNode                                             : loaded 2 times (x 79B)
Class org.jetbrains.kotlin.cli.common.arguments.Freezable                             : loaded 2 times (x 72B)
Class org.objectweb.asm.SymbolTable$Entry                                             : loaded 2 times (x 74B)
Class com.google.gson.internal.JsonReaderInternalAccess                               : loaded 2 times (x 72B)
Class com.amazon.ion.system.IonSystemBuilder$Mutable                                  : loaded 2 times (x 75B)
Class com.amazon.ion.impl.bin.IonManagedBinaryWriter$SymbolResolverBuilder            : loaded 2 times (x 70B)
Class org.jetbrains.kotlin.idea.gradleTooling.KotlinGradleModel                       : loaded 2 times (x 70B)
Class org.jetbrains.plugins.gradle.tooling.serialization.ExternalTestsSerializationService$WriteContext: loaded 2 times (x 72B)
Class sync_studio_tooling11_2afhvsms9i59esdfckeft6t5l                                 : loaded 2 times (x 171B)
Class org.jetbrains.org.objectweb.asm.ClassWriter                                     : loaded 2 times (x 106B)
Class org.jetbrains.kotlin.metadata.ProtoBuf$Class                                    : loaded 2 times (x 186B)
Class org.jetbrains.kotlin.metadata.ProtoBuf$Property$1                               : loaded 2 times (x 144B)
Class org.jetbrains.kotlin.metadata.ProtoBuf$Type                                     : loaded 2 times (x 145B)
Class org.jetbrains.kotlin.load.kotlin.FileBasedKotlinClass$3                         : loaded 2 times (x 78B)
Class com.android.builder.model.v2.ide.Variant                                        : loaded 2 times (x 70B)
Class org.objectweb.asm.Edge                                                          : loaded 2 times (x 72B)
Class com.google.common.base.Suppliers$SupplierOfInstance                             : loaded 2 times (x 79B)
Class com.google.gson.internal.bind.ReflectiveTypeAdapterFactory                      : loaded 2 times (x 75B)
Class com.google.gson.internal.sql.SqlTimestampTypeAdapter                            : loaded 2 times (x 76B)
Class org.gradle.tooling.internal.gradle.DefaultProjectIdentifier                     : loaded 2 times (x 86B)
Class jdk.internal.jimage.ImageStringsReader                                          : loaded 2 times (x 80B)
Class com.amazon.ion.impl._Private_RecyclingStack$Recycler                            : loaded 2 times (x 70B)
Class com.amazon.ion.impl.bin.IonManagedBinaryWriter$LocalSymbolTableView             : loaded 2 times (x 107B)
Class com.amazon.ion.impl.bin.IonRawBinaryWriter$ThrowingRunnable                     : loaded 2 times (x 70B)
Class org.gradle.tooling.model.Model                                                  : loaded 2 times (x 70B)
Class org.jetbrains.kotlin.incremental.DifferenceCalculatorForPackageFacade$Companion$membersResolvers$1: loaded 2 times (x 125B)
Class org.jetbrains.kotlin.load.kotlin.FileBasedKotlinClass$4                         : loaded 2 times (x 88B)
Class org.jetbrains.kotlin.incremental.storage.StringExternalizer                     : loaded 2 times (x 75B)
Class com.intellij.openapi.externalSystem.model.project.dependencies.DependencyNode   : loaded 2 times (x 70B)
Class com.google.common.reflect.TypeToken$1                                           : loaded 2 times (x 110B)
Class org.objectweb.asm.tree.LabelNode                                                : loaded 2 times (x 80B)
Class org.objectweb.asm.tree.RecordComponentNode                                      : loaded 2 times (x 79B)
Class com.google.common.cache.LocalCache$ComputingValueReference                      : loaded 2 times (x 96B)
Class com.google.gson.internal.sql.SqlDateTypeAdapter$1                               : loaded 2 times (x 75B)
Class com.amazon.ion.IonWriter                                                        : loaded 2 times (x 70B)
Class com.amazon.ion.impl.bin._Private_IonRawWriter                                   : loaded 2 times (x 70B)
Class com.amazon.ion.UnknownSymbolException                                           : loaded 2 times (x 86B)
Class com.android.ide.gradle.model.composites.BuildMap                                : loaded 2 times (x 70B)
Class kotlin.text.MatchResult$Destructured                                            : loaded 2 times (x 72B)
Class kotlin.Metadata                                                                 : loaded 2 times (x 70B)
Class org.jetbrains.kotlin.incremental.DifferenceCalculatorForPackageFacade$Companion$membersResolvers$2: loaded 2 times (x 125B)
Class org.jetbrains.org.objectweb.asm.tree.LocalVariableNode                          : loaded 2 times (x 73B)
Class org.jetbrains.kotlin.metadata.ProtoBuf$Class$Kind                               : loaded 2 times (x 82B)
Class org.jetbrains.kotlin.metadata.ProtoBuf$Annotation$Argument                      : loaded 2 times (x 108B)
Class org.jetbrains.kotlin.protobuf.GeneratedMessageLite$Builder                      : loaded 2 times (x 128B)
Class org.jetbrains.kotlin.protobuf.WireFormat$FieldType$1                            : loaded 2 times (x 83B)
Class org.jetbrains.kotlin.metadata.jvm.JvmProtoBuf$JvmMethodSignatureOrBuilder       : loaded 2 times (x 70B)
Class org.jetbrains.kotlin.protobuf.ByteString                                        : loaded 2 times (x 108B)
Class ijKotlinCoroutineJvmDebugInit2_3br7yreexitp8xlenvov77ap$_run_closure1$_closure2 : loaded 2 times (x 139B)
Class com.google.common.collect.AbstractMapBasedMultimap$AsMap$AsMapEntries           : loaded 2 times (x 138B)
Class com.google.common.reflect.TypeToken$2                                           : loaded 2 times (x 110B)
Class [Lorg.jetbrains.kotlin.cli.common.messages.CompilerMessageSeverity;             : loaded 2 times (x 69B)
Class [Lorg.jetbrains.kotlin.buildtools.api.jvm.ClassSnapshotGranularity;             : loaded 2 times (x 69B)
Class com.android.builder.model.v2.ide.Library                                        : loaded 2 times (x 70B)
Class com.android.builder.model.v2.ide.ArtifactDependenciesAdjacencyList              : loaded 2 times (x 70B)
Class com.android.builder.model.v2.models.Versions                                    : loaded 2 times (x 70B)
Class com.google.common.cache.LocalCache$Segment                                      : loaded 2 times (x 154B)
Class org.jetbrains.kotlin.tooling.core.AbstractExtras                                : loaded 2 times (x 141B)
Class jdk.internal.jimage.ImageReader                                                 : loaded 2 times (x 75B)
Class org.jetbrains.plugins.gradle.model.IntelliJProjectSettings                      : loaded 2 times (x 70B)
Class org.gradle.tooling.internal.adapter.ProtocolToModelAdapter$MethodInvocationCache: loaded 2 times (x 73B)
Class org.jetbrains.kotlin.incremental.DifferenceCalculatorForPackageFacade$Companion$membersResolvers$3: loaded 2 times (x 125B)
Class org.jetbrains.kotlin.metadata.ProtoBuf$TypeParameter                            : loaded 2 times (x 130B)
Class org.jetbrains.kotlin.metadata.ProtoBuf$ValueParameter$1                         : loaded 2 times (x 144B)
Class [Lorg.jetbrains.kotlin.protobuf.WireFormat$FieldType;                           : loaded 2 times (x 69B)
Class org.jetbrains.kotlin.protobuf.WireFormat$FieldType$2                            : loaded 2 times (x 83B)
Class com.amazon.ion.impl.bin.IonRawBinaryWriter$PreallocationMode                    : loaded 2 times (x 82B)
Class com.android.builder.model.v2.models.ndk.NativeModule                            : loaded 2 times (x 70B)
Class com.google.common.collect.AbstractListMultimap                                  : loaded 2 times (x 172B)
Class [Lorg.objectweb.asm.SymbolTable$Entry;                                          : loaded 2 times (x 69B)
Class com.google.common.cache.CacheLoader                                             : loaded 2 times (x 74B)
Class com.google.gson.internal.bind.ReflectiveTypeAdapterFactory$Adapter              : loaded 2 times (x 77B)
Class com.google.gson.internal.bind.TypeAdapters$10                                   : loaded 2 times (x 75B)
Class com.amazon.ion.util.InputStreamInterceptor                                      : loaded 2 times (x 70B)
Class com.google.common.collect.ImmutableBiMap                                        : loaded 2 times (x 143B)
Class jdk.internal.jimage.ImageReader$SharedImageReader                               : loaded 2 times (x 95B)
Class org.jetbrains.plugins.gradle.model.ExternalDependency                           : loaded 2 times (x 70B)
Class com.intellij.util.containers.IntObjectHashMap                                   : loaded 2 times (x 72B)
Class com.intellij.openapi.externalSystem.model.project.dependencies.AbstractDependencyNode: loaded 2 times (x 87B)
Class org.gradle.internal.installation.GradleInstallation$1                           : loaded 2 times (x 75B)
Class org.gradle.api.internal.classpath.ModuleRegistry                                : loaded 2 times (x 70B)
Class org.jetbrains.kotlin.protobuf.WireFormat$FieldType$3                            : loaded 2 times (x 83B)
Class org.jetbrains.org.objectweb.asm.AnnotationVisitor                               : loaded 2 times (x 78B)
Class org.apache.commons.io.output.NullWriter                                         : loaded 2 times (x 99B)
Class com.google.common.base.Splitter$SplittingIterator                               : loaded 2 times (x 84B)
Class com.google.common.util.concurrent.internal.InternalFutureFailureAccess          : loaded 2 times (x 72B)
Class com.google.gson.internal.bind.TypeAdapters$11                                   : loaded 2 times (x 75B)
Class [Lcom.google.gson.FieldNamingPolicy;                                            : loaded 2 times (x 69B)
Class com.android.ide.common.repository.AgpVersion$PreviewKind$Companion              : loaded 2 times (x 71B)
Class com.amazon.ion.impl.lite.IonSystemLite                                          : loaded 2 times (x 275B)
Class com.google.common.collect.ImmutableSet$JdkBackedSetBuilderImpl                  : loaded 2 times (x 76B)
Class jdk.internal.jimage.decompressor.ResourceDecompressorFactory                    : loaded 2 times (x 74B)
Class com.amazon.ion.impl.bin.IonManagedBinaryWriter$SymbolState$1                    : loaded 2 times (x 80B)
Class com.amazon.ion.impl.LocalSymbolTableAsStruct$Factory                            : loaded 2 times (x 79B)
Class [Lcom.amazon.ion.IonType;                                                       : loaded 2 times (x 69B)
Class org.jetbrains.plugins.gradle.model.VersionCatalogsModel                         : loaded 2 times (x 70B)
Class com.intellij.gradle.toolingExtension.impl.model.sourceSetDependencyModel.GradleSourceSetDependencySerialisationService$SourceSetDependencyModelReadContext: loaded 2 times (x 72B)
Class com.intellij.gradle.toolingExtension.impl.model.dependencyModel.DependencyReadContext: loaded 2 times (x 72B)
Class org.gradle.tooling.internal.adapter.ObjectGraphAdapter                          : loaded 2 times (x 70B)
Class org.jetbrains.kotlin.descriptors.Visibilities$Internal                          : loaded 2 times (x 79B)
Class org.jetbrains.kotlin.metadata.ProtoBuf$VersionRequirement$Level                 : loaded 2 times (x 82B)
Class org.jetbrains.kotlin.metadata.ProtoBuf$VersionRequirementOrBuilder              : loaded 2 times (x 70B)
Class [Lorg.jetbrains.kotlin.metadata.ProtoBuf$Annotation$Argument$Value$Type;        : loaded 2 times (x 69B)
Class org.jetbrains.kotlin.metadata.ProtoBuf$Contract$1                               : loaded 2 times (x 144B)
Class org.jetbrains.kotlin.metadata.ProtoBuf$Type$1                                   : loaded 2 times (x 144B)
Class org.jetbrains.kotlin.protobuf.WireFormat$FieldType$4                            : loaded 2 times (x 83B)
Class org.jetbrains.kotlin.metadata.jvm.JvmProtoBuf$JvmMethodSignature$1              : loaded 2 times (x 144B)
Class org.jetbrains.kotlin.load.kotlin.FileBasedKotlinClass$3$1                       : loaded 2 times (x 78B)
Class org.jetbrains.kotlin.name.FqNameUnsafe                                          : loaded 2 times (x 72B)
Class com.google.common.collect.ImmutableMultimap$Values                              : loaded 2 times (x 126B)
Class com.android.builder.model.v2.ide.Installation                                   : loaded 2 times (x 70B)
Class com.google.common.collect.HashBiMap$Inverse                                     : loaded 2 times (x 142B)
Class com.google.common.collect.ListMultimap                                          : loaded 2 times (x 70B)
Class com.google.common.cache.LocalCache$LocalManualCache$1                           : loaded 2 times (x 75B)
Class com.google.gson.internal.bind.TypeAdapters$12                                   : loaded 2 times (x 75B)
Class [Lcom.google.gson.ToNumberStrategy;                                             : loaded 2 times (x 69B)
Class org.jetbrains.plugins.gradle.model.ProjectImportModelProvider                   : loaded 2 times (x 70B)
Class org.jetbrains.plugins.gradle.model.ExternalSourceSet                            : loaded 2 times (x 70B)
Class com.amazon.ion.impl.bin.IonManagedBinaryWriter$SymbolState$2                    : loaded 2 times (x 80B)
Class com.amazon.ion.IonNull                                                          : loaded 2 times (x 70B)
Class com.intellij.gradle.toolingExtension.impl.model.warmUp.GradleTaskWarmUpRequest  : loaded 2 times (x 70B)
Class com.android.ide.gradle.model.LegacyAndroidGradlePluginPropertiesModelParameters : loaded 2 times (x 70B)
Class com.google.common.collect.ImmutableSortedAsList                                 : loaded 2 times (x 221B)
Class kotlin.text.RegexKt                                                             : loaded 2 times (x 71B)
Class kotlin.coroutines.intrinsics.IntrinsicsKt__IntrinsicsKt                         : loaded 2 times (x 71B)
Class org.jetbrains.kotlin.metadata.ProtoBuf$Expression                               : loaded 2 times (x 120B)
Class org.jetbrains.kotlin.incremental.storage.CollectionExternalizerV2               : loaded 2 times (x 80B)
Class com.android.builder.model.v2.models.AndroidDsl                                  : loaded 2 times (x 70B)
Class org.objectweb.asm.tree.ClassNode                                                : loaded 2 times (x 91B)
Class com.android.builder.model.v2.models.ModelBuilderParameter                       : loaded 2 times (x 70B)
Class org.jetbrains.kotlin.buildtools.api.internal.KotlinCompilerVersion$Maturity     : loaded 2 times (x 79B)
Class com.google.gson.internal.bind.TypeAdapters$13                                   : loaded 2 times (x 75B)
Class [Lorg.jetbrains.kotlin.buildtools.api.internal.KotlinCompilerVersion$Maturity;  : loaded 2 times (x 69B)
Class jdk.internal.jimage.ImageReader$Node                                            : loaded 2 times (x 84B)
Class com.amazon.ion.impl.bin.IonRawBinaryWriter$ContainerInfo                        : loaded 2 times (x 74B)
Class com.amazon.ion.impl.bin.IonManagedBinaryWriter$SymbolState$3                    : loaded 2 times (x 80B)
Class com.amazon.ion.impl.bin.IonRawBinaryWriter$StreamFlushMode                      : loaded 2 times (x 79B)
Class com.amazon.ion.IonBinaryWriter                                                  : loaded 2 times (x 70B)
Class com.intellij.gradle.toolingExtension.impl.model.sourceSetArtifactIndex.GradleSourceSetArtifactBuildRequest: loaded 2 times (x 70B)
Class com.google.common.collect.Lists$TransformingRandomAccessList                    : loaded 2 times (x 199B)
Class org.gradle.api.internal.classpath.DefaultModuleRegistry                         : loaded 2 times (x 86B)
Class org.jetbrains.org.objectweb.asm.AnnotationWriter                                : loaded 2 times (x 79B)
Class org.jetbrains.kotlin.metadata.ProtoBuf$Annotation$Argument$1                    : loaded 2 times (x 144B)
Class org.jetbrains.kotlin.metadata.deserialization.Flags$BooleanFlagField            : loaded 2 times (x 76B)
Class kotlin.collections.IndexedValue                                                 : loaded 2 times (x 72B)
Class org.jetbrains.kotlin.metadata.ProtoBuf$Function$1                               : loaded 2 times (x 144B)
Class org.jetbrains.kotlin.metadata.jvm.deserialization.JvmProtoBufUtil               : loaded 2 times (x 71B)
Class org.jetbrains.kotlin.load.kotlin.KotlinJvmBinaryClass$AnnotationVisitor         : loaded 2 times (x 70B)
Class org.apache.commons.io.output.StringBuilderWriter                                : loaded 2 times (x 100B)
Class [Lorg.apache.commons.io.StandardLineSeparator;                                  : loaded 2 times (x 69B)
Class [Lorg.jetbrains.kotlin.descriptors.CallableMemberDescriptor$Kind;               : loaded 2 times (x 69B)
Class org.jetbrains.kotlin.incremental.classpathDiff.impl.SingleClassSnapshotter      : loaded 2 times (x 71B)
Class com.google.common.util.concurrent.ListenableFuture                              : loaded 2 times (x 70B)
Class com.google.common.cache.ReferenceEntry                                          : loaded 2 times (x 70B)
Class com.google.gson.internal.bind.NumberTypeAdapter$1                               : loaded 2 times (x 76B)
Class com.google.gson.internal.bind.TypeAdapters$1                                    : loaded 2 times (x 75B)
Class com.google.gson.internal.bind.TypeAdapters$14                                   : loaded 2 times (x 75B)
Class org.jetbrains.org.objectweb.asm.Handle                                          : loaded 2 times (x 72B)
Class org.jetbrains.kotlin.metadata.ProtoBuf$EnumEntry                                : loaded 2 times (x 121B)
Class jdk.internal.jimage.BasicImageReader$1                                          : loaded 2 times (x 77B)
Class com.amazon.ion.impl.bin.IonManagedBinaryWriter$SymbolState$4                    : loaded 2 times (x 80B)
Class [Lcom.amazon.ion.util.InputStreamInterceptor;                                   : loaded 2 times (x 69B)
Class org.jetbrains.plugins.gradle.tooling.serialization.internal.IdeaProjectSerializationService$WriteContext$1: loaded 2 times (x 83B)
Class org.jetbrains.plugins.gradle.model.ExternalProject                              : loaded 2 times (x 70B)
Class org.jetbrains.kotlin.com.intellij.openapi.diagnostic.Logger$DefaultFactory      : loaded 2 times (x 74B)
Class org.gradle.api.internal.classpath.EffectiveClassPath                            : loaded 2 times (x 90B)
Class org.objectweb.asm.tree.IntInsnNode                                              : loaded 2 times (x 79B)
Class [Lcom.android.builder.model.v2.ide.CodeShrinker;                                : loaded 2 times (x 69B)
Class com.google.common.hash.HashFunction                                             : loaded 2 times (x 70B)
Class kotlin.sequences.SequencesKt___SequencesKt$flatMap$2                            : loaded 2 times (x 125B)
Class com.google.common.util.concurrent.AbstractFuture                                : loaded 2 times (x 106B)
Class com.google.common.base.FunctionalEquivalence                                    : loaded 2 times (x 83B)
Class org.jetbrains.plugins.gradle.tooling.serialization.internal.IdeaProjectSerializationService: loaded 2 times (x 77B)
Class com.google.gson.internal.sql.SqlTypesSupport$1                                  : loaded 2 times (x 74B)
Class com.google.gson.internal.bind.TypeAdapters$2                                    : loaded 2 times (x 75B)
Class com.google.gson.internal.bind.TypeAdapters$15                                   : loaded 2 times (x 75B)
Class org.jetbrains.kotlin.idea.projectModel.KotlinTaskProperties                     : loaded 2 times (x 70B)
Class org.jetbrains.kotlin.tooling.core.TypeUtils                                     : loaded 2 times (x 71B)
Class com.amazon.ion.impl.bin.utf8.Pool                                               : loaded 2 times (x 74B)
Class com.amazon.ion.impl._Private_SymtabExtendsCache                                 : loaded 2 times (x 72B)
Class org.jetbrains.plugins.gradle.tooling.serialization.internal.IdeaProjectSerializationService$WriteContext$2: loaded 2 times (x 83B)
Class org.jetbrains.kotlin.descriptors.Visibilities$Private                           : loaded 2 times (x 79B)
Class kotlin.LazyKt__LazyJVMKt                                                        : loaded 2 times (x 71B)
Class com.google.common.io.CharStreams                                                : loaded 2 times (x 71B)
Class com.google.common.reflect.TypeResolver$TypeTable                                : loaded 2 times (x 73B)
Class com.google.common.collect.ImmutableMultiset                                     : loaded 2 times (x 163B)
Class org.objectweb.asm.tree.InsnNode                                                 : loaded 2 times (x 78B)
Class com.google.common.hash.HashCode                                                 : loaded 2 times (x 80B)
Class org.objectweb.asm.RecordComponentVisitor                                        : loaded 2 times (x 77B)
Class com.google.common.cache.CacheLoader$SupplierToCacheLoader                       : loaded 2 times (x 75B)
Class com.google.gson.internal.sql.SqlTypesSupport$2                                  : loaded 2 times (x 74B)
Class com.google.gson.internal.bind.TypeAdapters$16                                   : loaded 2 times (x 75B)
Class com.google.gson.internal.bind.TypeAdapters$3                                    : loaded 2 times (x 75B)
Class org.jetbrains.kotlin.idea.projectModel.KotlinSourceSet                          : loaded 2 times (x 70B)
Class com.amazon.ion.impl._Private_IonSymbol                                          : loaded 2 times (x 70B)
Class com.amazon.ion.impl.lite.IonValueLite                                           : loaded 2 times (x 147B)
Class com.amazon.ion.IonContainer                                                     : loaded 2 times (x 70B)
Class com.amazon.ion.impl.bin.PooledBlockAllocatorProvider                            : loaded 2 times (x 73B)
Class org.jetbrains.plugins.gradle.tooling.serialization.AnnotationProcessingModelSerializationService$ReadContext: loaded 2 times (x 72B)
Class org.jetbrains.plugins.gradle.tooling.serialization.internal.IdeaProjectSerializationService$WriteContext$3: loaded 2 times (x 83B)
Class gnu.trove.TObjectHash$NULL                                                      : loaded 2 times (x 71B)
Class org.gradle.util.internal.DefaultGradleVersion$Stage                             : loaded 2 times (x 75B)
Class kotlin.coroutines.jvm.internal.RestrictedContinuationImpl                       : loaded 2 times (x 87B)
Class org.jetbrains.kotlin.incremental.storage.ListExternalizer                       : loaded 2 times (x 80B)
Class org.jetbrains.kotlin.metadata.ProtoBuf$VersionRequirement$VersionKind$1         : loaded 2 times (x 74B)
Class org.jetbrains.kotlin.metadata.ProtoBuf$Annotation$1                             : loaded 2 times (x 144B)
Class org.jetbrains.kotlin.protobuf.AbstractParser                                    : loaded 2 times (x 144B)
Class [Lcom.android.ide.common.repository.AgpVersion$PreviewKind;                     : loaded 2 times (x 69B)
Class [Lcom.google.common.collect.ImmutableMapEntry;                                  : loaded 2 times (x 69B)
Class ijJvmDebugger2_bu4x282i0fy6sisrgurndp4i3$_run_closure1$_closure2                : loaded 2 times (x 140B)
Class com.google.common.reflect.TypeResolver$TypeTable$1                              : loaded 2 times (x 73B)
Class org.jetbrains.kotlin.cli.common.CompilerSystemProperties$value$1                : loaded 2 times (x 125B)
Class org.jetbrains.kotlin.buildtools.api.CompilerArgumentsParseException             : loaded 2 times (x 82B)
Class org.objectweb.asm.tree.ParameterNode                                            : loaded 2 times (x 73B)
Class com.google.gson.internal.bind.ObjectTypeAdapter                                 : loaded 2 times (x 74B)
Class com.google.gson.internal.bind.TypeAdapters$17                                   : loaded 2 times (x 75B)
Class com.google.gson.internal.bind.TypeAdapters$4                                    : loaded 2 times (x 75B)
Class com.google.common.collect.Maps$EntryTransformer                                 : loaded 2 times (x 70B)
Class jdk.internal.jimage.decompressor.Decompressor                                   : loaded 2 times (x 72B)
Class jdk.internal.jimage.ImageReader$Resource                                        : loaded 2 times (x 84B)
Class org.jetbrains.kotlin.idea.gradleTooling.AndroidAwareGradleModelProvider         : loaded 2 times (x 79B)
Class org.jetbrains.plugins.gradle.tooling.serialization.internal.IdeaProjectSerializationService$WriteContext$4: loaded 2 times (x 83B)
Class com.intellij.gradle.toolingExtension.impl.model.sourceSetDependencyModel.GradleSourceSetDependencySerialisationService$Companion: loaded 2 times (x 71B)
Class [Lkotlin.Pair;                                                                  : loaded 2 times (x 69B)
Class kotlin.text.MatchNamedGroupCollection                                           : loaded 2 times (x 70B)
Class kotlin.jvm.internal.markers.KMutableList                                        : loaded 2 times (x 70B)
Class org.gradle.internal.time.MonotonicClock                                         : loaded 2 times (x 77B)
Class org.gradle.internal.service.ServiceLookupException                              : loaded 2 times (x 82B)
Class org.jetbrains.kotlin.metadata.ProtoBuf$Expression$ConstantValue                 : loaded 2 times (x 82B)
Class org.jetbrains.kotlin.com.intellij.openapi.diagnostic.LogLevel                   : loaded 2 times (x 79B)
Class [Lorg.jetbrains.kotlin.protobuf.Internal$EnumLite;                              : loaded 2 times (x 69B)
Class org.jetbrains.kotlin.incremental.classpathDiff.InaccessibleClassSnapshot        : loaded 2 times (x 71B)
Class org.objectweb.asm.tree.AbstractInsnNode                                         : loaded 2 times (x 78B)
Class com.google.common.hash.AbstractByteHasher                                       : loaded 2 times (x 147B)
Class [Lorg.jetbrains.kotlin.tooling.core.KotlinToolingVersion$Maturity;              : loaded 2 times (x 69B)
Class org.jetbrains.kotlin.gradle.idea.tcs.IdeaKotlinDependencyCoordinates            : loaded 2 times (x 70B)
Class com.google.common.collect.Lists$ReverseList                                     : loaded 2 times (x 200B)
Class org.jetbrains.kotlin.tooling.core.Interner                                      : loaded 2 times (x 70B)
Class [Lcom.google.common.cache.LocalCache$EntryFactory;                              : loaded 2 times (x 69B)
Class com.google.gson.internal.bind.SerializationDelegatingTypeAdapter                : loaded 2 times (x 74B)
Class com.google.gson.internal.bind.TypeAdapters$18                                   : loaded 2 times (x 75B)
Class com.google.gson.internal.bind.TypeAdapters$5                                    : loaded 2 times (x 75B)
Class jdk.internal.jrtfs.JrtFileAttributes                                            : loaded 2 times (x 83B)
Class com.amazon.ion.BufferConfiguration$Builder                                      : loaded 2 times (x 78B)
Class com.intellij.gradle.toolingExtension.util.GradleVersionSpecificsUtil            : loaded 2 times (x 71B)
Class org.jetbrains.plugins.gradle.tooling.serialization.internal.IdeaProjectSerializationService$WriteContext$5: loaded 2 times (x 83B)
Class com.intellij.gradle.toolingExtension.impl.model.sourceSetDependencyModel.GradleSourceSetDependencySerialisationService$SourceSetDependencyModelWriteContext: loaded 2 times (x 72B)
Class kotlin.sequences.SequencesKt___SequencesKt$sortedWith$1                         : loaded 2 times (x 75B)
Class org.gradle.internal.classloader.ClassLoaderFactory                              : loaded 2 times (x 70B)
Class org.apache.commons.io.CloseableURLConnection                                    : loaded 2 times (x 116B)
Class com.google.common.collect.ImmutableMap$SerializedForm                           : loaded 2 times (x 73B)
Class com.android.builder.model.v2.ide.LibraryInfo                                    : loaded 2 times (x 70B)
Class com.google.common.collect.AbstractSortedKeySortedSetMultimap                    : loaded 2 times (x 219B)
Class com.google.common.base.CommonPattern                                            : loaded 2 times (x 74B)
Class org.jetbrains.org.objectweb.asm.ClassReader                                     : loaded 2 times (x 92B)
Class com.google.common.cache.LocalCache$LocalManualCache                             : loaded 2 times (x 99B)
Class com.google.gson.internal.bind.ReflectiveTypeAdapterFactory$FieldReflectionAdapter: loaded 2 times (x 77B)
Class com.google.gson.internal.bind.TypeAdapters$19                                   : loaded 2 times (x 75B)
Class com.google.gson.internal.bind.TypeAdapters$6                                    : loaded 2 times (x 75B)
Class com.amazon.ion.impl.bin.IntList                                                 : loaded 2 times (x 77B)
Class com.amazon.ion.impl._Private_RecyclingQueue$ElementIterator                     : loaded 2 times (x 82B)
Class com.amazon.ion.impl.lite._Private_LiteDomTrampoline                             : loaded 2 times (x 71B)
Class com.amazon.ion.IonType                                                          : loaded 2 times (x 79B)
Class org.jetbrains.plugins.gradle.tooling.serialization.internal.IdeaProjectSerializationService$WriteContext$6: loaded 2 times (x 83B)
Class org.jetbrains.plugins.gradle.tooling.util.IntObjectMap                          : loaded 2 times (x 73B)
Class org.gradle.internal.service.CachingServiceLocator                               : loaded 2 times (x 82B)
Class org.jetbrains.kotlin.metadata.jvm.JvmProtoBuf$StringTableTypesOrBuilder         : loaded 2 times (x 70B)
Class org.jetbrains.kotlin.com.intellij.util.io.IOUtil$1                              : loaded 2 times (x 83B)
Class org.jetbrains.kotlin.descriptors.Visibilities$Public                            : loaded 2 times (x 79B)
Class org.jetbrains.kotlin.protobuf.ExtensionRegistryLite$ObjectIntPair               : loaded 2 times (x 72B)
Class org.jetbrains.kotlin.metadata.ProtoBuf$Class$1                                  : loaded 2 times (x 144B)
Class org.jetbrains.kotlin.load.kotlin.header.ReadKotlinClassHeaderAnnotationVisitor$KotlinMetadataArgumentVisitor$1: loaded 2 times (x 85B)
Class com.google.common.collect.Streams                                               : loaded 2 times (x 71B)
Class org.jetbrains.kotlin.tooling.core.InternerImpl$Store                            : loaded 2 times (x 70B)
Class org.jetbrains.kotlin.tooling.core.KotlinToolingVersionKt                        : loaded 2 times (x 71B)
Class com.google.common.collect.AbstractMapBasedMultimap$KeySet                       : loaded 2 times (x 137B)
Class com.google.gson.annotations.SerializedName                                      : loaded 2 times (x 70B)
Class org.jetbrains.kotlin.metadata.ProtoBuf$Type$Argument$1                          : loaded 2 times (x 144B)
Class com.google.gson.internal.bind.TypeAdapters$7                                    : loaded 2 times (x 75B)
Class com.google.common.math.IntMath                                                  : loaded 2 times (x 71B)
Class com.amazon.ion.impl.lite.ValueFactoryLite                                       : loaded 2 times (x 218B)
Class org.jetbrains.plugins.gradle.model.RepositoryModels                             : loaded 2 times (x 70B)
Class org.jetbrains.plugins.gradle.tooling.serialization.internal.IdeaProjectSerializationService$WriteContext$7: loaded 2 times (x 83B)
Class kotlin.jvm.internal.Intrinsics$Kotlin                                           : loaded 2 times (x 71B)
Class kotlin.collections.AbstractList$SubList                                         : loaded 2 times (x 198B)
Class [Lkotlin.reflect.KFunction;                                                     : loaded 2 times (x 69B)
Class org.jetbrains.kotlin.com.intellij.util.io.IOUtil$2                              : loaded 2 times (x 76B)
Class org.jetbrains.kotlin.metadata.ProtoBuf$VersionRequirement$1                     : loaded 2 times (x 144B)
Class org.jetbrains.org.objectweb.asm.tree.AnnotationNode                             : loaded 2 times (x 80B)
Class org.jetbrains.kotlin.metadata.jvm.JvmProtoBuf$StringTableTypes$Record$1         : loaded 2 times (x 144B)
Class org.jetbrains.kotlin.load.kotlin.header.ReadKotlinClassHeaderAnnotationVisitor$KotlinMetadataArgumentVisitor$2: loaded 2 times (x 85B)
Class org.jetbrains.kotlin.incremental.classpathDiff.ClassSnapshot                    : loaded 2 times (x 71B)
Class org.jetbrains.kotlin.metadata.deserialization.Flags$EnumLiteFlagField           : loaded 2 times (x 76B)
Class com.google.common.collect.MapMakerInternalMap$InternalEntry                     : loaded 2 times (x 70B)
Class com.google.common.reflect.Types$TypeVariableInvocationHandler                   : loaded 2 times (x 75B)
Class [Lcom.google.common.collect.HashBiMap$BiEntry;                                  : loaded 2 times (x 69B)
Class org.objectweb.asm.commons.InstructionAdapter                                    : loaded 2 times (x 188B)
Class com.google.gson.internal.bind.CollectionTypeAdapterFactory$Adapter              : loaded 2 times (x 74B)
Class com.google.gson.internal.bind.TypeAdapters$8                                    : loaded 2 times (x 75B)
Class com.google.common.collect.ImmutableMapEntry                                     : loaded 2 times (x 85B)
Class org.jetbrains.kotlin.com.intellij.util.io.IOUtil                                : loaded 2 times (x 71B)
Class com.amazon.ion.impl.bin.WriteBuffer                                             : loaded 2 times (x 78B)
Class com.amazon.ion.impl.bin.IonManagedBinaryWriter                                  : loaded 2 times (x 166B)
Class org.jetbrains.plugins.gradle.tooling.serialization.internal.IdeaProjectSerializationService$WriteContext$8: loaded 2 times (x 83B)
Class gnu.trove.TObjectIntProcedure                                                   : loaded 2 times (x 70B)
Class [Lorg.gradle.api.JavaVersion;                                                   : loaded 2 times (x 69B)
Class kotlin.ranges.IntRange                                                          : loaded 2 times (x 93B)
Class org.gradle.tooling.model.idea.IdeaDependencyScope                               : loaded 2 times (x 70B)
Class org.gradle.internal.time.TimeSource                                             : loaded 2 times (x 70B)
Class org.gradle.tooling.model.kotlin.dsl.KotlinDslScriptsModel                       : loaded 2 times (x 70B)
Class org.jetbrains.kotlin.descriptors.CallableMemberDescriptor$Kind                  : loaded 2 times (x 79B)
Class org.jetbrains.kotlin.metadata.ProtoBuf$TypeParameterOrBuilder                   : loaded 2 times (x 70B)
Class org.jetbrains.kotlin.metadata.ProtoBuf$Property                                 : loaded 2 times (x 172B)
Class org.jetbrains.org.objectweb.asm.Type                                            : loaded 2 times (x 72B)
Class org.jetbrains.kotlin.name.FqName                                                : loaded 2 times (x 72B)
Class org.jetbrains.kotlin.inline.InlinePropertyAccessor                              : loaded 2 times (x 75B)
Class org.jetbrains.org.objectweb.asm.tree.FrameNode                                  : loaded 2 times (x 79B)
Class org.jetbrains.kotlin.buildtools.api.internal.KotlinCompilerVersionKt            : loaded 2 times (x 71B)
Class com.google.common.collect.ImmutableMultimap                                     : loaded 2 times (x 147B)
Class org.objectweb.asm.tree.TableSwitchInsnNode                                      : loaded 2 times (x 79B)
Class com.android.builder.model.v2.ide.TestInfo                                       : loaded 2 times (x 70B)
Class com.google.common.base.Predicates                                               : loaded 2 times (x 71B)
Class com.google.common.base.Equivalence                                              : loaded 2 times (x 82B)
Class com.google.gson.internal.bind.TypeAdapters$9                                    : loaded 2 times (x 75B)
Class org.gradle.internal.classloader.ClassLoaderVisitor                              : loaded 2 times (x 76B)
Class com.google.common.collect.ImmutableMapEntry$NonTerminalImmutableMapEntry        : loaded 2 times (x 85B)
Class com.amazon.ion.impl.lite.IonBlobLite                                            : loaded 2 times (x 219B)
Class com.amazon.ion.impl.LocalSymbolTable                                            : loaded 2 times (x 121B)
Class org.jetbrains.plugins.gradle.tooling.serialization.SerializationService         : loaded 2 times (x 70B)
Class org.gradle.tooling.internal.gradle.GradleBuildIdentity                          : loaded 2 times (x 70B)
Class org.jetbrains.org.objectweb.asm.TypePath                                        : loaded 2 times (x 72B)
Class org.jetbrains.kotlin.metadata.jvm.deserialization.UtfEncodingKt                 : loaded 2 times (x 71B)
Class org.jetbrains.kotlin.metadata.jvm.JvmProtoBuf$JvmFieldSignature$1               : loaded 2 times (x 144B)
Class org.jetbrains.kotlin.metadata.ProtoBuf$TypeTable                                : loaded 2 times (x 109B)
Class org.jetbrains.kotlin.metadata.jvm.JvmProtoBuf$JvmMethodSignature                : loaded 2 times (x 108B)
Class org.jetbrains.kotlin.protobuf.MessageLiteOrBuilder                              : loaded 2 times (x 70B)
Class org.jetbrains.kotlin.load.kotlin.header.ReadKotlinClassHeaderAnnotationVisitor$KotlinMetadataArgumentVisitor: loaded 2 times (x 86B)
Class org.jetbrains.kotlin.name.ClassId$Companion                                     : loaded 2 times (x 71B)
Class org.apache.commons.io.output.AbstractByteArrayOutputStream                      : loaded 2 times (x 102B)
Class [Lorg.jetbrains.kotlin.cli.common.CompilerSystemProperties;                     : loaded 2 times (x 69B)
Class com.android.builder.model.v2.ide.JavaCompileOptions                             : loaded 2 times (x 70B)
Class org.objectweb.asm.tree.VarInsnNode                                              : loaded 2 times (x 79B)
Class com.google.common.hash.Hashing                                                  : loaded 2 times (x 71B)
Class com.google.common.collect.IndexedImmutableSet$1                                 : loaded 2 times (x 213B)
Class com.google.common.cache.CacheBuilder$OneWeigher                                 : loaded 2 times (x 82B)
Class com.google.gson.JsonParseException                                              : loaded 2 times (x 82B)
Class kotlin.text.MatcherMatchResult$groupValues$1                                    : loaded 2 times (x 198B)
Class org.jetbrains.plugins.gradle.model.ExternalFilter                               : loaded 2 times (x 70B)
Class com.amazon.ion.IonList                                                          : loaded 2 times (x 70B)
Class org.jetbrains.plugins.gradle.tooling.serialization.internal.adapter.Supplier    : loaded 2 times (x 70B)
Class org.gradle.tooling.internal.adapter.ProtocolToModelAdapter$MixInMappingAction   : loaded 2 times (x 80B)
Class org.gradle.internal.exceptions.ResolutionProvider                               : loaded 2 times (x 70B)
Class org.jetbrains.kotlin.incremental.storage.InlineFunctionExternalizer             : loaded 2 times (x 75B)
Class org.jetbrains.kotlin.com.intellij.openapi.diagnostic.Logger$Factory             : loaded 2 times (x 70B)
Class org.jetbrains.kotlin.metadata.ProtoBuf$AnnotationOrBuilder                      : loaded 2 times (x 70B)
Class org.jetbrains.kotlin.protobuf.WireFormat$FieldType                              : loaded 2 times (x 83B)
Class org.jetbrains.kotlin.load.kotlin.FileBasedKotlinClass                           : loaded 2 times (x 88B)
Class org.jetbrains.kotlin.buildtools.internal.ClasspathEntrySnapshotImpl             : loaded 2 times (x 76B)
Class com.google.common.reflect.Types$ClassOwnership$1LocalClass                      : loaded 2 times (x 71B)
Class org.objectweb.asm.tree.ModuleNode                                               : loaded 2 times (x 83B)
Class com.google.common.collect.TreeMultimap                                          : loaded 2 times (x 228B)
Class org.jetbrains.kotlin.gradle.idea.tcs.IdeaKotlinDependency                       : loaded 2 times (x 70B)
Class jdk.internal.jimage.ImageBufferCache                                            : loaded 2 times (x 71B)
Class jdk.internal.jrtfs.JrtPath                                                      : loaded 2 times (x 118B)
Class com.amazon.ion.IonSystem                                                        : loaded 2 times (x 70B)
Class com.amazon.ion.impl.bin.IonManagedBinaryWriter$ImportedSymbolContext            : loaded 2 times (x 72B)
Class kotlin.text.MatchResult$DefaultImpls                                            : loaded 2 times (x 71B)
Class org.gradle.tooling.model.idea.IdeaCompilerOutput                                : loaded 2 times (x 70B)
Class org.gradle.tooling.model.ProjectIdentifier                                      : loaded 2 times (x 70B)
Class org.gradle.internal.classloader.ClasspathUtil                                   : loaded 2 times (x 71B)
Class org.jetbrains.kotlin.metadata.jvm.deserialization.JvmMemberSignature            : loaded 2 times (x 74B)
Class org.jetbrains.kotlin.metadata.ProtoBuf$TypeAlias                                : loaded 2 times (x 140B)
Class [Lorg.jetbrains.kotlin.metadata.ProtoBuf$TypeParameter$Variance;                : loaded 2 times (x 69B)
Class org.jetbrains.kotlin.metadata.ProtoBuf$Constructor                              : loaded 2 times (x 130B)
Class org.jetbrains.kotlin.inline.InlineUtilKt$WhenMappings                           : loaded 2 times (x 71B)
Class org.jetbrains.kotlin.load.kotlin.header.KotlinClassHeader$Kind                  : loaded 2 times (x 79B)
Class org.jetbrains.kotlin.load.kotlin.KotlinJvmBinaryClass$AnnotationArgumentVisitor : loaded 2 times (x 70B)
Class com.amazon.ion.impl.bin.IonManagedBinaryWriter$ImportedSymbolResolverMode$2     : loaded 2 times (x 80B)
Class com.android.builder.model.v2.ide.ComponentInfo                                  : loaded 2 times (x 70B)
Class org.objectweb.asm.tree.MethodNode                                               : loaded 2 times (x 110B)
Class com.google.common.collect.ComparisonChain                                       : loaded 2 times (x 80B)
Class com.google.common.util.concurrent.Uninterruptibles                              : loaded 2 times (x 71B)
Class com.android.builder.model.v2.ide.ProjectType                                    : loaded 2 times (x 79B)
Class com.google.gson.internal.bind.TypeAdapters$32                                   : loaded 2 times (x 76B)
Class org.jetbrains.kotlin.idea.gradleTooling.KotlinMPPGradleModel$Companion          : loaded 2 times (x 71B)
Class com.intellij.gradle.toolingExtension.impl.model.sourceSetModel.GradleSourceSetSerialisationService: loaded 2 times (x 77B)
Class com.google.common.hash.AbstractHasher                                           : loaded 2 times (x 142B)
Class org.jetbrains.kotlin.incremental.storage.IntExternalizer                        : loaded 2 times (x 75B)
Class org.jetbrains.kotlin.resolve.scopes.receivers.ReceiverValue                     : loaded 2 times (x 70B)
Class org.jetbrains.org.objectweb.asm.ModuleVisitor                                   : loaded 2 times (x 81B)
Class org.jetbrains.kotlin.metadata.jvm.JvmProtoBuf$JvmMethodSignature$Builder        : loaded 2 times (x 134B)
Class org.jetbrains.kotlin.metadata.ProtoBuf$VersionRequirementTableOrBuilder         : loaded 2 times (x 70B)
Class org.jetbrains.kotlin.metadata.jvm.JvmProtoBuf$JvmFieldSignatureOrBuilder        : loaded 2 times (x 70B)
Class com.google.common.io.CharSource                                                 : loaded 2 times (x 85B)
Class com.android.builder.model.v2.dsl.BaseConfig                                     : loaded 2 times (x 70B)
Class org.objectweb.asm.tree.FieldNode                                                : loaded 2 times (x 80B)
Class com.google.common.util.concurrent.LazyLogger                                    : loaded 2 times (x 72B)
Class com.google.common.io.ByteSource$ConcatenatedByteSource                          : loaded 2 times (x 85B)
Class com.google.common.collect.AbstractMapBasedMultimap$WrappedSet                   : loaded 2 times (x 142B)
Class com.amazon.ion.impl.lite.IonIntLite                                             : loaded 2 times (x 189B)
Class com.amazon.ion.impl._Private_IonReaderBuilder$TwoElementInputStream             : loaded 2 times (x 92B)
Class com.amazon.ion.util._Private_FastAppendable                                     : loaded 2 times (x 70B)
Class [Lcom.amazon.ion.impl.bin.IonRawBinaryWriter$PreallocationMode;                 : loaded 2 times (x 69B)
Class org.gradle.internal.time.TimeSource$1                                           : loaded 2 times (x 77B)
Class org.gradle.api.specs.Spec                                                       : loaded 2 times (x 70B)
Class org.jetbrains.kotlin.descriptors.DelegatedDescriptorVisibility                  : loaded 2 times (x 79B)
Class org.jetbrains.kotlin.serialization.deserialization.ProtoEnumFlagsUtilsKt$WhenMappings: loaded 2 times (x 71B)
Class org.jetbrains.kotlin.load.kotlin.header.KotlinClassHeader                       : loaded 2 times (x 72B)
Class org.jetbrains.kotlin.name.Name                                                  : loaded 2 times (x 75B)
Class org.jetbrains.kotlin.incremental.storage.MapExternalizer                        : loaded 2 times (x 80B)
Class com.google.common.collect.MapMaker                                              : loaded 2 times (x 72B)
Class org.apache.commons.io.file.PathFilter                                           : loaded 2 times (x 70B)
Class com.google.common.reflect.Types$JavaVersion                                     : loaded 2 times (x 83B)
Class com.google.common.collect.AbstractSortedSetMultimap                             : loaded 2 times (x 214B)
Class org.jetbrains.kotlin.tooling.core.InternerImpl                                  : loaded 2 times (x 76B)
Class com.google.gson.internal.sql.SqlDateTypeAdapter                                 : loaded 2 times (x 74B)
Class [Lcom.google.common.collect.ImmutableEntry;                                     : loaded 2 times (x 69B)
Class jdk.internal.jimage.ImageReader$SharedImageReader$LocationVisitor               : loaded 2 times (x 70B)
Class com.amazon.ion.impl.lite.IonSexpLite                                            : loaded 2 times (x 490B)
Class com.amazon.ion.impl.lite.IonListLite                                            : loaded 2 times (x 490B)
Class com.amazon.ion.IonFloat                                                         : loaded 2 times (x 70B)
Class org.jetbrains.org.objectweb.asm.Symbol                                          : loaded 2 times (x 73B)
Class org.jetbrains.kotlin.incremental.KotlinClassInfo$ExtraInfo                      : loaded 2 times (x 72B)
Class org.jetbrains.kotlin.metadata.deserialization.Flags                             : loaded 2 times (x 71B)
Class org.jetbrains.kotlin.metadata.ProtoBuf$TypeTable$1                              : loaded 2 times (x 144B)
Class com.google.common.cache.LocalCache$LoadingValueReference                        : loaded 2 times (x 96B)
Class com.amazon.ion.impl.LocalSymbolTable$Factory                                    : loaded 2 times (x 77B)
Class com.amazon.ion.impl.bin.IonManagedBinaryWriter$ImportedSymbolResolverMode       : loaded 2 times (x 80B)
Class com.intellij.gradle.toolingExtension.impl.model.buildScriptClasspathModel.GradleBuildScriptClasspathSerializationService: loaded 2 times (x 77B)
Class org.jetbrains.kotlin.incremental.ClassProtoData                                 : loaded 2 times (x 72B)
Class org.jetbrains.kotlin.inline.InlineFunctionOrAccessor                            : loaded 2 times (x 70B)
Class org.jetbrains.kotlin.metadata.ProtoBuf$Function                                 : loaded 2 times (x 161B)
Class org.jetbrains.kotlin.incremental.classpathDiff.impl.BasicClassInfoClassVisitor  : loaded 2 times (x 88B)
Class com.google.common.base.CharMatcher$None                                         : loaded 2 times (x 112B)
Class kotlin.SynchronizedLazyImpl                                                     : loaded 2 times (x 76B)
Class org.apache.commons.io.file.PathUtils                                            : loaded 2 times (x 71B)
Class com.google.common.io.LineReader$1                                               : loaded 2 times (x 75B)
Class com.google.common.collect.CollectSpliterators                                   : loaded 2 times (x 71B)
Class com.google.common.collect.MapMakerInternalMap$StrongKeyDummyValueEntry          : loaded 2 times (x 82B)
Class com.google.common.collect.AbstractMapBasedMultimap$AsMap                        : loaded 2 times (x 128B)
Class com.google.common.reflect.Invokable$MethodInvokable                             : loaded 2 times (x 107B)
Class com.google.common.base.Platform                                                 : loaded 2 times (x 71B)
Class com.google.gson.internal.bind.ReflectiveTypeAdapterFactory$RecordAdapter        : loaded 2 times (x 77B)
Class jdk.internal.jimage.decompressor.ResourceDecompressorRepository                 : loaded 2 times (x 71B)
Class org.jetbrains.plugins.gradle.model.FileCollectionDependency                     : loaded 2 times (x 70B)
Class com.amazon.ion.impl.LocalSymbolTableAsStruct                                    : loaded 2 times (x 126B)
Class com.amazon.ion.impl.lite.IonTimestampLite                                       : loaded 2 times (x 192B)
Class com.intellij.gradle.toolingExtension.impl.model.utilDummyModel.DummyModel       : loaded 2 times (x 70B)
Class org.gradle.internal.time.Clock                                                  : loaded 2 times (x 70B)
Class org.jetbrains.kotlin.metadata.ProtoBuf$Effect$InvocationKind                    : loaded 2 times (x 82B)
Class org.jetbrains.kotlin.metadata.ProtoBuf$VersionRequirementTable                  : loaded 2 times (x 107B)
Class org.jetbrains.kotlin.protobuf.LazyField                                         : loaded 2 times (x 83B)
Class org.jetbrains.kotlin.load.kotlin.header.ReadKotlinClassHeaderAnnotationVisitor  : loaded 2 times (x 80B)
Class org.jetbrains.org.objectweb.asm.ClassVisitor                                    : loaded 2 times (x 88B)
Class org.jetbrains.kotlin.metadata.jvm.deserialization.JvmNameResolver               : loaded 2 times (x 80B)
Class org.gradle.internal.classloader.DefaultClassLoaderFactory                       : loaded 2 times (x 82B)
Class com.google.common.collect.AbstractMapBasedMultimap$WrappedList                  : loaded 2 times (x 205B)
Class com.android.builder.model.v2.dsl.ProductFlavor                                  : loaded 2 times (x 70B)
Class [Lorg.objectweb.asm.tree.AbstractInsnNode;                                      : loaded 2 times (x 69B)
Class org.objectweb.asm.tree.LocalVariableAnnotationNode                              : loaded 2 times (x 82B)
Class [Lcom.android.builder.model.v2.ide.TestInfo$Execution;                          : loaded 2 times (x 69B)
Class com.intellij.util.containers.IntObjectHashMap$ArrayProducer                     : loaded 2 times (x 70B)
Class com.google.gson.internal.reflect.ReflectionHelper$RecordNotSupportedHelper      : loaded 2 times (x 78B)
Class [Lorg.objectweb.asm.AnnotationWriter;                                           : loaded 2 times (x 69B)
Class com.google.gson.JsonIOException                                                 : loaded 2 times (x 82B)
Class com.amazon.ion.impl.bin.IonManagedBinaryWriter$ImportedSymbolResolverMode$1     : loaded 2 times (x 80B)
Class org.jetbrains.kotlin.tooling.core.Extras$Key$Companion                          : loaded 2 times (x 71B)
Class com.amazon.ion.impl.lite.IonSymbolLite                                          : loaded 2 times (x 246B)
Class jdk.internal.jimage.ImageReader$Directory                                       : loaded 2 times (x 84B)
Class com.amazon.ion.IonString                                                        : loaded 2 times (x 70B)
Class org.jetbrains.plugins.gradle.model.GradleSourceSetDependencyModel               : loaded 2 times (x 70B)
Class kotlin.io.FilePathComponents                                                    : loaded 2 times (x 72B)
Class kotlin.coroutines.jvm.internal.RestrictedSuspendLambda                          : loaded 2 times (x 91B)
Class org.gradle.tooling.internal.adapter.TypeInspector                               : loaded 2 times (x 73B)
Class org.gradle.tooling.internal.adapter.ProtocolToModelAdapter$NoOpDecoration       : loaded 2 times (x 79B)
Class org.gradle.tooling.model.Element                                                : loaded 2 times (x 70B)
Class org.jetbrains.kotlin.metadata.ProtoBuf$Expression$ConstantValue$1               : loaded 2 times (x 74B)
Class kotlin.collections.ArrayAsCollection                                            : loaded 2 times (x 105B)
Class org.jetbrains.org.objectweb.asm.tree.LineNumberNode                             : loaded 2 times (x 79B)
Class org.jetbrains.kotlin.descriptors.DescriptorVisibilities$10                      : loaded 2 times (x 76B)
Class org.jetbrains.kotlin.metadata.ProtoBuf$TypeParameter$1                          : loaded 2 times (x 144B)
Class kotlin.LazyKt__LazyKt                                                           : loaded 2 times (x 71B)
Class [Lcom.amazon.ion.impl.bin.IonRawBinaryWriter$StreamCloseMode;                   : loaded 2 times (x 69B)
Class [Lcom.google.common.collect.Iterators$EmptyModifiableIterator;                  : loaded 2 times (x 69B)
Class org.jetbrains.kotlin.com.google.common.base.Function                            : loaded 2 times (x 70B)
Class com.google.common.collect.Lists$ReverseList$1                                   : loaded 2 times (x 99B)
Class org.jetbrains.kotlin.idea.gradleTooling.AndroidAwareGradleModelProvider$Companion: loaded 2 times (x 71B)
Class com.google.gson.JsonSyntaxException                                             : loaded 2 times (x 82B)
Class com.google.common.cache.LocalCache$StrongValueReference                         : loaded 2 times (x 90B)
Class com.google.gson.internal.bind.TypeAdapters$31                                   : loaded 2 times (x 76B)
Class org.jetbrains.kotlin.idea.projectModel.KotlinCompilationCoordinates             : loaded 2 times (x 70B)
Class com.amazon.ion.BufferConfiguration                                              : loaded 2 times (x 73B)
Class com.amazon.ion.system.SimpleCatalog                                             : loaded 2 times (x 91B)
Class com.intellij.gradle.toolingExtension.impl.model.taskModel.GradleTaskSerialisationService: loaded 2 times (x 76B)
Class com.android.ide.gradle.model.LegacyV1AgpVersionModel                            : loaded 2 times (x 70B)
Class kotlin.text.Regex                                                               : loaded 2 times (x 72B)
Class kotlin.sequences.SequencesKt__SequenceBuilderKt$sequence$$inlined$Sequence$1    : loaded 2 times (x 75B)
Class kotlin.Triple                                                                   : loaded 2 times (x 72B)
Class org.jetbrains.kotlin.descriptors.DescriptorVisibilities$11                      : loaded 2 times (x 76B)
Class org.jetbrains.kotlin.metadata.deserialization.BinaryVersion$Companion           : loaded 2 times (x 71B)
Class kotlin.UNINITIALIZED_VALUE                                                      : loaded 2 times (x 71B)
Class org.jetbrains.kotlin.buildtools.api.CompilationService                          : loaded 2 times (x 70B)
Class com.google.common.graph.SuccessorsFunction                                      : loaded 2 times (x 70B)
Class [Lcom.google.gson.stream.JsonToken;                                             : loaded 2 times (x 69B)
Class org.objectweb.asm.Type                                                          : loaded 2 times (x 72B)
Class com.google.gson.LongSerializationPolicy$1                                       : loaded 2 times (x 80B)
Class org.jetbrains.plugins.gradle.tooling.util.IntObjectMap$1                        : loaded 2 times (x 77B)
Class org.gradle.tooling.model.internal.ImmutableDomainObjectSet                      : loaded 2 times (x 155B)
Class org.gradle.internal.classloader.VisitableURLClassLoader$InstrumentingVisitableURLClassLoader: loaded 2 times (x 123B)
Class org.jetbrains.kotlin.descriptors.DescriptorVisibilities$12                      : loaded 2 times (x 76B)
Class com.google.gson.internal.bind.JsonAdapterAnnotationTypeAdapterFactory$DummyTypeAdapterFactory: loaded 2 times (x 75B)
Class org.jetbrains.kotlin.metadata.ProtoBuf$ClassOrBuilder                           : loaded 2 times (x 70B)
Class org.jetbrains.kotlin.metadata.ProtoBuf$ValueParameter                           : loaded 2 times (x 133B)
Class com.google.common.base.Suppliers                                                : loaded 2 times (x 71B)
Class [Lcom.google.common.cache.CacheBuilder$OneWeigher;                              : loaded 2 times (x 69B)
Class org.objectweb.asm.MethodTooLargeException                                       : loaded 2 times (x 83B)
Class com.google.common.collect.MapMakerInternalMap$StrongKeyDummyValueEntry$Helper   : loaded 2 times (x 79B)
Class org.apache.commons.io.FileUtils                                                 : loaded 2 times (x 71B)
Class com.google.common.io.Files$FileByteSink                                         : loaded 2 times (x 77B)
Class com.android.builder.model.v2.ide.AndroidGradlePluginProjectFlags                : loaded 2 times (x 70B)
Class [Lcom.android.builder.model.v2.ide.AndroidGradlePluginProjectFlags$BooleanFlag; : loaded 2 times (x 69B)
Class com.android.builder.model.v2.ide.BasicVariant                                   : loaded 2 times (x 70B)
Class org.objectweb.asm.ByteVector                                                    : loaded 2 times (x 79B)
Class [Lcom.google.common.cache.CacheBuilder$NullListener;                            : loaded 2 times (x 69B)
Class com.google.gson.LongSerializationPolicy$2                                       : loaded 2 times (x 80B)
Class com.google.common.math.IntMath$1                                                : loaded 2 times (x 71B)
Class [Lcom.amazon.ion.impl.bin.IonRawBinaryWriter$StreamFlushMode;                   : loaded 2 times (x 69B)
Class com.amazon.ion.UnsupportedIonVersionException                                   : loaded 2 times (x 85B)
Class kotlin.coroutines.Continuation                                                  : loaded 2 times (x 70B)
Class org.gradle.internal.classloader.VisitableURLClassLoader$Spec                    : loaded 2 times (x 74B)
Class org.gradle.internal.classpath.DefaultClassPath                                  : loaded 2 times (x 90B)
Class org.jetbrains.org.objectweb.asm.Handler                                         : loaded 2 times (x 72B)
Class org.jetbrains.kotlin.incremental.DifferenceCalculator                           : loaded 2 times (x 73B)
Class com.google.common.base.Platform$JdkPatternCompiler                              : loaded 2 times (x 75B)
Class com.google.common.collect.MapMakerInternalMap$Strength                          : loaded 2 times (x 80B)
Class org.jetbrains.kotlin.metadata.ProtoBuf$TypeAlias$1                              : loaded 2 times (x 144B)
Class org.jetbrains.kotlin.metadata.ProtoBuf$Annotation$Argument$ValueOrBuilder       : loaded 2 times (x 70B)
Class org.jetbrains.kotlin.incremental.impl.ExtraClassInfoGenerator                   : loaded 2 times (x 73B)
Class org.jetbrains.kotlin.com.intellij.util.io.DataExternalizer                      : loaded 2 times (x 70B)
Class com.google.common.collect.MapMakerInternalMap$StrongKeyDummyValueEntry$LinkedStrongKeyDummyValueEntry: loaded 2 times (x 82B)
Class org.jetbrains.kotlin.buildtools.internal.CompilationServiceProxy                : loaded 2 times (x 82B)
Class com.google.common.base.AbstractIterator                                         : loaded 2 times (x 80B)
Class com.google.common.reflect.Types$ClassOwnership                                  : loaded 2 times (x 80B)
Class com.android.builder.model.v2.ide.BundleInfo                                     : loaded 2 times (x 70B)
Class com.android.builder.model.v2.ide.SourceProvider                                 : loaded 2 times (x 70B)
Class org.objectweb.asm.Symbol                                                        : loaded 2 times (x 73B)
Class jdk.internal.jimage.decompressor.ZipDecompressorFactory                         : loaded 2 times (x 74B)
Class com.amazon.ion.impl.bin.IonManagedBinaryWriter$SymbolState                      : loaded 2 times (x 80B)
Class com.amazon.ion.IonStruct                                                        : loaded 2 times (x 70B)
Class org.jetbrains.plugins.gradle.model.GradleBuildScriptClasspathModel              : loaded 2 times (x 70B)
Class kotlin.text.CharsKt__CharJVMKt                                                  : loaded 2 times (x 71B)
Class kotlin.coroutines.jvm.internal.BaseContinuationImpl                             : loaded 2 times (x 87B)
Class kotlin.Result$Companion                                                         : loaded 2 times (x 71B)
Class org.gradle.util.internal.DefaultGradleVersion                                   : loaded 2 times (x 82B)
Class org.jetbrains.kotlin.metadata.ProtoBuf$Effect$1                                 : loaded 2 times (x 144B)
Class org.jetbrains.kotlin.metadata.jvm.deserialization.JvmMemberSignature$Field      : loaded 2 times (x 75B)
Class org.jetbrains.kotlin.metadata.ProtoBuf$Visibility                               : loaded 2 times (x 82B)
Class org.jetbrains.kotlin.metadata.ProtoBuf$ConstructorOrBuilder                     : loaded 2 times (x 70B)
Class org.jetbrains.kotlin.metadata.jvm.JvmProtoBuf                                   : loaded 2 times (x 71B)
Class com.google.common.io.Java8Compatibility                                         : loaded 2 times (x 71B)
Class com.google.common.io.Closer                                                     : loaded 2 times (x 78B)
Class org.jetbrains.kotlin.metadata.ProtoBuf$Effect$EffectType                        : loaded 2 times (x 82B)
Class org.gradle.internal.operations.MultipleBuildOperationFailures                   : loaded 2 times (x 95B)
Class com.google.gson.reflect.TypeToken                                               : loaded 2 times (x 75B)
Class com.google.common.collect.RegularImmutableMap$Values                            : loaded 2 times (x 207B)
Class org.gradle.tooling.internal.adapter.MethodInvocation                            : loaded 2 times (x 85B)
Class org.gradle.internal.classloader.ClassLoaderSpec                                 : loaded 2 times (x 71B)
Class kotlin.sequences.TransformingSequence                                           : loaded 2 times (x 75B)
Class org.jetbrains.org.objectweb.asm.tree.AbstractInsnNode                           : loaded 2 times (x 78B)
Class org.jetbrains.kotlin.descriptors.DeclarationDescriptorWithVisibility            : loaded 2 times (x 70B)
Class org.jetbrains.org.objectweb.asm.tree.InnerClassNode                             : loaded 2 times (x 73B)
Class org.jetbrains.kotlin.protobuf.SmallSortedMap                                    : loaded 2 times (x 130B)
Class com.intellij.util.ThrowableConsumer                                             : loaded 2 times (x 70B)
Class com.google.common.io.ByteSource$EmptyByteSource                                 : loaded 2 times (x 85B)
Class org.jetbrains.kotlin.tooling.core.InternerKt                                    : loaded 2 times (x 71B)
Class org.objectweb.asm.AnnotationWriter                                              : loaded 2 times (x 79B)
Class com.google.common.cache.CacheStats                                              : loaded 2 times (x 71B)
Class com.google.gson.internal.sql.SqlTimestampTypeAdapter$1                          : loaded 2 times (x 75B)
Class com.google.gson.JsonPrimitive                                                   : loaded 2 times (x 93B)
Class com.amazon.ion.impl.IonWriterSystemTextMarkup                                   : loaded 2 times (x 192B)
Class com.amazon.ion.impl.bin.BlockAllocator                                          : loaded 2 times (x 80B)
Class jdk.internal.jimage.decompressor.StringSharingDecompressorFactory               : loaded 2 times (x 74B)
Class org.jetbrains.kotlin.incremental.IncrementalJvmCacheKt                          : loaded 2 times (x 71B)
Class org.jetbrains.kotlin.protobuf.SmallSortedMap$EmptySet                           : loaded 2 times (x 71B)
Class org.jetbrains.kotlin.protobuf.MessageLite                                       : loaded 2 times (x 70B)
Class com.google.gson.TypeAdapterFactory                                              : loaded 2 times (x 70B)
Class org.jetbrains.kotlin.load.kotlin.header.KotlinClassHeader$Kind$Companion        : loaded 2 times (x 71B)
Class com.google.gson.internal.bind.JsonTreeReader                                    : loaded 2 times (x 98B)
Class com.google.common.collect.Interners                                             : loaded 2 times (x 71B)
Class com.google.common.collect.ImmutableMultisetGwtSerializationDependencies         : loaded 2 times (x 125B)
Class com.google.common.io.Closer$Suppressor                                          : loaded 2 times (x 70B)
Class com.google.common.io.LineProcessor                                              : loaded 2 times (x 70B)
Class [Lcom.google.gson.ReflectionAccessFilter$FilterResult;                          : loaded 2 times (x 69B)
Class org.objectweb.asm.RecordComponentWriter                                         : loaded 2 times (x 78B)
Class [Lcom.android.builder.model.v2.ide.ProjectType;                                 : loaded 2 times (x 69B)
Class com.google.common.util.concurrent.AbstractFuture$Listener                       : loaded 2 times (x 72B)
Class com.google.gson.internal.bind.TypeAdapters$30                                   : loaded 2 times (x 76B)
Class com.google.gson.JsonElement                                                     : loaded 2 times (x 92B)
Class Settings_gradle$1$1                                                             : loaded 2 times (x 74B)
Class org.jetbrains.kotlin.idea.projectModel.KotlinRunTask                            : loaded 2 times (x 70B)
Class com.amazon.ion.impl._Private_RecyclingQueue                                     : loaded 2 times (x 80B)
Class com.amazon.ion.system.IonWriterBuilderBase                                      : loaded 2 times (x 83B)
Class kotlin.jvm.internal.markers.KMutableIterable                                    : loaded 2 times (x 70B)
Class org.gradle.tooling.internal.adapter.ProtocolToModelAdapter$DefaultViewBuilder   : loaded 2 times (x 80B)
Class org.jetbrains.kotlin.cli.common.ModuleVisibilityHelperImpl                      : loaded 2 times (x 74B)
Class org.objectweb.asm.ClassVisitor                                                  : loaded 2 times (x 88B)
Class [Lcom.android.builder.model.v2.ide.AaptOptions$Namespacing;                     : loaded 2 times (x 69B)
Class [Lorg.objectweb.asm.Label;                                                      : loaded 2 times (x 69B)
Class com.google.common.collect.ForwardingSet                                         : loaded 2 times (x 151B)
Class com.android.ide.common.gradle.Version$Companion$ParseState                      : loaded 2 times (x 70B)
Class org.objectweb.asm.Attribute                                                     : loaded 2 times (x 77B)
Class com.google.common.base.Supplier                                                 : loaded 2 times (x 70B)
Class com.google.gson.internal.bind.CollectionTypeAdapterFactory                      : loaded 2 times (x 75B)
Class org.jetbrains.kotlin.idea.projectModel.KotlinLanguageSettings                   : loaded 2 times (x 70B)
Class org.gradle.tooling.internal.adapter.ProtocolToModelAdapter$ViewGraphDetails$1   : loaded 2 times (x 77B)
Class org.gradle.internal.classloader.VisitableURLClassLoader                         : loaded 2 times (x 117B)
Class org.jetbrains.kotlin.load.kotlin.header.ReadKotlinClassHeaderAnnotationVisitor$1: loaded 2 times (x 71B)
Class org.jetbrains.kotlin.inline.InlineFunction                                      : loaded 2 times (x 75B)
Class [Lorg.objectweb.asm.Symbol;                                                     : loaded 2 times (x 69B)
Class com.android.utils.FileUtils                                                     : loaded 2 times (x 71B)
Class com.google.common.collect.ImmutableList$SerializedForm                          : loaded 2 times (x 73B)
Class com.google.common.io.CharSource$AsByteSource                                    : loaded 2 times (x 85B)
Class com.android.ide.common.repository.AgpVersion$Companion                          : loaded 2 times (x 71B)
Class Settings_gradle                                                                 : loaded 2 times (x 124B)
Class com.amazon.ion.impl.bin.IonRawBinaryWriter$1                                    : loaded 2 times (x 77B)
Class [Lcom.amazon.ion.SymbolTable;                                                   : loaded 2 times (x 69B)
Class com.amazon.ion.impl.bin.IonBinaryWriterAdapter$Factory                          : loaded 2 times (x 70B)
Class com.amazon.ion.impl.BlockedBuffer$BufferedOutputStream                          : loaded 2 times (x 90B)
Class org.jetbrains.plugins.gradle.tooling.serialization.ExternalTestsSerializationService$ReadContext: loaded 2 times (x 72B)
Class kotlin.sequences.FlatteningSequence$iterator$1                                  : loaded 2 times (x 79B)
Class com.android.builder.model.v2.ide.AaptOptions$Namespacing                        : loaded 2 times (x 79B)
Class com.google.common.reflect.TypeCapture                                           : loaded 2 times (x 71B)
Class org.gradle.tooling.model.idea.IdeaDependency                                    : loaded 2 times (x 70B)
Class org.jetbrains.org.objectweb.asm.tree.TypeInsnNode                               : loaded 2 times (x 78B)
Class [Lorg.jetbrains.kotlin.metadata.ProtoBuf$VersionRequirement$VersionKind;        : loaded 2 times (x 69B)
Class org.jetbrains.kotlin.protobuf.CodedOutputStream                                 : loaded 2 times (x 72B)
Class org.jetbrains.kotlin.metadata.ProtoBuf$Annotation                               : loaded 2 times (x 109B)
Class com.google.common.collect.TransformedListIterator                               : loaded 2 times (x 93B)
Class com.google.common.collect.MapMakerInternalMap                                   : loaded 2 times (x 161B)
Class com.android.builder.model.v2.ide.AaptOptions                                    : loaded 2 times (x 70B)
Class [Lcom.android.builder.model.v2.ide.BytecodeTransformation;                      : loaded 2 times (x 69B)
Class org.jetbrains.kotlin.gradle.idea.serialize.IdeaKotlinSerializationContext       : loaded 2 times (x 70B)
Class com.google.common.collect.HashBiMap                                             : loaded 2 times (x 143B)
Class com.google.common.base.Strings                                                  : loaded 2 times (x 71B)
Class com.android.ide.common.gradle.Version$Companion                                 : loaded 2 times (x 71B)
Class org.jetbrains.kotlin.incremental.classpathDiff.impl.ClassListSnapshotterKt$WhenMappings: loaded 2 times (x 71B)
Class org.objectweb.asm.Handler                                                       : loaded 2 times (x 72B)
Class org.jetbrains.kotlin.protobuf.ByteString$Output                                 : loaded 2 times (x 86B)
Class com.google.common.base.Ticker                                                   : loaded 2 times (x 72B)
Class com.google.gson.internal.bind.TreeTypeAdapter                                   : loaded 2 times (x 75B)
Class com.google.gson.internal.sql.SqlTimeTypeAdapter                                 : loaded 2 times (x 74B)
Class jdk.internal.jimage.decompressor.ZipDecompressor                                : loaded 2 times (x 75B)
Class com.amazon.ion.impl.bin.AbstractIonWriter$WriteValueOptimization                : loaded 2 times (x 79B)
Class kotlin.collections.AbstractMutableList                                          : loaded 2 times (x 206B)
Class [Lorg.jetbrains.kotlin.metadata.jvm.JvmProtoBuf$StringTableTypes$Record$Operation;: loaded 2 times (x 69B)
Class [Lorg.jetbrains.kotlin.load.kotlin.header.KotlinClassHeader$Kind;               : loaded 2 times (x 69B)
Class org.jetbrains.org.objectweb.asm.tree.FieldInsnNode                              : loaded 2 times (x 79B)
Class com.android.builder.model.v2.models.ndk.NativeModelBuilderParameter             : loaded 2 times (x 70B)
Class [Lcom.google.common.cache.LocalCache$Segment;                                   : loaded 2 times (x 69B)
Class org.gradle.tooling.internal.adapter.TargetTypeProvider                          : loaded 2 times (x 70B)
Class [Lcom.google.common.cache.LocalCache$Strength;                                  : loaded 2 times (x 69B)
Class com.google.common.cache.CacheBuilder$1                                          : loaded 2 times (x 85B)
Class com.google.gson.internal.bind.TypeAdapters$20                                   : loaded 2 times (x 75B)
Class kotlin.ranges.IntProgression$Companion                                          : loaded 2 times (x 71B)
Class org.jetbrains.kotlin.tooling.core.MutableExtrasImpl                             : loaded 2 times (x 165B)
Class com.amazon.ion.impl.bin.BlockAllocatorProvider                                  : loaded 2 times (x 72B)
Class org.jetbrains.plugins.gradle.tooling.serialization.internal.IdeaProjectSerializationService$WriteContext: loaded 2 times (x 72B)
Class com.intellij.gradle.toolingExtension.impl.model.sourceSetDependencyModel.GradleSourceSetDependencySerialisationService: loaded 2 times (x 77B)
Class org.jetbrains.plugins.gradle.model.GradleSourceSetModel                         : loaded 2 times (x 70B)
Class ijInit2_56wyv14s51oez2ljyldj6jije$_run_closure1                                 : loaded 2 times (x 140B)
Class kotlin.KotlinNothingValueException                                              : loaded 2 times (x 82B)
Class org.gradle.internal.classpath.DefaultClassPath$ImmutableUniqueList$Builder      : loaded 2 times (x 75B)
Class kotlin.jvm.functions.Function3                                                  : loaded 2 times (x 70B)
Class org.jetbrains.kotlin.serialization.deserialization.ProtoEnumFlags               : loaded 2 times (x 71B)
Class org.jetbrains.kotlin.protobuf.Internal$EnumLite                                 : loaded 2 times (x 70B)
Class org.jetbrains.kotlin.incremental.classpathDiff.PackageFacadeKotlinClassSnapshot : loaded 2 times (x 76B)
Class org.jetbrains.plugins.gradle.model.GradleExtensions                             : loaded 2 times (x 70B)
Class com.google.common.collect.MapMakerInternalMap$WeakValueReference                : loaded 2 times (x 70B)
Class com.google.gson.stream.JsonToken                                                : loaded 2 times (x 79B)
Class org.jetbrains.plugins.gradle.model.AnnotationProcessingModel                    : loaded 2 times (x 70B)
Class com.amazon.ion.system.IonBinaryWriterBuilder                                    : loaded 2 times (x 99B)
Class com.google.common.cache.LocalCache                                              : loaded 2 times (x 187B)
Class com.google.common.cache.CacheBuilder$2                                          : loaded 2 times (x 79B)
Class com.google.gson.internal.bind.TypeAdapters$21                                   : loaded 2 times (x 75B)
Class com.google.gson.FieldNamingPolicy$1                                             : loaded 2 times (x 83B)
Class org.jetbrains.kotlin.idea.projectModel.KotlinComponent                          : loaded 2 times (x 70B)
Class com.amazon.ion.impl.lite.IonSequenceLite                                        : loaded 2 times (x 432B)
Class com.amazon.ion.impl._Private_Utils$1                                            : loaded 2 times (x 89B)
Class com.amazon.ion.impl.SymbolTableAsStruct                                         : loaded 2 times (x 70B)
Class com.android.ide.gradle.model.dependencies.Coordinates                           : loaded 2 times (x 70B)
Class org.gradle.tooling.internal.adapter.WeakIdentityHashMap$AbsentValueProvider     : loaded 2 times (x 70B)
Class org.jetbrains.kotlin.incremental.impl.ConstantValueExternalizer                 : loaded 2 times (x 76B)
Class org.jetbrains.org.objectweb.asm.tree.IincInsnNode                               : loaded 2 times (x 78B)
Class org.jetbrains.org.objectweb.asm.tree.MultiANewArrayInsnNode                     : loaded 2 times (x 79B)
Class org.jetbrains.kotlin.protobuf.RopeByteString                                    : loaded 2 times (x 110B)
Class com.amazon.ion.impl.bin.IonManagedBinaryWriter$UserState$4                      : loaded 2 times (x 85B)
Class org.jetbrains.kotlin.metadata.jvm.deserialization.JvmNameResolverBase           : loaded 2 times (x 80B)
Class org.jetbrains.kotlin.incremental.classpathDiff.impl.BasicClassInfo$Companion    : loaded 2 times (x 71B)
Class org.jetbrains.plugins.gradle.model.UnresolvedExternalDependency                 : loaded 2 times (x 70B)
Class org.jetbrains.kotlin.cli.common.arguments.K2JVMCompilerArguments                : loaded 2 times (x 76B)
Class com.google.common.collect.ArrayListMultimap                                     : loaded 2 times (x 172B)
Class com.google.common.cache.CacheBuilder$3                                          : loaded 2 times (x 72B)
Class com.google.gson.internal.bind.TypeAdapters$22                                   : loaded 2 times (x 75B)
Class com.google.gson.FieldNamingPolicy$2                                             : loaded 2 times (x 83B)
Class com.google.gson.internal.Excluder$1                                             : loaded 2 times (x 74B)
Class [Lcom.google.common.collect.AbstractMapEntry;                                   : loaded 2 times (x 69B)
Class com.google.common.collect.ImmutableEntry                                        : loaded 2 times (x 82B)
Class com.amazon.ion.impl.bin.AbstractIonWriter                                       : loaded 2 times (x 161B)
Class gnu.trove.TObjectHash                                                           : loaded 2 times (x 94B)
Class org.jetbrains.plugins.gradle.tooling.util.ObjectCollector$Processor             : loaded 2 times (x 70B)
Class kotlin.jvm.functions.Function4                                                  : loaded 2 times (x 70B)
Class kotlin.annotation.Target                                                        : loaded 2 times (x 70B)
Class com.google.common.collect.ImmutableMap$MapViewOfValuesAsSingletonSets           : loaded 2 times (x 126B)
Class org.gradle.internal.exceptions.NonGradleCauseExceptionsHolder                   : loaded 2 times (x 70B)
Class org.gradle.tooling.model.idea.IdeaModuleDependency                              : loaded 2 times (x 70B)
Class org.gradle.tooling.internal.adapter.ViewBuilder                                 : loaded 2 times (x 70B)
Class org.jetbrains.kotlin.incremental.PackagePartProtoData                           : loaded 2 times (x 72B)
Class com.google.common.collect.RegularImmutableMap                                   : loaded 2 times (x 121B)
Class org.jetbrains.org.objectweb.asm.tree.LocalVariableAnnotationNode                : loaded 2 times (x 82B)
Class org.jetbrains.org.objectweb.asm.SymbolTable$Entry                               : loaded 2 times (x 74B)
Class org.jetbrains.kotlin.metadata.deserialization.BinaryVersion                     : loaded 2 times (x 74B)
Class com.android.builder.model.v2.ide.AndroidArtifact                                : loaded 2 times (x 70B)
Class com.google.common.base.Suppliers$MemoizingSupplier                              : loaded 2 times (x 79B)
Class org.apache.commons.io.StandardLineSeparator                                     : loaded 2 times (x 79B)
Class com.google.common.io.CharSource$EmptyCharSource                                 : loaded 2 times (x 86B)
Class com.android.builder.model.v2.ide.AndroidLibraryData                             : loaded 2 times (x 70B)
Class com.android.builder.model.v2.ide.ApiVersion                                     : loaded 2 times (x 70B)
Class com.android.ide.common.gradle.Version                                           : loaded 2 times (x 75B)
Class com.google.gson.internal.bind.TypeAdapters$23                                   : loaded 2 times (x 75B)
Class com.google.common.collect.ForwardingMap                                         : loaded 2 times (x 132B)
Class com.google.gson.FieldNamingPolicy$3                                             : loaded 2 times (x 83B)
Class com.google.common.io.ByteArrayDataOutput                                        : loaded 2 times (x 70B)
Class jdk.internal.jimage.ImageStrings                                                : loaded 2 times (x 70B)
Class org.jetbrains.kotlin.idea.projectModel.KotlinWasmCompilationExtensions          : loaded 2 times (x 70B)
Class com.amazon.ion.system.IonReaderBuilder                                          : loaded 2 times (x 95B)
Class org.jetbrains.plugins.gradle.model.AnnotationProcessingConfig                   : loaded 2 times (x 70B)
Class com.amazon.ion.IonReader                                                        : loaded 2 times (x 70B)
Class gnu.trove.Equality                                                              : loaded 2 times (x 70B)
Class kotlin.annotation.Retention                                                     : loaded 2 times (x 70B)
Class org.jetbrains.kotlin.metadata.ProtoBuf$EnumEntry$1                              : loaded 2 times (x 144B)
Class org.jetbrains.org.objectweb.asm.tree.InvokeDynamicInsnNode                      : loaded 2 times (x 78B)
Class org.jetbrains.kotlin.metadata.ProtoBuf$Type$Argument$Projection                 : loaded 2 times (x 82B)
Class org.objectweb.asm.tree.LocalVariableNode                                        : loaded 2 times (x 73B)
Class org.jetbrains.kotlin.incremental.classpathDiff.impl.ClassListSnapshotterKt      : loaded 2 times (x 71B)
Class org.jetbrains.kotlin.incremental.classpathDiff.impl.BasicClassInfo              : loaded 2 times (x 72B)
Class [Lcom.google.common.collect.MapMakerInternalMap$Strength;                       : loaded 2 times (x 69B)
Class [Lcom.google.common.io.FileWriteMode;                                           : loaded 2 times (x 69B)
Class com.android.builder.model.v2.models.Versions$Version                            : loaded 2 times (x 70B)
Class com.google.gson.internal.bind.TypeAdapters$24                                   : loaded 2 times (x 75B)
Class com.google.gson.FieldNamingPolicy$4                                             : loaded 2 times (x 83B)
Class org.jetbrains.kotlin.protobuf.GeneratedMessageLite$ExtendableMessageOrBuilder   : loaded 2 times (x 70B)
Class com.amazon.ion.IonClob                                                          : loaded 2 times (x 70B)
Class org.jetbrains.plugins.gradle.tooling.ModelBuilderService$Parameter              : loaded 2 times (x 70B)
Class [Lorg.jetbrains.org.objectweb.asm.Symbol;                                       : loaded 2 times (x 69B)
Class org.jetbrains.kotlin.metadata.jvm.JvmProtoBuf$JvmPropertySignature$Builder      : loaded 2 times (x 141B)
Class org.jetbrains.kotlin.metadata.ProtoBuf$FunctionOrBuilder                        : loaded 2 times (x 70B)
Class com.google.common.collect.MapMakerInternalMap$StrongKeyDummyValueSegment        : loaded 2 times (x 142B)
Class com.google.common.io.Files                                                      : loaded 2 times (x 71B)
Class com.google.common.hash.HashCode$IntHashCode                                     : loaded 2 times (x 80B)
Class org.jetbrains.kotlin.cli.common.arguments.CommonCompilerArguments               : loaded 2 times (x 75B)
Class com.google.common.cache.LocalCache$WriteThroughEntry                            : loaded 2 times (x 79B)
Class com.google.common.cache.LocalCache$HashIterator                                 : loaded 2 times (x 86B)
Class org.jetbrains.kotlin.tooling.core.KotlinToolingVersion$Maturity                 : loaded 2 times (x 79B)
Class com.google.common.cache.LocalCache$EntryFactory                                 : loaded 2 times (x 83B)
Class com.google.gson.internal.bind.TypeAdapters$25                                   : loaded 2 times (x 75B)
Class com.google.gson.FieldNamingPolicy$5                                             : loaded 2 times (x 83B)
Class com.amazon.ion.impl.lite.IonLobLite                                             : loaded 2 times (x 184B)
Class com.amazon.ion.impl.lite.IonTextLite                                            : loaded 2 times (x 181B)
Class com.amazon.ion.IonNumber                                                        : loaded 2 times (x 70B)
Class gnu.trove.TObjectHashingStrategy                                                : loaded 2 times (x 70B)
Class org.gradle.tooling.internal.adapter.ProtocolToModelAdapter$ReflectionMethodInvoker: loaded 2 times (x 76B)
Class org.jetbrains.kotlin.incremental.ProtoData                                      : loaded 2 times (x 71B)
Class org.jetbrains.kotlin.metadata.ProtoBuf$VersionRequirementTable$1                : loaded 2 times (x 144B)
Class org.jetbrains.kotlin.metadata.ProtoBuf$Contract                                 : loaded 2 times (x 107B)
Class org.jetbrains.kotlin.protobuf.GeneratedMessageLite$1                            : loaded 2 times (x 71B)
Class org.jetbrains.kotlin.incremental.storage.ProtoMapValue                          : loaded 2 times (x 72B)
Class org.jetbrains.kotlin.metadata.ProtoBuf$Effect$InvocationKind$1                  : loaded 2 times (x 74B)
Class ijKotlinCoroutineJvmDebugInit2_3br7yreexitp8xlenvov77ap$_run_closure1           : loaded 2 times (x 139B)
Class [Lcom.google.common.collect.MapMaker$Dummy;                                     : loaded 2 times (x 69B)
Class com.google.common.base.CharMatcher$Whitespace                                   : loaded 2 times (x 112B)
Class com.google.common.reflect.Types$NativeTypeVariableEquals                        : loaded 2 times (x 71B)
Class com.google.common.reflect.TypeParameter                                         : loaded 2 times (x 72B)
Class org.gradle.api.internal.classpath.ManifestUtil                                  : loaded 2 times (x 71B)
Class org.jetbrains.kotlin.cli.common.arguments.CommonCompilerArgumentsConfigurator   : loaded 2 times (x 74B)
Class [Lcom.android.ide.common.gradle.Separator;                                      : loaded 2 times (x 69B)
Class com.google.common.cache.LocalCache$AbstractReferenceEntry                       : loaded 2 times (x 107B)
Class com.google.gson.internal.bind.ArrayTypeAdapter                                  : loaded 2 times (x 74B)
Class com.google.gson.internal.bind.TypeAdapters$26                                   : loaded 2 times (x 75B)
Class com.google.gson.FieldNamingPolicy$6                                             : loaded 2 times (x 83B)
Class org.gradle.tooling.internal.adapter.ProtocolToModelAdapter$InvocationHandlerImpl: loaded 2 times (x 77B)
Class org.jetbrains.kotlin.idea.projectModel.ExtraFeatures                            : loaded 2 times (x 70B)
Class [Lcom.amazon.ion.impl.bin.IonManagedBinaryWriter$UserState;                     : loaded 2 times (x 69B)
Class com.amazon.ion.impl.bin.utf8.Utf8StringEncoder                                  : loaded 2 times (x 80B)
Class com.amazon.ion.IonBool                                                          : loaded 2 times (x 70B)
Class com.intellij.openapi.externalSystem.model.project.dependencies.ComponentDependencies: loaded 2 times (x 70B)
Class org.gradle.tooling.model.build.GradleEnvironment                                : loaded 2 times (x 70B)
Class org.jetbrains.kotlin.incremental.ProtoDifferenceUtilsKt                         : loaded 2 times (x 71B)
Class org.jetbrains.kotlin.metadata.jvm.deserialization.JvmNameResolverBase$WhenMappings: loaded 2 times (x 71B)
Class org.jetbrains.kotlin.descriptors.Visibilities$Local                             : loaded 2 times (x 79B)
Class org.jetbrains.kotlin.protobuf.WireFormat                                        : loaded 2 times (x 71B)
Class org.jetbrains.kotlin.metadata.jvm.deserialization.BitEncoding                   : loaded 2 times (x 71B)
Class org.jetbrains.org.objectweb.asm.Attribute                                       : loaded 2 times (x 75B)
Class org.jetbrains.org.objectweb.asm.Label                                           : loaded 2 times (x 72B)
Class [Lorg.jetbrains.kotlin.com.intellij.util.io.DataExternalizer;                   : loaded 2 times (x 69B)
Class com.google.common.collect.ImmutableMapKeySet                                    : loaded 2 times (x 152B)
Class org.objectweb.asm.tree.InsnList                                                 : loaded 2 times (x 103B)
Class com.android.builder.model.v2.models.VariantDependencies                         : loaded 2 times (x 70B)
Class com.google.gson.internal.reflect.ReflectionHelper                               : loaded 2 times (x 71B)
Class org.jetbrains.plugins.gradle.tooling.util.IntObjectMap$ObjectFactory            : loaded 2 times (x 70B)
Class org.objectweb.asm.SymbolTable                                                   : loaded 2 times (x 72B)
Class com.google.common.cache.CacheLoader$InvalidCacheLoadException                   : loaded 2 times (x 82B)
Class com.google.gson.internal.bind.TypeAdapters$27                                   : loaded 2 times (x 75B)
Class com.google.gson.FieldNamingPolicy$7                                             : loaded 2 times (x 83B)
Class com.amazon.ion.IonException                                                     : loaded 2 times (x 84B)
Class com.intellij.openapi.externalSystem.model.project.dependencies.DependencyScopeNode: loaded 2 times (x 89B)
Class com.amazon.ion.IonLoader                                                        : loaded 2 times (x 70B)
Class com.intellij.gradle.toolingExtension.model.repositoryModel.ProjectRepositoriesModel: loaded 2 times (x 70B)
Class org.jetbrains.plugins.gradle.model.GradleProperty                               : loaded 2 times (x 70B)
Class gnu.trove.TObjectCanonicalHashingStrategy                                       : loaded 2 times (x 78B)
Class kotlin.annotation.MustBeDocumented                                              : loaded 2 times (x 70B)
Class org.gradle.internal.classloader.SystemClassLoaderSpec                           : loaded 2 times (x 71B)
Class [Lorg.jetbrains.kotlin.metadata.ProtoBuf$Effect$EffectType;                     : loaded 2 times (x 69B)
Class com.amazon.ion.util.GzipStreamInterceptor                                       : loaded 2 times (x 85B)
Class org.jetbrains.org.objectweb.asm.Frame                                           : loaded 2 times (x 73B)
Class org.jetbrains.kotlin.incremental.classpathDiff.DirectoryOrJarReader$Companion   : loaded 2 times (x 71B)
Class com.amazon.ion.impl.bin.IonManagedBinaryWriter$UserState$3                      : loaded 2 times (x 85B)
Class com.android.builder.model.v2.ide.TestedTargetVariant                            : loaded 2 times (x 70B)
Class org.objectweb.asm.tree.MultiANewArrayInsnNode                                   : loaded 2 times (x 79B)
Class com.google.common.cache.LocalCache$StrongEntry                                  : loaded 2 times (x 108B)
Class com.google.common.util.concurrent.AbstractFuture$TrustedFuture                  : loaded 2 times (x 114B)
Class com.google.common.cache.LoadingCache                                            : loaded 2 times (x 70B)
Class [Lcom.google.gson.LongSerializationPolicy;                                      : loaded 2 times (x 69B)
Class com.amazon.ion.impl._Private_Utils                                              : loaded 2 times (x 71B)
Class kotlin.ranges.IntRange$Companion                                                : loaded 2 times (x 71B)
Class kotlin.text.MatcherMatchResult$groups$1                                         : loaded 2 times (x 151B)
Class kotlin.collections.EmptyMap                                                     : loaded 2 times (x 108B)
Class kotlin.jvm.internal.markers.KMutableCollection                                  : loaded 2 times (x 70B)
Class kotlin.coroutines.intrinsics.IntrinsicsKt                                       : loaded 2 times (x 71B)
Class org.gradle.internal.exceptions.MultiCauseException                              : loaded 2 times (x 70B)
Class org.gradle.internal.time.CountdownTimer                                         : loaded 2 times (x 70B)
Class org.jetbrains.org.objectweb.asm.tree.ClassNode                                  : loaded 2 times (x 91B)
Class org.jetbrains.kotlin.metadata.ProtoBuf$Type$Argument                            : loaded 2 times (x 110B)
Class org.jetbrains.kotlin.incremental.KotlinClassInfo                                : loaded 2 times (x 72B)
Class org.jetbrains.kotlin.load.kotlin.FileBasedKotlinClass$InnerClassesInfo          : loaded 2 times (x 74B)
Class com.google.gson.JsonObject                                                      : loaded 2 times (x 93B)
Class com.google.common.util.concurrent.ExecutionError                                : loaded 2 times (x 82B)
Class com.google.common.base.Suppliers$NonSerializableMemoizingSupplier               : loaded 2 times (x 79B)
Class com.google.gson.internal.Streams$AppendableWriter                               : loaded 2 times (x 99B)
Class com.google.common.io.ByteStreams$LimitedInputStream                             : loaded 2 times (x 92B)
Class org.objectweb.asm.MethodWriter                                                  : loaded 2 times (x 106B)
Class [Lcom.google.common.cache.Weigher;                                              : loaded 2 times (x 69B)
Class com.google.gson.internal.bind.MapTypeAdapterFactory                             : loaded 2 times (x 75B)
Class com.google.gson.internal.bind.TypeAdapters$29                                   : loaded 2 times (x 75B)
Class com.google.gson.JsonNull                                                        : loaded 2 times (x 92B)
Class com.google.common.collect.RegularImmutableMap$BucketOverflowException           : loaded 2 times (x 82B)
Class jdk.internal.jrtfs.JrtFileSystem                                                : loaded 2 times (x 102B)
Class com.intellij.gradle.toolingExtension.impl.model.projectModel.GradleExternalProjectSerializationService$ReadContext: loaded 2 times (x 73B)
Class com.intellij.gradle.toolingExtension.impl.model.dependencyModel.DependencyWriteContext: loaded 2 times (x 72B)
Class kotlin.coroutines.intrinsics.CoroutineSingletons                                : loaded 2 times (x 79B)
Class org.gradle.tooling.model.ProjectModel                                           : loaded 2 times (x 70B)
Class org.jetbrains.kotlin.resolve.scopes.receivers.Receiver                          : loaded 2 times (x 70B)
Class org.jetbrains.kotlin.metadata.ProtoBuf$Modality$1                               : loaded 2 times (x 74B)
Class org.jetbrains.org.objectweb.asm.tree.TypeAnnotationNode                         : loaded 2 times (x 81B)
Class com.android.builder.model.v2.models.VariantDependenciesAdjacencyList            : loaded 2 times (x 70B)
Class com.google.common.collect.AbstractMapBasedMultimap$RandomAccessWrappedList      : loaded 2 times (x 205B)
Class org.jetbrains.kotlin.cli.common.CompilerSystemProperties$Companion              : loaded 2 times (x 71B)
Class com.google.common.collect.ImmutableMultimap$1                                   : loaded 2 times (x 82B)
Class org.objectweb.asm.tree.InvokeDynamicInsnNode                                    : loaded 2 times (x 78B)
Class com.android.ide.common.gradle.Version$Companion$ParseState$EMPTY                : loaded 2 times (x 74B)
Class jdk.internal.jimage.decompressor.CompressedResourceHeader                       : loaded 2 times (x 71B)
Class org.jetbrains.plugins.gradle.model.GradleConfiguration                          : loaded 2 times (x 70B)
Class com.amazon.ion.impl.bin.utf8.Utf8StringEncoderPool                              : loaded 2 times (x 74B)
Class com.amazon.ion.impl._Private_IonSystem                                          : loaded 2 times (x 70B)
Class com.amazon.ion.BufferConfiguration$OversizedValueHandler                        : loaded 2 times (x 70B)
Class kotlin.ranges.OpenEndRange                                                      : loaded 2 times (x 70B)
Class kotlin.sequences.SequenceBuilderIterator                                        : loaded 2 times (x 85B)
Class org.jetbrains.kotlin.metadata.jvm.JvmProtoBuf$1                                 : loaded 2 times (x 71B)
Class org.jetbrains.kotlin.metadata.ProtoBuf$VersionRequirement                       : loaded 2 times (x 116B)
Class org.objectweb.asm.tree.FieldInsnNode                                            : loaded 2 times (x 79B)
Class com.google.common.reflect.Types$JavaVersion$1                                   : loaded 2 times (x 83B)
Class com.google.common.collect.ImmutableMultimap$2                                   : loaded 2 times (x 81B)
Class org.jetbrains.kotlin.tooling.core.ClosureKt                                     : loaded 2 times (x 71B)
Class com.google.common.collect.RegularImmutableBiMap                                 : loaded 2 times (x 149B)
Class org.jetbrains.kotlin.metadata.deserialization.MetadataVersion$Companion         : loaded 2 times (x 71B)
Class org.jetbrains.kotlin.inline.InlineUtilKt                                        : loaded 2 times (x 71B)
Class com.google.common.cache.LocalCache$ValueReference                               : loaded 2 times (x 70B)
Class com.google.gson.internal.bind.DefaultDateTypeAdapter$DateType$1                 : loaded 2 times (x 73B)
Class com.android.ide.common.repository.AgpVersion$Companion$WhenMappings             : loaded 2 times (x 71B)
Class com.amazon.ion.IonDecimal                                                       : loaded 2 times (x 70B)
Class org.jetbrains.plugins.gradle.model.tests.ExternalTestsModel                     : loaded 2 times (x 70B)
Class org.gradle.tooling.model.idea.IdeaLanguageLevel                                 : loaded 2 times (x 70B)
Class org.gradle.tooling.internal.adapter.ProtocolToModelAdapter$SafeMethodInvoker    : loaded 2 times (x 76B)
Class org.gradle.tooling.internal.adapter.WeakIdentityHashMap$WeakKey                 : loaded 2 times (x 79B)
Class org.gradle.internal.exceptions.DefaultMultiCauseException                       : loaded 2 times (x 95B)
Class [Lorg.jetbrains.org.objectweb.asm.AnnotationVisitor;                            : loaded 2 times (x 69B)
Class org.jetbrains.org.objectweb.asm.Opcodes                                         : loaded 2 times (x 70B)
Class org.jetbrains.kotlin.incremental.DifferenceCalculatorForPackageFacade           : loaded 2 times (x 74B)
Class org.jetbrains.kotlin.com.intellij.openapi.diagnostic.Attachment                 : loaded 2 times (x 72B)
Class org.jetbrains.kotlin.descriptors.annotations.Annotated                          : loaded 2 times (x 70B)
Class org.jetbrains.kotlin.descriptors.SourceElement$1                                : loaded 2 times (x 74B)
Class [Lorg.jetbrains.kotlin.metadata.ProtoBuf$Modality;                              : loaded 2 times (x 69B)
Class com.google.gson.internal.Streams                                                : loaded 2 times (x 71B)
Class com.google.common.reflect.Types$JavaVersion$2                                   : loaded 2 times (x 83B)
Class com.google.common.reflect.Types                                                 : loaded 2 times (x 71B)
Class com.android.builder.model.v2.ide.ProjectInfo                                    : loaded 2 times (x 70B)
Class com.google.common.hash.PrimitiveSink                                            : loaded 2 times (x 70B)
Class org.jetbrains.kotlin.cli.common.arguments.CommonToolArguments                   : loaded 2 times (x 73B)
Class com.google.common.base.PatternCompiler                                          : loaded 2 times (x 70B)
Class com.google.common.util.concurrent.AbstractFuture$Failure                        : loaded 2 times (x 72B)
Class com.google.common.base.Equivalence$Equals                                       : loaded 2 times (x 82B)
Class com.google.gson.internal.LazilyParsedNumber                                     : loaded 2 times (x 78B)
Class com.google.common.collect.Hashing                                               : loaded 2 times (x 71B)
Class org.jetbrains.org.objectweb.asm.tree.Util                                       : loaded 2 times (x 71B)
Class com.amazon.ion.impl.bin.IonRawBinaryWriter$StreamCloseMode                      : loaded 2 times (x 79B)
Class com.amazon.ion.impl._Private_IonBinaryWriterBuilder$Mutable                     : loaded 2 times (x 115B)
Class com.intellij.gradle.toolingExtension.impl.model.projectModel.GradleExternalProjectSerializationService: loaded 2 times (x 77B)
Class kotlin.text.CharsKt__CharKt                                                     : loaded 2 times (x 71B)
Class kotlin.collections.ArrayDeque$Companion                                         : loaded 2 times (x 71B)
Class org.gradle.tooling.model.HierarchicalElement                                    : loaded 2 times (x 70B)
Class org.jetbrains.kotlin.metadata.ProtoBuf$Expression$1                             : loaded 2 times (x 144B)
Class org.jetbrains.kotlin.incremental.impl.ClassNodeSnapshotter                      : loaded 2 times (x 71B)
Class org.jetbrains.kotlin.descriptors.DescriptorVisibility                           : loaded 2 times (x 78B)
Class org.jetbrains.kotlin.incremental.classpathDiff.RegularKotlinClassSnapshot       : loaded 2 times (x 76B)
Class org.gradle.internal.classloader.ClassLoaderHierarchy                            : loaded 2 times (x 70B)
Class kotlin.LazyKt                                                                   : loaded 2 times (x 71B)
Class ijKotlinCoroutineJvmDebugInit2_3br7yreexitp8xlenvov77ap                         : loaded 2 times (x 171B)
Class [Lorg.apache.commons.io.file.DeleteOption;                                      : loaded 2 times (x 69B)
Class com.google.common.collect.ImmutableSetMultimap                                  : loaded 2 times (x 180B)
Class com.google.common.reflect.Types$JavaVersion$3                                   : loaded 2 times (x 83B)
Class com.google.common.io.CharSink                                                   : loaded 2 times (x 79B)
Class com.android.builder.model.v2.dsl.DependenciesInfo                               : loaded 2 times (x 70B)
Class com.intellij.gradle.toolingExtension.impl.model.sourceSetModel.GradleSourceSetSerialisationService$Companion: loaded 2 times (x 71B)
Class com.amazon.ion.impl._Private_IonValue                                           : loaded 2 times (x 70B)
Class org.objectweb.asm.Label                                                         : loaded 2 times (x 73B)
Class org.objectweb.asm.CurrentFrame                                                  : loaded 2 times (x 73B)
Class org.objectweb.asm.ClassTooLargeException                                        : loaded 2 times (x 83B)
Class com.amazon.ion.impl.bin.IonManagedBinaryWriter$UserState$2                      : loaded 2 times (x 85B)
Class jdk.internal.jimage.BasicImageReader                                            : loaded 2 times (x 95B)
Class com.google.common.collect.SortedSetMultimap                                     : loaded 2 times (x 70B)
Class com.amazon.ion.impl.bin.IonRawBinaryWriter$PatchPoint                           : loaded 2 times (x 73B)
Class com.amazon.ion.IonBlob                                                          : loaded 2 times (x 70B)
Class com.amazon.ion.IonLob                                                           : loaded 2 times (x 70B)
Class com.amazon.ion.IonSequence                                                      : loaded 2 times (x 70B)
Class org.jetbrains.plugins.gradle.tooling.serialization.ExternalTestsSerializationService: loaded 2 times (x 77B)
Class kotlin.coroutines.EmptyCoroutineContext                                         : loaded 2 times (x 77B)
Class org.gradle.internal.time.Time                                                   : loaded 2 times (x 71B)
Class org.jetbrains.kotlin.metadata.ProtoBuf$ExpressionOrBuilder                      : loaded 2 times (x 70B)
Class org.jetbrains.kotlin.incremental.classpathDiff.impl.SingleClassSnapshotter$WhenMappings: loaded 2 times (x 71B)
Class org.jetbrains.org.objectweb.asm.RecordComponentWriter                           : loaded 2 times (x 78B)
Class [Lorg.jetbrains.kotlin.metadata.ProtoBuf$Type$Argument$Projection;              : loaded 2 times (x 69B)
Class org.jetbrains.kotlin.incremental.classpathDiff.JavaClassSnapshot                : loaded 2 times (x 75B)
Class com.google.common.io.FileWriteMode                                              : loaded 2 times (x 79B)
Class com.google.common.collect.MapMakerInternalMap$InternalEntryHelper               : loaded 2 times (x 70B)
Class com.google.common.collect.Table                                                 : loaded 2 times (x 70B)
Class com.google.common.io.ByteSource$AsCharSource                                    : loaded 2 times (x 86B)
Class com.google.common.reflect.Types$JavaVersion$4                                   : loaded 2 times (x 83B)
Class org.jetbrains.kotlin.cli.common.messages.MessageCollector$Companion$NONE$1      : loaded 2 times (x 76B)
Class org.jetbrains.compose.reload.gradle.idea.IdeaComposeHotRunTask                  : loaded 2 times (x 70B)
Class com.google.common.hash.HashCode$LongHashCode                                    : loaded 2 times (x 80B)
Class com.android.builder.model.v2.models.ProjectGraph                                : loaded 2 times (x 70B)
Class com.google.common.collect.Maps$IteratorBasedAbstractMap                         : loaded 2 times (x 125B)
Class com.android.ide.common.gradle.Version$Companion$ParseState$NUMERIC              : loaded 2 times (x 74B)
Class com.google.gson.internal.reflect.ReflectionHelper$RecordSupportedHelper         : loaded 2 times (x 78B)
Class [Lcom.google.common.base.AbstractIterator$State;                                : loaded 2 times (x 69B)
Class [Lcom.google.common.collect.MapMakerInternalMap$Segment;                        : loaded 2 times (x 69B)
Class org.objectweb.asm.Frame                                                         : loaded 2 times (x 73B)
Class org.objectweb.asm.MethodVisitor                                                 : loaded 2 times (x 105B)
Class org.jetbrains.kotlin.incremental.classpathDiff.DirectoryOrJarReader             : loaded 2 times (x 70B)
Class org.jetbrains.kotlin.load.kotlin.FileBasedKotlinClass$OuterAndInnerName         : loaded 2 times (x 72B)
Class com.google.common.cache.LocalCache$EntryFactory$1                               : loaded 2 times (x 83B)
Class [Lcom.google.common.cache.RemovalListener;                                      : loaded 2 times (x 69B)
Class com.android.ide.common.repository.AgpVersion$PreviewKind                        : loaded 2 times (x 79B)
Class org.jetbrains.kotlin.idea.projectModel.KotlinTestRunTask                        : loaded 2 times (x 70B)
Class com.amazon.ion.system.IonTextWriterBuilder                                      : loaded 2 times (x 98B)
Class com.amazon.ion.impl.bin.IonManagedBinaryWriter$ImportedSymbolResolverMode$1$1$1 : loaded 2 times (x 76B)
Class com.amazon.ion.impl._Private_LocalSymbolTableFactory                            : loaded 2 times (x 70B)
Class org.jetbrains.plugins.gradle.tooling.serialization.AnnotationProcessingModelSerializationService: loaded 2 times (x 77B)
Class org.jetbrains.kotlin.metadata.ProtoBuf$EnumEntryOrBuilder                       : loaded 2 times (x 70B)
Class org.jetbrains.kotlin.metadata.ProtoBuf$ContractOrBuilder                        : loaded 2 times (x 70B)
Class org.jetbrains.org.objectweb.asm.MethodWriter                                    : loaded 2 times (x 106B)
Class org.jetbrains.kotlin.descriptors.ValidateableDescriptor                         : loaded 2 times (x 70B)
Class org.jetbrains.kotlin.metadata.jvm.JvmProtoBuf$JvmPropertySignature$1            : loaded 2 times (x 144B)
Class [Lorg.jetbrains.kotlin.metadata.ProtoBuf$Visibility;                            : loaded 2 times (x 69B)
Class com.google.common.reflect.Types$JavaVersion$5                                   : loaded 2 times (x 71B)
Class [Lcom.google.common.reflect.Types$ClassOwnership;                               : loaded 2 times (x 69B)
Class org.objectweb.asm.tree.Util                                                     : loaded 2 times (x 71B)
Class org.jetbrains.org.objectweb.asm.TypeReference                                   : loaded 2 times (x 80B)
Class com.google.common.cache.LocalCache$EntryFactory$2                               : loaded 2 times (x 83B)
Class com.google.gson.internal.bind.JsonAdapterAnnotationTypeAdapterFactory           : loaded 2 times (x 75B)
Class com.amazon.ion.impl.lite.IonNullLite                                            : loaded 2 times (x 175B)
Class org.jetbrains.plugins.gradle.model.DependencyAccessorsModel                     : loaded 2 times (x 70B)
Class [Lcom.intellij.openapi.externalSystem.model.project.dependencies.ResolutionState;: loaded 2 times (x 69B)
Class gnu.trove.TObjectIntHashMap                                                     : loaded 2 times (x 109B)
Class org.gradle.api.internal.classpath.GlobalCacheRootsProvider                      : loaded 2 times (x 70B)
Class org.jetbrains.kotlin.incremental.storage.FqNameExternalizer                     : loaded 2 times (x 75B)
Class kotlin.Lazy                                                                     : loaded 2 times (x 70B)
Class org.gradle.internal.classloader.FilteringClassLoader                            : loaded 2 times (x 105B)
Class org.objectweb.asm.tree.MethodInsnNode                                           : loaded 2 times (x 80B)
Class com.google.common.collect.CollectCollectors                                     : loaded 2 times (x 71B)
Class org.objectweb.asm.ModuleWriter                                                  : loaded 2 times (x 82B)
Class com.google.common.cache.LocalCache$EntryFactory$3                               : loaded 2 times (x 83B)
Class com.google.common.base.Ticker$1                                                 : loaded 2 times (x 72B)
Class com.google.gson.internal.bind.NumberTypeAdapter                                 : loaded 2 times (x 74B)
Class kotlin.sequences.FlatteningSequence                                             : loaded 2 times (x 75B)
Class com.google.common.collect.ImmutableMapEntrySet$RegularEntrySet                  : loaded 2 times (x 152B)
Class org.jetbrains.kotlin.tooling.core.Extras$Entry$Companion                        : loaded 2 times (x 71B)
Class com.amazon.ion.impl.lite.IonClobLite                                            : loaded 2 times (x 220B)
Class com.amazon.ion.impl._Private_ValueFactory                                       : loaded 2 times (x 70B)
Class com.amazon.ion.impl.bin.IonRawBinaryWriter$PreallocationMode$1                  : loaded 2 times (x 82B)
Class [Lcom.amazon.ion.impl.bin._Private_IonManagedBinaryWriterBuilder$AllocatorMode; : loaded 2 times (x 69B)
Class org.jetbrains.kotlin.idea.gradleTooling.KotlinMPPGradleModel                    : loaded 2 times (x 70B)
Class com.intellij.gradle.toolingExtension.impl.model.dependencyDownloadPolicyModel.GradleDependencyDownloadPolicy: loaded 2 times (x 70B)
Class org.gradle.tooling.model.BuildIdentifier                                        : loaded 2 times (x 70B)
Class [Lorg.jetbrains.kotlin.metadata.ProtoBuf$Expression$ConstantValue;              : loaded 2 times (x 69B)
Class org.jetbrains.kotlin.metadata.ProtoBuf$Effect                                   : loaded 2 times (x 113B)
Class org.jetbrains.org.objectweb.asm.tree.InsnNode                                   : loaded 2 times (x 78B)
Class org.jetbrains.kotlin.incremental.storage.ClassIdExternalizer                    : loaded 2 times (x 75B)
Class [Lkotlin.jvm.functions.Function1;                                               : loaded 2 times (x 69B)
Class org.jetbrains.org.objectweb.asm.RecordComponentVisitor                          : loaded 2 times (x 77B)
Class com.android.builder.model.v2.ide.VectorDrawablesOptions                         : loaded 2 times (x 70B)
Class kotlin.text.MatcherMatchResult                                                  : loaded 2 times (x 80B)
Class kotlin.text.MatchGroupCollection                                                : loaded 2 times (x 70B)
Class com.google.common.cache.LocalCache$EntryFactory$4                               : loaded 2 times (x 83B)
Class com.google.gson.ToNumberPolicy$1                                                : loaded 2 times (x 83B)
Class [Lcom.google.gson.FieldNamingStrategy;                                          : loaded 2 times (x 69B)
Class com.google.gson.internal.Excluder                                               : loaded 2 times (x 75B)
Class com.google.common.collect.ImmutableSet$Builder                                  : loaded 2 times (x 85B)
Class Settings_gradle$1$1$1                                                           : loaded 2 times (x 74B)
Class org.jetbrains.kotlin.idea.projectModel.KotlinPlatform                           : loaded 2 times (x 79B)
Class com.amazon.ion.IonInt                                                           : loaded 2 times (x 70B)
Class com.amazon.ion.impl.bin.IonRawBinaryWriter$PreallocationMode$2                  : loaded 2 times (x 82B)
Class org.jetbrains.kotlin.idea.gradleTooling.PrepareKotlinIdeImportTaskModel         : loaded 2 times (x 70B)
Class org.jetbrains.org.objectweb.asm.MethodTooLargeException                         : loaded 2 times (x 83B)
Class org.jetbrains.kotlin.incremental.storage.NullableValueExternalizer              : loaded 2 times (x 76B)
Class org.jetbrains.kotlin.descriptors.Visibility                                     : loaded 2 times (x 79B)
Class org.jetbrains.kotlin.protobuf.RopeByteString$RopeInputStream                    : loaded 2 times (x 92B)
Class org.jetbrains.kotlin.protobuf.CodedInputStream                                  : loaded 2 times (x 72B)
Class org.jetbrains.org.objectweb.asm.Context                                         : loaded 2 times (x 72B)
Class kotlin.sequences.ConstrainedOnceSequence                                        : loaded 2 times (x 75B)
Class com.android.builder.model.v2.ide.Edge                                           : loaded 2 times (x 70B)
Class com.google.common.io.ByteStreams$1                                              : loaded 2 times (x 85B)
Class com.android.ide.gradle.model.dependencies.DeclaredDependencies                  : loaded 2 times (x 70B)
Class org.jetbrains.compose.reload.gradle.idea.IdeaComposeHotReloadModel              : loaded 2 times (x 70B)
Class com.android.builder.model.v2.models.VariantDependenciesFlatList                 : loaded 2 times (x 70B)
Class com.google.gson.internal.ReflectionAccessFilterHelper                           : loaded 2 times (x 71B)
Class com.google.gson.internal.reflect.ReflectionHelper$RecordHelper                  : loaded 2 times (x 75B)
Class com.google.common.cache.LocalCache$EntryFactory$5                               : loaded 2 times (x 83B)
Class com.google.gson.ToNumberPolicy$2                                                : loaded 2 times (x 83B)
Class com.amazon.ion.impl.bin.IonRawBinaryWriter$PreallocationMode$3                  : loaded 2 times (x 82B)
Class com.android.ide.gradle.model.GradlePluginModel                                  : loaded 2 times (x 70B)
Class org.gradle.tooling.model.build.JavaEnvironment                                  : loaded 2 times (x 70B)
Class org.jetbrains.kotlin.metadata.ProtoBuf$1                                        : loaded 2 times (x 71B)
Class org.jetbrains.org.objectweb.asm.CurrentFrame                                    : loaded 2 times (x 73B)
Class org.jetbrains.kotlin.mpp.DeclarationSymbolMarker                                : loaded 2 times (x 70B)
Class org.jetbrains.kotlin.protobuf.MessageLite$Builder                               : loaded 2 times (x 70B)
Class org.jetbrains.plugins.gradle.tooling.serialization.internal.IdeaProjectSerializationService$ReadContext: loaded 2 times (x 72B)
Class com.amazon.ion.impl.bin.IonManagedBinaryWriter$UserState$1                      : loaded 2 times (x 85B)
Class org.apache.commons.io.output.AppendableWriter                                   : loaded 2 times (x 100B)
Class com.android.builder.model.v2.ide.SourceSetContainer                             : loaded 2 times (x 70B)
Class com.google.common.collect.RegularImmutableMap$KeySet                            : loaded 2 times (x 152B)
Class com.google.gson.internal.bind.ReflectiveTypeAdapterFactory$FieldsData           : loaded 2 times (x 72B)
Class com.google.common.cache.LocalCache$EntryFactory$6                               : loaded 2 times (x 83B)
Class com.google.gson.ToNumberPolicy$3                                                : loaded 2 times (x 83B)
Class org.jetbrains.plugins.gradle.model.GradleExtension                              : loaded 2 times (x 70B)
Class com.amazon.ion.impl.lite.IonDecimalLite                                         : loaded 2 times (x 188B)
Class com.amazon.ion.IonBufferConfiguration$Builder                                   : loaded 2 times (x 78B)
Class org.gradle.internal.time.Timer                                                  : loaded 2 times (x 70B)
Class org.gradle.internal.installation.CurrentGradleInstallationLocator               : loaded 2 times (x 71B)
Class org.jetbrains.org.objectweb.asm.tree.LdcInsnNode                                : loaded 2 times (x 78B)
Class org.jetbrains.kotlin.com.intellij.openapi.util.ThreadLocalCachedValue           : loaded 2 times (x 75B)
Class org.jetbrains.kotlin.metadata.ProtoBuf$VersionRequirement$Level$1               : loaded 2 times (x 74B)
Class org.jetbrains.kotlin.protobuf.FieldSet$1                                        : loaded 2 times (x 71B)
Class org.jetbrains.kotlin.incremental.classpathDiff.ClasspathEntrySnapshotter        : loaded 2 times (x 71B)
Class org.apache.commons.io.output.ThresholdingOutputStream                           : loaded 2 times (x 95B)
Class com.google.common.io.ByteSource$SlicedByteSource                                : loaded 2 times (x 85B)
Class org.jetbrains.kotlin.cli.common.messages.CompilerMessageSeverity$Companion      : loaded 2 times (x 71B)
Class com.google.common.collect.ImmutableMultimap$Builder                             : loaded 2 times (x 86B)
Class com.android.builder.model.v2.ide.LintOptions                                    : loaded 2 times (x 70B)
Class org.objectweb.asm.ClassReader                                                   : loaded 2 times (x 94B)
Class com.google.common.collect.Maps$KeySet                                           : loaded 2 times (x 137B)
Class com.google.common.cache.LocalCache$EntryFactory$7                               : loaded 2 times (x 83B)
Class com.google.gson.ToNumberPolicy$4                                                : loaded 2 times (x 83B)
Class com.google.common.collect.ImmutableSet$EmptySetBuilderImpl                      : loaded 2 times (x 76B)
Class com.google.gson.internal.bind.ObjectTypeAdapter$1                               : loaded 2 times (x 76B)
Class [Lcom.amazon.ion.impl.bin.IonRawBinaryWriter$ContainerType;                     : loaded 2 times (x 69B)
Class org.gradle.tooling.internal.adapter.ProtocolToModelAdapter$ViewGraphDetails     : loaded 2 times (x 72B)
Class org.gradle.tooling.model.idea.IdeaProject                                       : loaded 2 times (x 70B)
Class org.gradle.tooling.model.DomainObjectSet                                        : loaded 2 times (x 70B)
Class org.gradle.internal.service.DefaultServiceLocator                               : loaded 2 times (x 83B)
Class org.jetbrains.org.objectweb.asm.SymbolTable                                     : loaded 2 times (x 72B)
Class org.jetbrains.kotlin.metadata.ProtoBuf$Class$Kind$1                             : loaded 2 times (x 74B)
Class org.jetbrains.org.objectweb.asm.tree.UnsupportedClassVersionException           : loaded 2 times (x 82B)
Class org.jetbrains.org.objectweb.asm.tree.RecordComponentNode                        : loaded 2 times (x 79B)
Class org.jetbrains.kotlin.protobuf.SmallSortedMap$Entry                              : loaded 2 times (x 88B)
Class org.jetbrains.kotlin.metadata.ProtoBuf$Package$1                                : loaded 2 times (x 144B)
Class org.jetbrains.kotlin.name.FqName$Companion                                      : loaded 2 times (x 71B)
Class com.google.common.collect.ImmutableMultimap$EntryCollection                     : loaded 2 times (x 128B)
Class org.objectweb.asm.tree.JumpInsnNode                                             : loaded 2 times (x 79B)
Class com.android.builder.model.v2.ide.BasicArtifact                                  : loaded 2 times (x 70B)
Class com.google.common.collect.Maps$EntrySet                                         : loaded 2 times (x 136B)
Class com.google.common.collect.ComparisonChain$InactiveComparisonChain               : loaded 2 times (x 80B)
Class com.google.common.cache.LocalCache$EntryFactory$8                               : loaded 2 times (x 83B)
Class com.google.gson.internal.sql.SqlTypesSupport                                    : loaded 2 times (x 71B)
Class com.google.gson.Gson                                                            : loaded 2 times (x 72B)
Class com.google.common.base.Equivalence$Identity                                     : loaded 2 times (x 82B)
Class org.jetbrains.kotlin.util.capitalizeDecapitalize.CapitalizeDecapitalizeKt       : loaded 2 times (x 71B)
Class jdk.internal.jrtfs.JrtDirectoryStream                                           : loaded 2 times (x 89B)
Class org.jetbrains.kotlin.idea.projectModel.KonanArtifactModel                       : loaded 2 times (x 70B)
Class org.jetbrains.plugins.gradle.model.FilePatternSet                               : loaded 2 times (x 70B)
Class com.amazon.ion.impl.bin.utf8.Utf8StringEncoder$Result                           : loaded 2 times (x 74B)
Class com.amazon.ion.impl.bin.utf8.Pool$Allocator                                     : loaded 2 times (x 70B)
Class com.amazon.ion.IonText                                                          : loaded 2 times (x 70B)
Class com.amazon.ion.impl.SymbolTokenImpl                                             : loaded 2 times (x 81B)
Class com.amazon.ion.SubstituteSymbolTableException                                   : loaded 2 times (x 84B)
Class kotlin.coroutines.jvm.internal.SuspendFunction                                  : loaded 2 times (x 70B)
Class org.gradle.util.GradleVersion                                                   : loaded 2 times (x 81B)
Class org.gradle.internal.installation.CurrentGradleInstallation                      : loaded 2 times (x 73B)
Class org.jetbrains.org.objectweb.asm.ModuleWriter                                    : loaded 2 times (x 82B)
Class org.jetbrains.kotlin.metadata.ProtoBuf$Annotation$ArgumentOrBuilder             : loaded 2 times (x 70B)
Class org.jetbrains.kotlin.protobuf.FieldSet$FieldDescriptorLite                      : loaded 2 times (x 70B)
Class org.jetbrains.kotlin.protobuf.AbstractMessageLite                               : loaded 2 times (x 98B)
Class org.jetbrains.kotlin.incremental.classpathDiff.JarReader                        : loaded 2 times (x 82B)
Class com.google.common.cache.CacheLoader$1                                           : loaded 2 times (x 75B)
Class com.google.common.base.PairwiseEquivalence                                      : loaded 2 times (x 83B)
Class com.google.gson.Gson$1                                                          : loaded 2 times (x 76B)
Class com.google.gson.Gson$FutureTypeAdapter                                          : loaded 2 times (x 76B)
Class org.jetbrains.kotlin.tooling.core.Extras$Type$Companion                         : loaded 2 times (x 71B)
Class org.jetbrains.kotlin.idea.projectModel.KotlinTargetJar                          : loaded 2 times (x 70B)
Class com.amazon.ion.impl.bin.IonManagedBinaryWriter$ImportDescriptor                 : loaded 2 times (x 76B)
Class com.amazon.ion.SymbolTable                                                      : loaded 2 times (x 70B)
Class org.jetbrains.plugins.gradle.javaModel.JavaGradleManifestModel                  : loaded 2 times (x 70B)
Class org.jetbrains.plugins.gradle.tooling.serialization.GradleExtensionsSerializationService$WriteContext: loaded 2 times (x 72B)
Class com.intellij.gradle.toolingExtension.impl.model.taskModel.GradleTaskSerialisationService$Companion: loaded 2 times (x 71B)
Class kotlin.jvm.internal.Ref$BooleanRef                                              : loaded 2 times (x 71B)
Class kotlin.jvm.internal.StringCompanionObject                                       : loaded 2 times (x 71B)
Class kotlin.coroutines.intrinsics.IntrinsicsKt__IntrinsicsJvmKt                      : loaded 2 times (x 71B)
Class kotlin.coroutines.jvm.internal.CoroutineStackFrame                              : loaded 2 times (x 70B)
Class org.gradle.tooling.internal.adapter.ProtocolToModelAdapter$MethodInvocationCache$MethodInvocationKey: loaded 2 times (x 73B)
Class org.gradle.util.internal.GUtil                                                  : loaded 2 times (x 71B)
Class [Lorg.jetbrains.org.objectweb.asm.Label;                                        : loaded 2 times (x 69B)
Class org.jetbrains.kotlin.metadata.jvm.JvmProtoBuf$StringTableTypes$Record           : loaded 2 times (x 119B)
Class org.jetbrains.kotlin.protobuf.FieldSet                                          : loaded 2 times (x 72B)
Class com.android.builder.model.v2.ide.ViewBindingOptions                             : loaded 2 times (x 70B)
Class com.google.common.io.LineReader                                                 : loaded 2 times (x 72B)
Class com.google.common.io.ByteSource                                                 : loaded 2 times (x 84B)
Class com.android.utils.StringHelper                                                  : loaded 2 times (x 71B)
Class com.google.common.cache.AbstractCache$StatsCounter                              : loaded 2 times (x 70B)
Class com.google.gson.Gson$2                                                          : loaded 2 times (x 76B)
Class [Lcom.amazon.ion.impl.bin.IonManagedBinaryWriter$SymbolState;                   : loaded 2 times (x 69B)
Class com.amazon.ion.impl._Private_IonWriterBase                                      : loaded 2 times (x 162B)
Class com.amazon.ion.system.IonSystemBuilder                                          : loaded 2 times (x 75B)
Class com.amazon.ion.IonCatalog                                                       : loaded 2 times (x 70B)
Class com.intellij.gradle.toolingExtension.impl.model.utilTurnOffDefaultTasksModel.TurnOffDefaultTasks: loaded 2 times (x 70B)
Class com.intellij.gradle.toolingExtension.impl.model.sourceSetModel.GradleSourceSetSerialisationService$SourceSetModelReadContext: loaded 2 times (x 72B)
Class org.jetbrains.kotlin.incremental.DifferenceCalculatorForPackageFacade$Companion : loaded 2 times (x 71B)
Class [Lorg.jetbrains.kotlin.metadata.ProtoBuf$MemberKind;                            : loaded 2 times (x 69B)
Class org.jetbrains.kotlin.metadata.ProtoBuf$Package                                  : loaded 2 times (x 129B)
Class org.jetbrains.kotlin.metadata.ProtoBuf$Annotation$Argument$Value$Type$1         : loaded 2 times (x 74B)
Class org.jetbrains.kotlin.metadata.ProtoBuf$TypeTableOrBuilder                       : loaded 2 times (x 70B)
Class org.jetbrains.kotlin.metadata.ProtoBuf$TypeOrBuilder                            : loaded 2 times (x 70B)
Class org.jetbrains.kotlin.buildtools.internal.CompilationServiceImpl                 : loaded 2 times (x 81B)
Class com.google.common.io.LineBuffer                                                 : loaded 2 times (x 75B)
Class com.google.common.collect.MapMakerInternalMap$1                                 : loaded 2 times (x 83B)
Class com.google.common.reflect.Types$TypeVariableImpl                                : loaded 2 times (x 72B)
Class com.android.builder.model.v2.dsl.BuildType                                      : loaded 2 times (x 70B)
Class org.objectweb.asm.Context                                                       : loaded 2 times (x 72B)
Class org.objectweb.asm.tree.TypeAnnotationNode                                       : loaded 2 times (x 81B)
Class com.google.gson.internal.bind.ReflectiveTypeAdapterFactory$BoundField           : loaded 2 times (x 75B)
Class com.google.gson.Gson$3                                                          : loaded 2 times (x 75B)
Class org.jetbrains.kotlin.descriptors.SourceElement                                  : loaded 2 times (x 70B)
Class org.jetbrains.kotlin.metadata.ProtoBuf$Annotation$Argument$Value$Type           : loaded 2 times (x 82B)
Class org.jetbrains.kotlin.tooling.core.MutableExtrasImpl$Companion                   : loaded 2 times (x 71B)
Class com.intellij.gradle.toolingExtension.impl.model.sourceSetModel.GradleSourceSetSerialisationService$SourceSetModelWriteContext: loaded 2 times (x 72B)
Class kotlin.ranges.IntProgressionIterator                                            : loaded 2 times (x 82B)
Class kotlin.coroutines.CoroutineContext                                              : loaded 2 times (x 70B)
Class kotlin.coroutines.jvm.internal.DebugProbesKt                                    : loaded 2 times (x 71B)
Class org.gradle.tooling.internal.adapter.WeakIdentityHashMap                         : loaded 2 times (x 76B)
Class org.gradle.tooling.GradleConnectionException                                    : loaded 2 times (x 83B)
Class org.gradle.tooling.internal.adapter.ProtocolToModelAdapter$1                    : loaded 2 times (x 75B)
Class org.gradle.tooling.internal.adapter.ProtocolToModelAdapter$ViewDecoration       : loaded 2 times (x 70B)
Class org.gradle.internal.installation.GradleInstallation                             : loaded 2 times (x 75B)
Class org.jetbrains.kotlin.incremental.storage.InlineFunctionOrAccessorExternalizer   : loaded 2 times (x 76B)
Class org.jetbrains.kotlin.metadata.deserialization.ProtoTypeTableUtilKt              : loaded 2 times (x 71B)
Class [Lorg.jetbrains.kotlin.descriptors.DescriptorVisibility;                        : loaded 2 times (x 69B)
Class org.jetbrains.kotlin.incremental.classpathDiff.impl.ClassFileWithContentsProvider: loaded 2 times (x 72B)
Class kotlin.collections.CollectionsKt__IteratorsJVMKt$iterator$1                     : loaded 2 times (x 79B)
Class com.google.common.base.Splitter$Strategy                                        : loaded 2 times (x 70B)
Class org.jetbrains.kotlin.metadata.ProtoBuf$TypeParameter$Variance$1                 : loaded 2 times (x 74B)
Class com.google.gson.annotations.JsonAdapter                                         : loaded 2 times (x 70B)
Class com.google.gson.internal.bind.DefaultDateTypeAdapter$1                          : loaded 2 times (x 75B)
Class com.google.gson.Gson$4                                                          : loaded 2 times (x 76B)
Class com.google.gson.internal.ConstructorConstructor                                 : loaded 2 times (x 72B)
Class com.google.common.collect.Iterables                                             : loaded 2 times (x 71B)
Class jdk.internal.jimage.decompressor.ResourceDecompressor$StringsProvider           : loaded 2 times (x 70B)
Class com.amazon.ion.impl._Private_RecyclingQueue$Recycler                            : loaded 2 times (x 70B)
Class com.amazon.ion.impl.lite.ContainerlessContext                                   : loaded 2 times (x 80B)
Class org.jetbrains.plugins.gradle.tooling.serialization.GradleExtensionsSerializationService$ReadContext: loaded 2 times (x 72B)
Class org.gradle.tooling.internal.adapter.MethodInvoker                               : loaded 2 times (x 70B)
Class org.jetbrains.org.objectweb.asm.tree.MethodNode$1                               : loaded 2 times (x 209B)
Class org.jetbrains.kotlin.com.intellij.openapi.diagnostic.DefaultLogger              : loaded 2 times (x 100B)
Class org.jetbrains.kotlin.metadata.ProtoBuf$Annotation$Builder                       : loaded 2 times (x 136B)
Class org.jetbrains.kotlin.metadata.jvm.JvmProtoBuf$StringTableTypes$Record$Operation : loaded 2 times (x 82B)
Class com.android.ide.common.gradle.Part                                              : loaded 2 times (x 77B)
Class com.google.gson.ReflectionAccessFilter$FilterResult                             : loaded 2 times (x 79B)
Class com.google.common.collect.Lists$RandomAccessReverseList                         : loaded 2 times (x 200B)
Class com.google.gson.Gson$5                                                          : loaded 2 times (x 76B)
Class org.jetbrains.kotlin.idea.projectModel.KotlinPlatformContainer                  : loaded 2 times (x 70B)
Class gnu.trove.PrimeFinder                                                           : loaded 2 times (x 71B)
Class com.amazon.ion.UnexpectedEofException                                           : loaded 2 times (x 84B)
Class com.amazon.ion.IonSexp                                                          : loaded 2 times (x 70B)
Class com.amazon.ion.ReadOnlyValueException                                           : loaded 2 times (x 84B)
Class com.amazon.ion.impl._Private_LocalSymbolTable                                   : loaded 2 times (x 70B)
Class com.amazon.ion.BufferConfiguration$DataHandler                                  : loaded 2 times (x 70B)
Class com.amazon.ion.impl._Private_IonBinaryWriterBuilder                             : loaded 2 times (x 115B)
Class org.jetbrains.plugins.gradle.tooling.serialization.RepositoriesModelSerializationService$WriteContext: loaded 2 times (x 72B)
Class com.android.ide.gradle.model.LegacyAndroidGradlePluginProperties                : loaded 2 times (x 70B)
Class kotlin.ranges.IntProgression                                                    : loaded 2 times (x 81B)
Class org.gradle.tooling.model.gradle.GradleScript                                    : loaded 2 times (x 70B)

---------------  S Y S T E M  ---------------

OS:
 Windows 11 , 64 bit Build 26100 (10.0.26100.8328)
OS uptime: 0 days 3:38 hours
Hyper-V role detected

CPU: total 16 (initial active 16) (16 cores per cpu, 2 threads per core) family 23 model 104 stepping 1 microcode 0x8608109, cx8, cmov, fxsr, ht, mmx, 3dnowpref, sse, sse2, sse3, ssse3, sse4a, sse4.1, sse4.2, popcnt, lzcnt, tsc, tscinvbit, avx, avx2, aes, clmul, bmi1, bmi2, adx, sha, fma, vzeroupper, clflush, clflushopt, hv, rdtscp, rdpid, f16c
Processor Information for the first 16 processors :
  Max Mhz: 1801, Current Mhz: 1801, Mhz Limit: 1801

Memory: 4k page, system-wide physical 15693M (1804M free)
TotalPageFile size 24585M (AvailPageFile size 554M)
current process WorkingSet (physical memory assigned to process): 1648M, peak: 1655M
current process commit charge ("private bytes"): 1792M, peak: 1900M

vm_info: OpenJDK 64-Bit Server VM (21.0.10+-14961533-b1163.108) for windows-amd64 JRE (21.0.10+-14961533-b1163.108), built on 2026-03-02T19:58:50Z by "builder" with MS VC++ 16.10 / 16.11 (VS2019)

END.
